2025-11-10T00:11:10.399-05:00  WARN 58055 --- [reservation] [HikariPool-1:housekeeper] com.zaxxer.hikari.pool.HikariPool        : HikariPool-1 - Thread starvation or clock leap detected (housekeeper delta=33m50s230ms).
2025-11-10T00:11:13.258-05:00  WARN 58055 --- [reservation] [HikariPool-1:connection-adder] com.zaxxer.hikari.pool.PoolBase          : HikariPool-1 - Pool is empty, failed to create/setup connection (b14aa8e4-7b8e-4f50-bcac-c09536d67b5d)

org.postgresql.util.PSQLException: Connection to localhost:5432 refused. Check that the hostname and port are correct and that the postmaster is accepting TCP/IP connections.
	at org.postgresql.core.v3.ConnectionFactoryImpl.openConnectionImpl(ConnectionFactoryImpl.java:352) ~[postgresql-42.7.4.jar:42.7.4]
	at org.postgresql.core.ConnectionFactory.openConnection(ConnectionFactory.java:54) ~[postgresql-42.7.4.jar:42.7.4]
	at org.postgresql.jdbc.PgConnection.<init>(PgConnection.java:273) ~[postgresql-42.7.4.jar:42.7.4]
	at org.postgresql.Driver.makeConnection(Driver.java:446) ~[postgresql-42.7.4.jar:42.7.4]
	at org.postgresql.Driver.connect(Driver.java:298) ~[postgresql-42.7.4.jar:42.7.4]
	at com.zaxxer.hikari.util.DriverDataSource.getConnection(DriverDataSource.java:144) ~[HikariCP-6.3.3.jar:na]
	at com.zaxxer.hikari.pool.PoolBase.newConnection(PoolBase.java:370) ~[HikariCP-6.3.3.jar:na]
	at com.zaxxer.hikari.pool.PoolBase.newPoolEntry(PoolBase.java:207) ~[HikariCP-6.3.3.jar:na]
	at com.zaxxer.hikari.pool.HikariPool.createPoolEntry(HikariPool.java:488) ~[HikariCP-6.3.3.jar:na]
	at com.zaxxer.hikari.pool.HikariPool$PoolEntryCreator.call(HikariPool.java:752) ~[HikariCP-6.3.3.jar:na]
	at com.zaxxer.hikari.pool.HikariPool$PoolEntryCreator.call(HikariPool.java:731) ~[HikariCP-6.3.3.jar:na]
	at java.base/java.util.concurrent.FutureTask.run(FutureTask.java:328) ~[na:na]
	at java.base/java.util.concurrent.ThreadPoolExecutor.runWorker(ThreadPoolExecutor.java:1090) ~[na:na]
	at java.base/java.util.concurrent.ThreadPoolExecutor$Worker.run(ThreadPoolExecutor.java:614) ~[na:na]
	at java.base/java.lang.Thread.run(Thread.java:1474) ~[na:na]
Caused by: java.net.ConnectException: Connection refused
	at java.base/sun.nio.ch.Net.pollConnect(Native Method) ~[na:na]
	at java.base/sun.nio.ch.Net.pollConnectNow(Net.java:639) ~[na:na]
	at java.base/sun.nio.ch.NioSocketImpl.timedFinishConnect(NioSocketImpl.java:550) ~[na:na]
	at java.base/sun.nio.ch.NioSocketImpl.connect(NioSocketImpl.java:594) ~[na:na]
	at java.base/java.net.SocksSocketImpl.connect(SocksSocketImpl.java:284) ~[na:na]
	at java.base/java.net.Socket.connect(Socket.java:659) ~[na:na]
	at org.postgresql.core.PGStream.createSocket(PGStream.java:260) ~[postgresql-42.7.4.jar:42.7.4]
	at org.postgresql.core.PGStream.<init>(PGStream.java:121) ~[postgresql-42.7.4.jar:42.7.4]
	at org.postgresql.core.v3.ConnectionFactoryImpl.tryConnect(ConnectionFactoryImpl.java:140) ~[postgresql-42.7.4.jar:42.7.4]
	at org.postgresql.core.v3.ConnectionFactoryImpl.openConnectionImpl(ConnectionFactoryImpl.java:268) ~[postgresql-42.7.4.jar:42.7.4]
	... 14 common frames omitted

2025-11-10T00:12:18.315-05:00  WARN 58055 --- [reservation] [HikariPool-1:connection-adder] com.zaxxer.hikari.pool.PoolBase          : HikariPool-1 - Pool is empty, failed to create/setup connection (952d94da-03bc-4683-909c-7b5647fbe739)

org.postgresql.util.PSQLException: Connection to localhost:5432 refused. Check that the hostname and port are correct and that the postmaster is accepting TCP/IP connections.
	at org.postgresql.core.v3.ConnectionFactoryImpl.openConnectionImpl(ConnectionFactoryImpl.java:352) ~[postgresql-42.7.4.jar:42.7.4]
	at org.postgresql.core.ConnectionFactory.openConnection(ConnectionFactory.java:54) ~[postgresql-42.7.4.jar:42.7.4]
	at org.postgresql.jdbc.PgConnection.<init>(PgConnection.java:273) ~[postgresql-42.7.4.jar:42.7.4]
	at org.postgresql.Driver.makeConnection(Driver.java:446) ~[postgresql-42.7.4.jar:42.7.4]
	at org.postgresql.Driver.connect(Driver.java:298) ~[postgresql-42.7.4.jar:42.7.4]
	at com.zaxxer.hikari.util.DriverDataSource.getConnection(DriverDataSource.java:144) ~[HikariCP-6.3.3.jar:na]
	at com.zaxxer.hikari.pool.PoolBase.newConnection(PoolBase.java:370) ~[HikariCP-6.3.3.jar:na]
	at com.zaxxer.hikari.pool.PoolBase.newPoolEntry(PoolBase.java:207) ~[HikariCP-6.3.3.jar:na]
	at com.zaxxer.hikari.pool.HikariPool.createPoolEntry(HikariPool.java:488) ~[HikariCP-6.3.3.jar:na]
	at com.zaxxer.hikari.pool.HikariPool$PoolEntryCreator.call(HikariPool.java:752) ~[HikariCP-6.3.3.jar:na]
	at com.zaxxer.hikari.pool.HikariPool$PoolEntryCreator.call(HikariPool.java:731) ~[HikariCP-6.3.3.jar:na]
	at java.base/java.util.concurrent.FutureTask.run(FutureTask.java:328) ~[na:na]
	at java.base/java.util.concurrent.ThreadPoolExecutor.runWorker(ThreadPoolExecutor.java:1090) ~[na:na]
	at java.base/java.util.concurrent.ThreadPoolExecutor$Worker.run(ThreadPoolExecutor.java:614) ~[na:na]
	at java.base/java.lang.Thread.run(Thread.java:1474) ~[na:na]
Caused by: java.net.ConnectException: Connection refused
	at java.base/sun.nio.ch.Net.pollConnect(Native Method) ~[na:na]
	at java.base/sun.nio.ch.Net.pollConnectNow(Net.java:639) ~[na:na]
	at java.base/sun.nio.ch.NioSocketImpl.timedFinishConnect(NioSocketImpl.java:550) ~[na:na]
	at java.base/sun.nio.ch.NioSocketImpl.connect(NioSocketImpl.java:594) ~[na:na]
	at java.base/java.net.SocksSocketImpl.connect(SocksSocketImpl.java:284) ~[na:na]
	at java.base/java.net.Socket.connect(Socket.java:659) ~[na:na]
	at org.postgresql.core.PGStream.createSocket(PGStream.java:260) ~[postgresql-42.7.4.jar:42.7.4]
	at org.postgresql.core.PGStream.<init>(PGStream.java:121) ~[postgresql-42.7.4.jar:42.7.4]
	at org.postgresql.core.v3.ConnectionFactoryImpl.tryConnect(ConnectionFactoryImpl.java:140) ~[postgresql-42.7.4.jar:42.7.4]
	at org.postgresql.core.v3.ConnectionFactoryImpl.openConnectionImpl(ConnectionFactoryImpl.java:268) ~[postgresql-42.7.4.jar:42.7.4]
	... 14 common frames omitted

2025-11-10T00:13:23.373-05:00  WARN 58055 --- [reservation] [HikariPool-1:connection-adder] com.zaxxer.hikari.pool.PoolBase          : HikariPool-1 - Pool is empty, failed to create/setup connection (eb05bace-b1ed-41d3-8fdf-5f07e142a91e)

org.postgresql.util.PSQLException: Connection to localhost:5432 refused. Check that the hostname and port are correct and that the postmaster is accepting TCP/IP connections.
	at org.postgresql.core.v3.ConnectionFactoryImpl.openConnectionImpl(ConnectionFactoryImpl.java:352) ~[postgresql-42.7.4.jar:42.7.4]
	at org.postgresql.core.ConnectionFactory.openConnection(ConnectionFactory.java:54) ~[postgresql-42.7.4.jar:42.7.4]
	at org.postgresql.jdbc.PgConnection.<init>(PgConnection.java:273) ~[postgresql-42.7.4.jar:42.7.4]
	at org.postgresql.Driver.makeConnection(Driver.java:446) ~[postgresql-42.7.4.jar:42.7.4]
	at org.postgresql.Driver.connect(Driver.java:298) ~[postgresql-42.7.4.jar:42.7.4]
	at com.zaxxer.hikari.util.DriverDataSource.getConnection(DriverDataSource.java:144) ~[HikariCP-6.3.3.jar:na]
	at com.zaxxer.hikari.pool.PoolBase.newConnection(PoolBase.java:370) ~[HikariCP-6.3.3.jar:na]
	at com.zaxxer.hikari.pool.PoolBase.newPoolEntry(PoolBase.java:207) ~[HikariCP-6.3.3.jar:na]
	at com.zaxxer.hikari.pool.HikariPool.createPoolEntry(HikariPool.java:488) ~[HikariCP-6.3.3.jar:na]
	at com.zaxxer.hikari.pool.HikariPool$PoolEntryCreator.call(HikariPool.java:752) ~[HikariCP-6.3.3.jar:na]
	at com.zaxxer.hikari.pool.HikariPool$PoolEntryCreator.call(HikariPool.java:731) ~[HikariCP-6.3.3.jar:na]
	at java.base/java.util.concurrent.FutureTask.run(FutureTask.java:328) ~[na:na]
	at java.base/java.util.concurrent.ThreadPoolExecutor.runWorker(ThreadPoolExecutor.java:1090) ~[na:na]
	at java.base/java.util.concurrent.ThreadPoolExecutor$Worker.run(ThreadPoolExecutor.java:614) ~[na:na]
	at java.base/java.lang.Thread.run(Thread.java:1474) ~[na:na]
Caused by: java.net.ConnectException: Connection refused
	at java.base/sun.nio.ch.Net.pollConnect(Native Method) ~[na:na]
	at java.base/sun.nio.ch.Net.pollConnectNow(Net.java:639) ~[na:na]
	at java.base/sun.nio.ch.NioSocketImpl.timedFinishConnect(NioSocketImpl.java:550) ~[na:na]
	at java.base/sun.nio.ch.NioSocketImpl.connect(NioSocketImpl.java:594) ~[na:na]
	at java.base/java.net.SocksSocketImpl.connect(SocksSocketImpl.java:284) ~[na:na]
	at java.base/java.net.Socket.connect(Socket.java:659) ~[na:na]
	at org.postgresql.core.PGStream.createSocket(PGStream.java:260) ~[postgresql-42.7.4.jar:42.7.4]
	at org.postgresql.core.PGStream.<init>(PGStream.java:121) ~[postgresql-42.7.4.jar:42.7.4]
	at org.postgresql.core.v3.ConnectionFactoryImpl.tryConnect(ConnectionFactoryImpl.java:140) ~[postgresql-42.7.4.jar:42.7.4]
	at org.postgresql.core.v3.ConnectionFactoryImpl.openConnectionImpl(ConnectionFactoryImpl.java:268) ~[postgresql-42.7.4.jar:42.7.4]
	... 14 common frames omitted

2025-11-10T00:23:10.417-05:00  WARN 58055 --- [reservation] [HikariPool-1:connection-adder] com.zaxxer.hikari.pool.PoolBase          : HikariPool-1 - Pool is empty, failed to create/setup connection (66ce8ff9-870e-480c-853d-04b90651b5ea)

org.postgresql.util.PSQLException: Connection to localhost:5432 refused. Check that the hostname and port are correct and that the postmaster is accepting TCP/IP connections.
	at org.postgresql.core.v3.ConnectionFactoryImpl.openConnectionImpl(ConnectionFactoryImpl.java:352) ~[postgresql-42.7.4.jar:42.7.4]
	at org.postgresql.core.ConnectionFactory.openConnection(ConnectionFactory.java:54) ~[postgresql-42.7.4.jar:42.7.4]
	at org.postgresql.jdbc.PgConnection.<init>(PgConnection.java:273) ~[postgresql-42.7.4.jar:42.7.4]
	at org.postgresql.Driver.makeConnection(Driver.java:446) ~[postgresql-42.7.4.jar:42.7.4]
	at org.postgresql.Driver.connect(Driver.java:298) ~[postgresql-42.7.4.jar:42.7.4]
	at com.zaxxer.hikari.util.DriverDataSource.getConnection(DriverDataSource.java:144) ~[HikariCP-6.3.3.jar:na]
	at com.zaxxer.hikari.pool.PoolBase.newConnection(PoolBase.java:370) ~[HikariCP-6.3.3.jar:na]
	at com.zaxxer.hikari.pool.PoolBase.newPoolEntry(PoolBase.java:207) ~[HikariCP-6.3.3.jar:na]
	at com.zaxxer.hikari.pool.HikariPool.createPoolEntry(HikariPool.java:488) ~[HikariCP-6.3.3.jar:na]
	at com.zaxxer.hikari.pool.HikariPool$PoolEntryCreator.call(HikariPool.java:752) ~[HikariCP-6.3.3.jar:na]
	at com.zaxxer.hikari.pool.HikariPool$PoolEntryCreator.call(HikariPool.java:731) ~[HikariCP-6.3.3.jar:na]
	at java.base/java.util.concurrent.FutureTask.run(FutureTask.java:328) ~[na:na]
	at java.base/java.util.concurrent.ThreadPoolExecutor.runWorker(ThreadPoolExecutor.java:1090) ~[na:na]
	at java.base/java.util.concurrent.ThreadPoolExecutor$Worker.run(ThreadPoolExecutor.java:614) ~[na:na]
	at java.base/java.lang.Thread.run(Thread.java:1474) ~[na:na]
Caused by: java.net.ConnectException: Connection refused
	at java.base/sun.nio.ch.Net.pollConnect(Native Method) ~[na:na]
	at java.base/sun.nio.ch.Net.pollConnectNow(Net.java:639) ~[na:na]
	at java.base/sun.nio.ch.NioSocketImpl.timedFinishConnect(NioSocketImpl.java:550) ~[na:na]
	at java.base/sun.nio.ch.NioSocketImpl.connect(NioSocketImpl.java:594) ~[na:na]
	at java.base/java.net.SocksSocketImpl.connect(SocksSocketImpl.java:284) ~[na:na]
	at java.base/java.net.Socket.connect(Socket.java:659) ~[na:na]
	at org.postgresql.core.PGStream.createSocket(PGStream.java:260) ~[postgresql-42.7.4.jar:42.7.4]
	at org.postgresql.core.PGStream.<init>(PGStream.java:121) ~[postgresql-42.7.4.jar:42.7.4]
	at org.postgresql.core.v3.ConnectionFactoryImpl.tryConnect(ConnectionFactoryImpl.java:140) ~[postgresql-42.7.4.jar:42.7.4]
	at org.postgresql.core.v3.ConnectionFactoryImpl.openConnectionImpl(ConnectionFactoryImpl.java:268) ~[postgresql-42.7.4.jar:42.7.4]
	... 14 common frames omitted

2025-11-10T00:23:17.428-05:00  WARN 58055 --- [reservation] [HikariPool-1:housekeeper] com.zaxxer.hikari.pool.HikariPool        : HikariPool-1 - Thread starvation or clock leap detected (housekeeper delta=10m7s28ms).
2025-11-10T00:30:15.836-05:00  WARN 58055 --- [reservation] [HikariPool-1:connection-adder] com.zaxxer.hikari.pool.PoolBase          : HikariPool-1 - Pool is empty, failed to create/setup connection (c0941b1f-2c7f-473c-962b-00b04ca46282)

org.postgresql.util.PSQLException: Connection to localhost:5432 refused. Check that the hostname and port are correct and that the postmaster is accepting TCP/IP connections.
	at org.postgresql.core.v3.ConnectionFactoryImpl.openConnectionImpl(ConnectionFactoryImpl.java:352) ~[postgresql-42.7.4.jar:42.7.4]
	at org.postgresql.core.ConnectionFactory.openConnection(ConnectionFactory.java:54) ~[postgresql-42.7.4.jar:42.7.4]
	at org.postgresql.jdbc.PgConnection.<init>(PgConnection.java:273) ~[postgresql-42.7.4.jar:42.7.4]
	at org.postgresql.Driver.makeConnection(Driver.java:446) ~[postgresql-42.7.4.jar:42.7.4]
	at org.postgresql.Driver.connect(Driver.java:298) ~[postgresql-42.7.4.jar:42.7.4]
	at com.zaxxer.hikari.util.DriverDataSource.getConnection(DriverDataSource.java:144) ~[HikariCP-6.3.3.jar:na]
	at com.zaxxer.hikari.pool.PoolBase.newConnection(PoolBase.java:370) ~[HikariCP-6.3.3.jar:na]
	at com.zaxxer.hikari.pool.PoolBase.newPoolEntry(PoolBase.java:207) ~[HikariCP-6.3.3.jar:na]
	at com.zaxxer.hikari.pool.HikariPool.createPoolEntry(HikariPool.java:488) ~[HikariCP-6.3.3.jar:na]
	at com.zaxxer.hikari.pool.HikariPool$PoolEntryCreator.call(HikariPool.java:752) ~[HikariCP-6.3.3.jar:na]
	at com.zaxxer.hikari.pool.HikariPool$PoolEntryCreator.call(HikariPool.java:731) ~[HikariCP-6.3.3.jar:na]
	at java.base/java.util.concurrent.FutureTask.run(FutureTask.java:328) ~[na:na]
	at java.base/java.util.concurrent.ThreadPoolExecutor.runWorker(ThreadPoolExecutor.java:1090) ~[na:na]
	at java.base/java.util.concurrent.ThreadPoolExecutor$Worker.run(ThreadPoolExecutor.java:614) ~[na:na]
	at java.base/java.lang.Thread.run(Thread.java:1474) ~[na:na]
Caused by: java.net.ConnectException: Connection refused
	at java.base/sun.nio.ch.Net.pollConnect(Native Method) ~[na:na]
	at java.base/sun.nio.ch.Net.pollConnectNow(Net.java:639) ~[na:na]
	at java.base/sun.nio.ch.NioSocketImpl.timedFinishConnect(NioSocketImpl.java:550) ~[na:na]
	at java.base/sun.nio.ch.NioSocketImpl.connect(NioSocketImpl.java:594) ~[na:na]
	at java.base/java.net.SocksSocketImpl.connect(SocksSocketImpl.java:284) ~[na:na]
	at java.base/java.net.Socket.connect(Socket.java:659) ~[na:na]
	at org.postgresql.core.PGStream.createSocket(PGStream.java:260) ~[postgresql-42.7.4.jar:42.7.4]
	at org.postgresql.core.PGStream.<init>(PGStream.java:121) ~[postgresql-42.7.4.jar:42.7.4]
	at org.postgresql.core.v3.ConnectionFactoryImpl.tryConnect(ConnectionFactoryImpl.java:140) ~[postgresql-42.7.4.jar:42.7.4]
	at org.postgresql.core.v3.ConnectionFactoryImpl.openConnectionImpl(ConnectionFactoryImpl.java:268) ~[postgresql-42.7.4.jar:42.7.4]
	... 14 common frames omitted

2025-11-10T00:30:17.772-05:00  WARN 58055 --- [reservation] [HikariPool-1:housekeeper] com.zaxxer.hikari.pool.HikariPool        : HikariPool-1 - Thread starvation or clock leap detected (housekeeper delta=6m30s344ms).
2025-11-10T00:31:20.887-05:00  WARN 58055 --- [reservation] [HikariPool-1:connection-adder] com.zaxxer.hikari.pool.PoolBase          : HikariPool-1 - Pool is empty, failed to create/setup connection (6f782e0a-1746-4181-aaa4-132c9e126b49)

org.postgresql.util.PSQLException: Connection to localhost:5432 refused. Check that the hostname and port are correct and that the postmaster is accepting TCP/IP connections.
	at org.postgresql.core.v3.ConnectionFactoryImpl.openConnectionImpl(ConnectionFactoryImpl.java:352) ~[postgresql-42.7.4.jar:42.7.4]
	at org.postgresql.core.ConnectionFactory.openConnection(ConnectionFactory.java:54) ~[postgresql-42.7.4.jar:42.7.4]
	at org.postgresql.jdbc.PgConnection.<init>(PgConnection.java:273) ~[postgresql-42.7.4.jar:42.7.4]
	at org.postgresql.Driver.makeConnection(Driver.java:446) ~[postgresql-42.7.4.jar:42.7.4]
	at org.postgresql.Driver.connect(Driver.java:298) ~[postgresql-42.7.4.jar:42.7.4]
	at com.zaxxer.hikari.util.DriverDataSource.getConnection(DriverDataSource.java:144) ~[HikariCP-6.3.3.jar:na]
	at com.zaxxer.hikari.pool.PoolBase.newConnection(PoolBase.java:370) ~[HikariCP-6.3.3.jar:na]
	at com.zaxxer.hikari.pool.PoolBase.newPoolEntry(PoolBase.java:207) ~[HikariCP-6.3.3.jar:na]
	at com.zaxxer.hikari.pool.HikariPool.createPoolEntry(HikariPool.java:488) ~[HikariCP-6.3.3.jar:na]
	at com.zaxxer.hikari.pool.HikariPool$PoolEntryCreator.call(HikariPool.java:752) ~[HikariCP-6.3.3.jar:na]
	at com.zaxxer.hikari.pool.HikariPool$PoolEntryCreator.call(HikariPool.java:731) ~[HikariCP-6.3.3.jar:na]
	at java.base/java.util.concurrent.FutureTask.run(FutureTask.java:328) ~[na:na]
	at java.base/java.util.concurrent.ThreadPoolExecutor.runWorker(ThreadPoolExecutor.java:1090) ~[na:na]
	at java.base/java.util.concurrent.ThreadPoolExecutor$Worker.run(ThreadPoolExecutor.java:614) ~[na:na]
	at java.base/java.lang.Thread.run(Thread.java:1474) ~[na:na]
Caused by: java.net.ConnectException: Connection refused
	at java.base/sun.nio.ch.Net.pollConnect(Native Method) ~[na:na]
	at java.base/sun.nio.ch.Net.pollConnectNow(Net.java:639) ~[na:na]
	at java.base/sun.nio.ch.NioSocketImpl.timedFinishConnect(NioSocketImpl.java:550) ~[na:na]
	at java.base/sun.nio.ch.NioSocketImpl.connect(NioSocketImpl.java:594) ~[na:na]
	at java.base/java.net.SocksSocketImpl.connect(SocksSocketImpl.java:284) ~[na:na]
	at java.base/java.net.Socket.connect(Socket.java:659) ~[na:na]
	at org.postgresql.core.PGStream.createSocket(PGStream.java:260) ~[postgresql-42.7.4.jar:42.7.4]
	at org.postgresql.core.PGStream.<init>(PGStream.java:121) ~[postgresql-42.7.4.jar:42.7.4]
	at org.postgresql.core.v3.ConnectionFactoryImpl.tryConnect(ConnectionFactoryImpl.java:140) ~[postgresql-42.7.4.jar:42.7.4]
	at org.postgresql.core.v3.ConnectionFactoryImpl.openConnectionImpl(ConnectionFactoryImpl.java:268) ~[postgresql-42.7.4.jar:42.7.4]
	... 14 common frames omitted

2025-11-10T00:32:25.948-05:00  WARN 58055 --- [reservation] [HikariPool-1:connection-adder] com.zaxxer.hikari.pool.PoolBase          : HikariPool-1 - Pool is empty, failed to create/setup connection (0459b150-fcec-416c-8b74-168b25ce9042)

org.postgresql.util.PSQLException: Connection to localhost:5432 refused. Check that the hostname and port are correct and that the postmaster is accepting TCP/IP connections.
	at org.postgresql.core.v3.ConnectionFactoryImpl.openConnectionImpl(ConnectionFactoryImpl.java:352) ~[postgresql-42.7.4.jar:42.7.4]
	at org.postgresql.core.ConnectionFactory.openConnection(ConnectionFactory.java:54) ~[postgresql-42.7.4.jar:42.7.4]
	at org.postgresql.jdbc.PgConnection.<init>(PgConnection.java:273) ~[postgresql-42.7.4.jar:42.7.4]
	at org.postgresql.Driver.makeConnection(Driver.java:446) ~[postgresql-42.7.4.jar:42.7.4]
	at org.postgresql.Driver.connect(Driver.java:298) ~[postgresql-42.7.4.jar:42.7.4]
	at com.zaxxer.hikari.util.DriverDataSource.getConnection(DriverDataSource.java:144) ~[HikariCP-6.3.3.jar:na]
	at com.zaxxer.hikari.pool.PoolBase.newConnection(PoolBase.java:370) ~[HikariCP-6.3.3.jar:na]
	at com.zaxxer.hikari.pool.PoolBase.newPoolEntry(PoolBase.java:207) ~[HikariCP-6.3.3.jar:na]
	at com.zaxxer.hikari.pool.HikariPool.createPoolEntry(HikariPool.java:488) ~[HikariCP-6.3.3.jar:na]
	at com.zaxxer.hikari.pool.HikariPool$PoolEntryCreator.call(HikariPool.java:752) ~[HikariCP-6.3.3.jar:na]
	at com.zaxxer.hikari.pool.HikariPool$PoolEntryCreator.call(HikariPool.java:731) ~[HikariCP-6.3.3.jar:na]
	at java.base/java.util.concurrent.FutureTask.run(FutureTask.java:328) ~[na:na]
	at java.base/java.util.concurrent.ThreadPoolExecutor.runWorker(ThreadPoolExecutor.java:1090) ~[na:na]
	at java.base/java.util.concurrent.ThreadPoolExecutor$Worker.run(ThreadPoolExecutor.java:614) ~[na:na]
	at java.base/java.lang.Thread.run(Thread.java:1474) ~[na:na]
Caused by: java.net.ConnectException: Connection refused
	at java.base/sun.nio.ch.Net.pollConnect(Native Method) ~[na:na]
	at java.base/sun.nio.ch.Net.pollConnectNow(Net.java:639) ~[na:na]
	at java.base/sun.nio.ch.NioSocketImpl.timedFinishConnect(NioSocketImpl.java:550) ~[na:na]
	at java.base/sun.nio.ch.NioSocketImpl.connect(NioSocketImpl.java:594) ~[na:na]
	at java.base/java.net.SocksSocketImpl.connect(SocksSocketImpl.java:284) ~[na:na]
	at java.base/java.net.Socket.connect(Socket.java:659) ~[na:na]
	at org.postgresql.core.PGStream.createSocket(PGStream.java:260) ~[postgresql-42.7.4.jar:42.7.4]
	at org.postgresql.core.PGStream.<init>(PGStream.java:121) ~[postgresql-42.7.4.jar:42.7.4]
	at org.postgresql.core.v3.ConnectionFactoryImpl.tryConnect(ConnectionFactoryImpl.java:140) ~[postgresql-42.7.4.jar:42.7.4]
	at org.postgresql.core.v3.ConnectionFactoryImpl.openConnectionImpl(ConnectionFactoryImpl.java:268) ~[postgresql-42.7.4.jar:42.7.4]
	... 14 common frames omitted

2025-11-10T00:33:31.005-05:00  WARN 58055 --- [reservation] [HikariPool-1:connection-adder] com.zaxxer.hikari.pool.PoolBase          : HikariPool-1 - Pool is empty, failed to create/setup connection (a03e253b-ea44-4bb9-9263-9bb6b7e941a7)

org.postgresql.util.PSQLException: Connection to localhost:5432 refused. Check that the hostname and port are correct and that the postmaster is accepting TCP/IP connections.
	at org.postgresql.core.v3.ConnectionFactoryImpl.openConnectionImpl(ConnectionFactoryImpl.java:352) ~[postgresql-42.7.4.jar:42.7.4]
	at org.postgresql.core.ConnectionFactory.openConnection(ConnectionFactory.java:54) ~[postgresql-42.7.4.jar:42.7.4]
	at org.postgresql.jdbc.PgConnection.<init>(PgConnection.java:273) ~[postgresql-42.7.4.jar:42.7.4]
	at org.postgresql.Driver.makeConnection(Driver.java:446) ~[postgresql-42.7.4.jar:42.7.4]
	at org.postgresql.Driver.connect(Driver.java:298) ~[postgresql-42.7.4.jar:42.7.4]
	at com.zaxxer.hikari.util.DriverDataSource.getConnection(DriverDataSource.java:144) ~[HikariCP-6.3.3.jar:na]
	at com.zaxxer.hikari.pool.PoolBase.newConnection(PoolBase.java:370) ~[HikariCP-6.3.3.jar:na]
	at com.zaxxer.hikari.pool.PoolBase.newPoolEntry(PoolBase.java:207) ~[HikariCP-6.3.3.jar:na]
	at com.zaxxer.hikari.pool.HikariPool.createPoolEntry(HikariPool.java:488) ~[HikariCP-6.3.3.jar:na]
	at com.zaxxer.hikari.pool.HikariPool$PoolEntryCreator.call(HikariPool.java:752) ~[HikariCP-6.3.3.jar:na]
	at com.zaxxer.hikari.pool.HikariPool$PoolEntryCreator.call(HikariPool.java:731) ~[HikariCP-6.3.3.jar:na]
	at java.base/java.util.concurrent.FutureTask.run(FutureTask.java:328) ~[na:na]
	at java.base/java.util.concurrent.ThreadPoolExecutor.runWorker(ThreadPoolExecutor.java:1090) ~[na:na]
	at java.base/java.util.concurrent.ThreadPoolExecutor$Worker.run(ThreadPoolExecutor.java:614) ~[na:na]
	at java.base/java.lang.Thread.run(Thread.java:1474) ~[na:na]
Caused by: java.net.ConnectException: Connection refused
	at java.base/sun.nio.ch.Net.pollConnect(Native Method) ~[na:na]
	at java.base/sun.nio.ch.Net.pollConnectNow(Net.java:639) ~[na:na]
	at java.base/sun.nio.ch.NioSocketImpl.timedFinishConnect(NioSocketImpl.java:550) ~[na:na]
	at java.base/sun.nio.ch.NioSocketImpl.connect(NioSocketImpl.java:594) ~[na:na]
	at java.base/java.net.SocksSocketImpl.connect(SocksSocketImpl.java:284) ~[na:na]
	at java.base/java.net.Socket.connect(Socket.java:659) ~[na:na]
	at org.postgresql.core.PGStream.createSocket(PGStream.java:260) ~[postgresql-42.7.4.jar:42.7.4]
	at org.postgresql.core.PGStream.<init>(PGStream.java:121) ~[postgresql-42.7.4.jar:42.7.4]
	at org.postgresql.core.v3.ConnectionFactoryImpl.tryConnect(ConnectionFactoryImpl.java:140) ~[postgresql-42.7.4.jar:42.7.4]
	at org.postgresql.core.v3.ConnectionFactoryImpl.openConnectionImpl(ConnectionFactoryImpl.java:268) ~[postgresql-42.7.4.jar:42.7.4]
	... 14 common frames omitted

2025-11-10T00:41:30.009-05:00  WARN 58055 --- [reservation] [HikariPool-1:connection-adder] com.zaxxer.hikari.pool.PoolBase          : HikariPool-1 - Pool is empty, failed to create/setup connection (2c548515-358c-4b9c-9beb-4abb995dae3b)

org.postgresql.util.PSQLException: Connection to localhost:5432 refused. Check that the hostname and port are correct and that the postmaster is accepting TCP/IP connections.
	at org.postgresql.core.v3.ConnectionFactoryImpl.openConnectionImpl(ConnectionFactoryImpl.java:352) ~[postgresql-42.7.4.jar:42.7.4]
	at org.postgresql.core.ConnectionFactory.openConnection(ConnectionFactory.java:54) ~[postgresql-42.7.4.jar:42.7.4]
	at org.postgresql.jdbc.PgConnection.<init>(PgConnection.java:273) ~[postgresql-42.7.4.jar:42.7.4]
	at org.postgresql.Driver.makeConnection(Driver.java:446) ~[postgresql-42.7.4.jar:42.7.4]
	at org.postgresql.Driver.connect(Driver.java:298) ~[postgresql-42.7.4.jar:42.7.4]
	at com.zaxxer.hikari.util.DriverDataSource.getConnection(DriverDataSource.java:144) ~[HikariCP-6.3.3.jar:na]
	at com.zaxxer.hikari.pool.PoolBase.newConnection(PoolBase.java:370) ~[HikariCP-6.3.3.jar:na]
	at com.zaxxer.hikari.pool.PoolBase.newPoolEntry(PoolBase.java:207) ~[HikariCP-6.3.3.jar:na]
	at com.zaxxer.hikari.pool.HikariPool.createPoolEntry(HikariPool.java:488) ~[HikariCP-6.3.3.jar:na]
	at com.zaxxer.hikari.pool.HikariPool$PoolEntryCreator.call(HikariPool.java:752) ~[HikariCP-6.3.3.jar:na]
	at com.zaxxer.hikari.pool.HikariPool$PoolEntryCreator.call(HikariPool.java:731) ~[HikariCP-6.3.3.jar:na]
	at java.base/java.util.concurrent.FutureTask.run(FutureTask.java:328) ~[na:na]
	at java.base/java.util.concurrent.ThreadPoolExecutor.runWorker(ThreadPoolExecutor.java:1090) ~[na:na]
	at java.base/java.util.concurrent.ThreadPoolExecutor$Worker.run(ThreadPoolExecutor.java:614) ~[na:na]
	at java.base/java.lang.Thread.run(Thread.java:1474) ~[na:na]
Caused by: java.net.ConnectException: Connection refused
	at java.base/sun.nio.ch.Net.pollConnect(Native Method) ~[na:na]
	at java.base/sun.nio.ch.Net.pollConnectNow(Net.java:639) ~[na:na]
	at java.base/sun.nio.ch.NioSocketImpl.timedFinishConnect(NioSocketImpl.java:550) ~[na:na]
	at java.base/sun.nio.ch.NioSocketImpl.connect(NioSocketImpl.java:594) ~[na:na]
	at java.base/java.net.SocksSocketImpl.connect(SocksSocketImpl.java:284) ~[na:na]
	at java.base/java.net.Socket.connect(Socket.java:659) ~[na:na]
	at org.postgresql.core.PGStream.createSocket(PGStream.java:260) ~[postgresql-42.7.4.jar:42.7.4]
	at org.postgresql.core.PGStream.<init>(PGStream.java:121) ~[postgresql-42.7.4.jar:42.7.4]
	at org.postgresql.core.v3.ConnectionFactoryImpl.tryConnect(ConnectionFactoryImpl.java:140) ~[postgresql-42.7.4.jar:42.7.4]
	at org.postgresql.core.v3.ConnectionFactoryImpl.openConnectionImpl(ConnectionFactoryImpl.java:268) ~[postgresql-42.7.4.jar:42.7.4]
	... 14 common frames omitted

2025-11-10T00:41:36.734-05:00  WARN 58055 --- [reservation] [HikariPool-1:housekeeper] com.zaxxer.hikari.pool.HikariPool        : HikariPool-1 - Thread starvation or clock leap detected (housekeeper delta=7m48s960ms).
2025-11-10T00:46:54.308-05:00  WARN 58055 --- [reservation] [HikariPool-1:connection-adder] com.zaxxer.hikari.pool.PoolBase          : HikariPool-1 - Pool is empty, failed to create/setup connection (cc8b0967-617b-4742-a7d3-ac7c387ac62b)

org.postgresql.util.PSQLException: Connection to localhost:5432 refused. Check that the hostname and port are correct and that the postmaster is accepting TCP/IP connections.
	at org.postgresql.core.v3.ConnectionFactoryImpl.openConnectionImpl(ConnectionFactoryImpl.java:352) ~[postgresql-42.7.4.jar:42.7.4]
	at org.postgresql.core.ConnectionFactory.openConnection(ConnectionFactory.java:54) ~[postgresql-42.7.4.jar:42.7.4]
	at org.postgresql.jdbc.PgConnection.<init>(PgConnection.java:273) ~[postgresql-42.7.4.jar:42.7.4]
	at org.postgresql.Driver.makeConnection(Driver.java:446) ~[postgresql-42.7.4.jar:42.7.4]
	at org.postgresql.Driver.connect(Driver.java:298) ~[postgresql-42.7.4.jar:42.7.4]
	at com.zaxxer.hikari.util.DriverDataSource.getConnection(DriverDataSource.java:144) ~[HikariCP-6.3.3.jar:na]
	at com.zaxxer.hikari.pool.PoolBase.newConnection(PoolBase.java:370) ~[HikariCP-6.3.3.jar:na]
	at com.zaxxer.hikari.pool.PoolBase.newPoolEntry(PoolBase.java:207) ~[HikariCP-6.3.3.jar:na]
	at com.zaxxer.hikari.pool.HikariPool.createPoolEntry(HikariPool.java:488) ~[HikariCP-6.3.3.jar:na]
	at com.zaxxer.hikari.pool.HikariPool$PoolEntryCreator.call(HikariPool.java:752) ~[HikariCP-6.3.3.jar:na]
	at com.zaxxer.hikari.pool.HikariPool$PoolEntryCreator.call(HikariPool.java:731) ~[HikariCP-6.3.3.jar:na]
	at java.base/java.util.concurrent.FutureTask.run(FutureTask.java:328) ~[na:na]
	at java.base/java.util.concurrent.ThreadPoolExecutor.runWorker(ThreadPoolExecutor.java:1090) ~[na:na]
	at java.base/java.util.concurrent.ThreadPoolExecutor$Worker.run(ThreadPoolExecutor.java:614) ~[na:na]
	at java.base/java.lang.Thread.run(Thread.java:1474) ~[na:na]
Caused by: java.net.ConnectException: Connection refused
	at java.base/sun.nio.ch.Net.pollConnect(Native Method) ~[na:na]
	at java.base/sun.nio.ch.Net.pollConnectNow(Net.java:639) ~[na:na]
	at java.base/sun.nio.ch.NioSocketImpl.timedFinishConnect(NioSocketImpl.java:543) ~[na:na]
	at java.base/sun.nio.ch.NioSocketImpl.connect(NioSocketImpl.java:594) ~[na:na]
	at java.base/java.net.SocksSocketImpl.connect(SocksSocketImpl.java:284) ~[na:na]
	at java.base/java.net.Socket.connect(Socket.java:659) ~[na:na]
	at org.postgresql.core.PGStream.createSocket(PGStream.java:260) ~[postgresql-42.7.4.jar:42.7.4]
	at org.postgresql.core.PGStream.<init>(PGStream.java:121) ~[postgresql-42.7.4.jar:42.7.4]
	at org.postgresql.core.v3.ConnectionFactoryImpl.tryConnect(ConnectionFactoryImpl.java:140) ~[postgresql-42.7.4.jar:42.7.4]
	at org.postgresql.core.v3.ConnectionFactoryImpl.openConnectionImpl(ConnectionFactoryImpl.java:268) ~[postgresql-42.7.4.jar:42.7.4]
	... 14 common frames omitted

2025-11-10T00:54:16.119-05:00  WARN 58055 --- [reservation] [HikariPool-1:connection-adder] com.zaxxer.hikari.pool.PoolBase          : HikariPool-1 - Pool is empty, failed to create/setup connection (53cbbd5e-2ef1-4d31-9939-d33a843edfad)

org.postgresql.util.PSQLException: Connection to localhost:5432 refused. Check that the hostname and port are correct and that the postmaster is accepting TCP/IP connections.
	at org.postgresql.core.v3.ConnectionFactoryImpl.openConnectionImpl(ConnectionFactoryImpl.java:352) ~[postgresql-42.7.4.jar:42.7.4]
	at org.postgresql.core.ConnectionFactory.openConnection(ConnectionFactory.java:54) ~[postgresql-42.7.4.jar:42.7.4]
	at org.postgresql.jdbc.PgConnection.<init>(PgConnection.java:273) ~[postgresql-42.7.4.jar:42.7.4]
	at org.postgresql.Driver.makeConnection(Driver.java:446) ~[postgresql-42.7.4.jar:42.7.4]
	at org.postgresql.Driver.connect(Driver.java:298) ~[postgresql-42.7.4.jar:42.7.4]
	at com.zaxxer.hikari.util.DriverDataSource.getConnection(DriverDataSource.java:144) ~[HikariCP-6.3.3.jar:na]
	at com.zaxxer.hikari.pool.PoolBase.newConnection(PoolBase.java:370) ~[HikariCP-6.3.3.jar:na]
	at com.zaxxer.hikari.pool.PoolBase.newPoolEntry(PoolBase.java:207) ~[HikariCP-6.3.3.jar:na]
	at com.zaxxer.hikari.pool.HikariPool.createPoolEntry(HikariPool.java:488) ~[HikariCP-6.3.3.jar:na]
	at com.zaxxer.hikari.pool.HikariPool$PoolEntryCreator.call(HikariPool.java:752) ~[HikariCP-6.3.3.jar:na]
	at com.zaxxer.hikari.pool.HikariPool$PoolEntryCreator.call(HikariPool.java:731) ~[HikariCP-6.3.3.jar:na]
	at java.base/java.util.concurrent.FutureTask.run(FutureTask.java:328) ~[na:na]
	at java.base/java.util.concurrent.ThreadPoolExecutor.runWorker(ThreadPoolExecutor.java:1090) ~[na:na]
	at java.base/java.util.concurrent.ThreadPoolExecutor$Worker.run(ThreadPoolExecutor.java:614) ~[na:na]
	at java.base/java.lang.Thread.run(Thread.java:1474) ~[na:na]
Caused by: java.net.ConnectException: Connection refused
	at java.base/sun.nio.ch.Net.pollConnect(Native Method) ~[na:na]
	at java.base/sun.nio.ch.Net.pollConnectNow(Net.java:639) ~[na:na]
	at java.base/sun.nio.ch.NioSocketImpl.timedFinishConnect(NioSocketImpl.java:543) ~[na:na]
	at java.base/sun.nio.ch.NioSocketImpl.connect(NioSocketImpl.java:594) ~[na:na]
	at java.base/java.net.SocksSocketImpl.connect(SocksSocketImpl.java:284) ~[na:na]
	at java.base/java.net.Socket.connect(Socket.java:659) ~[na:na]
	at org.postgresql.core.PGStream.createSocket(PGStream.java:260) ~[postgresql-42.7.4.jar:42.7.4]
	at org.postgresql.core.PGStream.<init>(PGStream.java:121) ~[postgresql-42.7.4.jar:42.7.4]
	at org.postgresql.core.v3.ConnectionFactoryImpl.tryConnect(ConnectionFactoryImpl.java:140) ~[postgresql-42.7.4.jar:42.7.4]
	at org.postgresql.core.v3.ConnectionFactoryImpl.openConnectionImpl(ConnectionFactoryImpl.java:268) ~[postgresql-42.7.4.jar:42.7.4]
	... 14 common frames omitted

2025-11-10T00:54:41.579-05:00  WARN 58055 --- [reservation] [HikariPool-1:housekeeper] com.zaxxer.hikari.pool.HikariPool        : HikariPool-1 - Thread starvation or clock leap detected (housekeeper delta=13m4s845ms).
2025-11-10T01:36:23.490-05:00  WARN 58055 --- [reservation] [HikariPool-1:connection-adder] com.zaxxer.hikari.pool.PoolBase          : HikariPool-1 - Pool is empty, failed to create/setup connection (d88e3ff2-2738-452d-a333-08a8cbba2b0b)

org.postgresql.util.PSQLException: Connection to localhost:5432 refused. Check that the hostname and port are correct and that the postmaster is accepting TCP/IP connections.
	at org.postgresql.core.v3.ConnectionFactoryImpl.openConnectionImpl(ConnectionFactoryImpl.java:352) ~[postgresql-42.7.4.jar:42.7.4]
	at org.postgresql.core.ConnectionFactory.openConnection(ConnectionFactory.java:54) ~[postgresql-42.7.4.jar:42.7.4]
	at org.postgresql.jdbc.PgConnection.<init>(PgConnection.java:273) ~[postgresql-42.7.4.jar:42.7.4]
	at org.postgresql.Driver.makeConnection(Driver.java:446) ~[postgresql-42.7.4.jar:42.7.4]
	at org.postgresql.Driver.connect(Driver.java:298) ~[postgresql-42.7.4.jar:42.7.4]
	at com.zaxxer.hikari.util.DriverDataSource.getConnection(DriverDataSource.java:144) ~[HikariCP-6.3.3.jar:na]
	at com.zaxxer.hikari.pool.PoolBase.newConnection(PoolBase.java:370) ~[HikariCP-6.3.3.jar:na]
	at com.zaxxer.hikari.pool.PoolBase.newPoolEntry(PoolBase.java:207) ~[HikariCP-6.3.3.jar:na]
	at com.zaxxer.hikari.pool.HikariPool.createPoolEntry(HikariPool.java:488) ~[HikariCP-6.3.3.jar:na]
	at com.zaxxer.hikari.pool.HikariPool$PoolEntryCreator.call(HikariPool.java:752) ~[HikariCP-6.3.3.jar:na]
	at com.zaxxer.hikari.pool.HikariPool$PoolEntryCreator.call(HikariPool.java:731) ~[HikariCP-6.3.3.jar:na]
	at java.base/java.util.concurrent.FutureTask.run(FutureTask.java:328) ~[na:na]
	at java.base/java.util.concurrent.ThreadPoolExecutor.runWorker(ThreadPoolExecutor.java:1090) ~[na:na]
	at java.base/java.util.concurrent.ThreadPoolExecutor$Worker.run(ThreadPoolExecutor.java:614) ~[na:na]
	at java.base/java.lang.Thread.run(Thread.java:1474) ~[na:na]
Caused by: java.net.ConnectException: Connection refused
	at java.base/sun.nio.ch.Net.pollConnect(Native Method) ~[na:na]
	at java.base/sun.nio.ch.Net.pollConnectNow(Net.java:639) ~[na:na]
	at java.base/sun.nio.ch.NioSocketImpl.timedFinishConnect(NioSocketImpl.java:550) ~[na:na]
	at java.base/sun.nio.ch.NioSocketImpl.connect(NioSocketImpl.java:594) ~[na:na]
	at java.base/java.net.SocksSocketImpl.connect(SocksSocketImpl.java:284) ~[na:na]
	at java.base/java.net.Socket.connect(Socket.java:659) ~[na:na]
	at org.postgresql.core.PGStream.createSocket(PGStream.java:260) ~[postgresql-42.7.4.jar:42.7.4]
	at org.postgresql.core.PGStream.<init>(PGStream.java:121) ~[postgresql-42.7.4.jar:42.7.4]
	at org.postgresql.core.v3.ConnectionFactoryImpl.tryConnect(ConnectionFactoryImpl.java:140) ~[postgresql-42.7.4.jar:42.7.4]
	at org.postgresql.core.v3.ConnectionFactoryImpl.openConnectionImpl(ConnectionFactoryImpl.java:268) ~[postgresql-42.7.4.jar:42.7.4]
	... 14 common frames omitted

2025-11-10T02:42:36.151-05:00  WARN 58055 --- [reservation] [HikariPool-1:connection-adder] com.zaxxer.hikari.pool.PoolBase          : HikariPool-1 - Pool is empty, failed to create/setup connection (f4d7be88-a5c2-468b-af81-7feb6029f3cf)

org.postgresql.util.PSQLException: Connection to localhost:5432 refused. Check that the hostname and port are correct and that the postmaster is accepting TCP/IP connections.
	at org.postgresql.core.v3.ConnectionFactoryImpl.openConnectionImpl(ConnectionFactoryImpl.java:352) ~[postgresql-42.7.4.jar:42.7.4]
	at org.postgresql.core.ConnectionFactory.openConnection(ConnectionFactory.java:54) ~[postgresql-42.7.4.jar:42.7.4]
	at org.postgresql.jdbc.PgConnection.<init>(PgConnection.java:273) ~[postgresql-42.7.4.jar:42.7.4]
	at org.postgresql.Driver.makeConnection(Driver.java:446) ~[postgresql-42.7.4.jar:42.7.4]
	at org.postgresql.Driver.connect(Driver.java:298) ~[postgresql-42.7.4.jar:42.7.4]
	at com.zaxxer.hikari.util.DriverDataSource.getConnection(DriverDataSource.java:144) ~[HikariCP-6.3.3.jar:na]
	at com.zaxxer.hikari.pool.PoolBase.newConnection(PoolBase.java:370) ~[HikariCP-6.3.3.jar:na]
	at com.zaxxer.hikari.pool.PoolBase.newPoolEntry(PoolBase.java:207) ~[HikariCP-6.3.3.jar:na]
	at com.zaxxer.hikari.pool.HikariPool.createPoolEntry(HikariPool.java:488) ~[HikariCP-6.3.3.jar:na]
	at com.zaxxer.hikari.pool.HikariPool$PoolEntryCreator.call(HikariPool.java:752) ~[HikariCP-6.3.3.jar:na]
	at com.zaxxer.hikari.pool.HikariPool$PoolEntryCreator.call(HikariPool.java:731) ~[HikariCP-6.3.3.jar:na]
	at java.base/java.util.concurrent.FutureTask.run(FutureTask.java:328) ~[na:na]
	at java.base/java.util.concurrent.ThreadPoolExecutor.runWorker(ThreadPoolExecutor.java:1090) ~[na:na]
	at java.base/java.util.concurrent.ThreadPoolExecutor$Worker.run(ThreadPoolExecutor.java:614) ~[na:na]
	at java.base/java.lang.Thread.run(Thread.java:1474) ~[na:na]
Caused by: java.net.ConnectException: Connection refused
	at java.base/sun.nio.ch.Net.pollConnect(Native Method) ~[na:na]
	at java.base/sun.nio.ch.Net.pollConnectNow(Net.java:639) ~[na:na]
	at java.base/sun.nio.ch.NioSocketImpl.timedFinishConnect(NioSocketImpl.java:550) ~[na:na]
	at java.base/sun.nio.ch.NioSocketImpl.connect(NioSocketImpl.java:594) ~[na:na]
	at java.base/java.net.SocksSocketImpl.connect(SocksSocketImpl.java:284) ~[na:na]
	at java.base/java.net.Socket.connect(Socket.java:659) ~[na:na]
	at org.postgresql.core.PGStream.createSocket(PGStream.java:260) ~[postgresql-42.7.4.jar:42.7.4]
	at org.postgresql.core.PGStream.<init>(PGStream.java:121) ~[postgresql-42.7.4.jar:42.7.4]
	at org.postgresql.core.v3.ConnectionFactoryImpl.tryConnect(ConnectionFactoryImpl.java:140) ~[postgresql-42.7.4.jar:42.7.4]
	at org.postgresql.core.v3.ConnectionFactoryImpl.openConnectionImpl(ConnectionFactoryImpl.java:268) ~[postgresql-42.7.4.jar:42.7.4]
	... 14 common frames omitted

2025-11-10T02:59:48.179-05:00  WARN 58055 --- [reservation] [HikariPool-1:housekeeper] com.zaxxer.hikari.pool.HikariPool        : HikariPool-1 - Thread starvation or clock leap detected (housekeeper delta=2h5m6s600ms).
2025-11-10T04:28:15.009-05:00  WARN 58055 --- [reservation] [HikariPool-1:connection-adder] com.zaxxer.hikari.pool.PoolBase          : HikariPool-1 - Pool is empty, failed to create/setup connection (3c8d4a12-91ab-4cb8-bb08-cf9de9ea988c)

org.postgresql.util.PSQLException: Connection to localhost:5432 refused. Check that the hostname and port are correct and that the postmaster is accepting TCP/IP connections.
	at org.postgresql.core.v3.ConnectionFactoryImpl.openConnectionImpl(ConnectionFactoryImpl.java:352) ~[postgresql-42.7.4.jar:42.7.4]
	at org.postgresql.core.ConnectionFactory.openConnection(ConnectionFactory.java:54) ~[postgresql-42.7.4.jar:42.7.4]
	at org.postgresql.jdbc.PgConnection.<init>(PgConnection.java:273) ~[postgresql-42.7.4.jar:42.7.4]
	at org.postgresql.Driver.makeConnection(Driver.java:446) ~[postgresql-42.7.4.jar:42.7.4]
	at org.postgresql.Driver.connect(Driver.java:298) ~[postgresql-42.7.4.jar:42.7.4]
	at com.zaxxer.hikari.util.DriverDataSource.getConnection(DriverDataSource.java:144) ~[HikariCP-6.3.3.jar:na]
	at com.zaxxer.hikari.pool.PoolBase.newConnection(PoolBase.java:370) ~[HikariCP-6.3.3.jar:na]
	at com.zaxxer.hikari.pool.PoolBase.newPoolEntry(PoolBase.java:207) ~[HikariCP-6.3.3.jar:na]
	at com.zaxxer.hikari.pool.HikariPool.createPoolEntry(HikariPool.java:488) ~[HikariCP-6.3.3.jar:na]
	at com.zaxxer.hikari.pool.HikariPool$PoolEntryCreator.call(HikariPool.java:752) ~[HikariCP-6.3.3.jar:na]
	at com.zaxxer.hikari.pool.HikariPool$PoolEntryCreator.call(HikariPool.java:731) ~[HikariCP-6.3.3.jar:na]
	at java.base/java.util.concurrent.FutureTask.run(FutureTask.java:328) ~[na:na]
	at java.base/java.util.concurrent.ThreadPoolExecutor.runWorker(ThreadPoolExecutor.java:1090) ~[na:na]
	at java.base/java.util.concurrent.ThreadPoolExecutor$Worker.run(ThreadPoolExecutor.java:614) ~[na:na]
	at java.base/java.lang.Thread.run(Thread.java:1474) ~[na:na]
Caused by: java.net.ConnectException: Connection refused
	at java.base/sun.nio.ch.Net.pollConnect(Native Method) ~[na:na]
	at java.base/sun.nio.ch.Net.pollConnectNow(Net.java:639) ~[na:na]
	at java.base/sun.nio.ch.NioSocketImpl.timedFinishConnect(NioSocketImpl.java:550) ~[na:na]
	at java.base/sun.nio.ch.NioSocketImpl.connect(NioSocketImpl.java:594) ~[na:na]
	at java.base/java.net.SocksSocketImpl.connect(SocksSocketImpl.java:284) ~[na:na]
	at java.base/java.net.Socket.connect(Socket.java:659) ~[na:na]
	at org.postgresql.core.PGStream.createSocket(PGStream.java:260) ~[postgresql-42.7.4.jar:42.7.4]
	at org.postgresql.core.PGStream.<init>(PGStream.java:121) ~[postgresql-42.7.4.jar:42.7.4]
	at org.postgresql.core.v3.ConnectionFactoryImpl.tryConnect(ConnectionFactoryImpl.java:140) ~[postgresql-42.7.4.jar:42.7.4]
	at org.postgresql.core.v3.ConnectionFactoryImpl.openConnectionImpl(ConnectionFactoryImpl.java:268) ~[postgresql-42.7.4.jar:42.7.4]
	... 14 common frames omitted

2025-11-10T05:56:53.066-05:00  WARN 58055 --- [reservation] [HikariPool-1:connection-adder] com.zaxxer.hikari.pool.PoolBase          : HikariPool-1 - Pool is empty, failed to create/setup connection (6b70de28-8a99-467b-86b2-e54dfd487777)

org.postgresql.util.PSQLException: Connection to localhost:5432 refused. Check that the hostname and port are correct and that the postmaster is accepting TCP/IP connections.
	at org.postgresql.core.v3.ConnectionFactoryImpl.openConnectionImpl(ConnectionFactoryImpl.java:352) ~[postgresql-42.7.4.jar:42.7.4]
	at org.postgresql.core.ConnectionFactory.openConnection(ConnectionFactory.java:54) ~[postgresql-42.7.4.jar:42.7.4]
	at org.postgresql.jdbc.PgConnection.<init>(PgConnection.java:273) ~[postgresql-42.7.4.jar:42.7.4]
	at org.postgresql.Driver.makeConnection(Driver.java:446) ~[postgresql-42.7.4.jar:42.7.4]
	at org.postgresql.Driver.connect(Driver.java:298) ~[postgresql-42.7.4.jar:42.7.4]
	at com.zaxxer.hikari.util.DriverDataSource.getConnection(DriverDataSource.java:144) ~[HikariCP-6.3.3.jar:na]
	at com.zaxxer.hikari.pool.PoolBase.newConnection(PoolBase.java:370) ~[HikariCP-6.3.3.jar:na]
	at com.zaxxer.hikari.pool.PoolBase.newPoolEntry(PoolBase.java:207) ~[HikariCP-6.3.3.jar:na]
	at com.zaxxer.hikari.pool.HikariPool.createPoolEntry(HikariPool.java:488) ~[HikariCP-6.3.3.jar:na]
	at com.zaxxer.hikari.pool.HikariPool$PoolEntryCreator.call(HikariPool.java:752) ~[HikariCP-6.3.3.jar:na]
	at com.zaxxer.hikari.pool.HikariPool$PoolEntryCreator.call(HikariPool.java:731) ~[HikariCP-6.3.3.jar:na]
	at java.base/java.util.concurrent.FutureTask.run(FutureTask.java:328) ~[na:na]
	at java.base/java.util.concurrent.ThreadPoolExecutor.runWorker(ThreadPoolExecutor.java:1090) ~[na:na]
	at java.base/java.util.concurrent.ThreadPoolExecutor$Worker.run(ThreadPoolExecutor.java:614) ~[na:na]
	at java.base/java.lang.Thread.run(Thread.java:1474) ~[na:na]
Caused by: java.net.ConnectException: Connection refused
	at java.base/sun.nio.ch.Net.pollConnect(Native Method) ~[na:na]
	at java.base/sun.nio.ch.Net.pollConnectNow(Net.java:639) ~[na:na]
	at java.base/sun.nio.ch.NioSocketImpl.timedFinishConnect(NioSocketImpl.java:550) ~[na:na]
	at java.base/sun.nio.ch.NioSocketImpl.connect(NioSocketImpl.java:594) ~[na:na]
	at java.base/java.net.SocksSocketImpl.connect(SocksSocketImpl.java:284) ~[na:na]
	at java.base/java.net.Socket.connect(Socket.java:659) ~[na:na]
	at org.postgresql.core.PGStream.createSocket(PGStream.java:260) ~[postgresql-42.7.4.jar:42.7.4]
	at org.postgresql.core.PGStream.<init>(PGStream.java:121) ~[postgresql-42.7.4.jar:42.7.4]
	at org.postgresql.core.v3.ConnectionFactoryImpl.tryConnect(ConnectionFactoryImpl.java:140) ~[postgresql-42.7.4.jar:42.7.4]
	at org.postgresql.core.v3.ConnectionFactoryImpl.openConnectionImpl(ConnectionFactoryImpl.java:268) ~[postgresql-42.7.4.jar:42.7.4]
	... 14 common frames omitted

2025-11-10T07:10:04.882-05:00  WARN 58055 --- [reservation] [HikariPool-1:connection-adder] com.zaxxer.hikari.pool.PoolBase          : HikariPool-1 - Pool is empty, failed to create/setup connection (a0658381-0564-4cb3-a148-10314d3ca977)

org.postgresql.util.PSQLException: Connection to localhost:5432 refused. Check that the hostname and port are correct and that the postmaster is accepting TCP/IP connections.
	at org.postgresql.core.v3.ConnectionFactoryImpl.openConnectionImpl(ConnectionFactoryImpl.java:352) ~[postgresql-42.7.4.jar:42.7.4]
	at org.postgresql.core.ConnectionFactory.openConnection(ConnectionFactory.java:54) ~[postgresql-42.7.4.jar:42.7.4]
	at org.postgresql.jdbc.PgConnection.<init>(PgConnection.java:273) ~[postgresql-42.7.4.jar:42.7.4]
	at org.postgresql.Driver.makeConnection(Driver.java:446) ~[postgresql-42.7.4.jar:42.7.4]
	at org.postgresql.Driver.connect(Driver.java:298) ~[postgresql-42.7.4.jar:42.7.4]
	at com.zaxxer.hikari.util.DriverDataSource.getConnection(DriverDataSource.java:144) ~[HikariCP-6.3.3.jar:na]
	at com.zaxxer.hikari.pool.PoolBase.newConnection(PoolBase.java:370) ~[HikariCP-6.3.3.jar:na]
	at com.zaxxer.hikari.pool.PoolBase.newPoolEntry(PoolBase.java:207) ~[HikariCP-6.3.3.jar:na]
	at com.zaxxer.hikari.pool.HikariPool.createPoolEntry(HikariPool.java:488) ~[HikariCP-6.3.3.jar:na]
	at com.zaxxer.hikari.pool.HikariPool$PoolEntryCreator.call(HikariPool.java:752) ~[HikariCP-6.3.3.jar:na]
	at com.zaxxer.hikari.pool.HikariPool$PoolEntryCreator.call(HikariPool.java:731) ~[HikariCP-6.3.3.jar:na]
	at java.base/java.util.concurrent.FutureTask.run(FutureTask.java:328) ~[na:na]
	at java.base/java.util.concurrent.ThreadPoolExecutor.runWorker(ThreadPoolExecutor.java:1090) ~[na:na]
	at java.base/java.util.concurrent.ThreadPoolExecutor$Worker.run(ThreadPoolExecutor.java:614) ~[na:na]
	at java.base/java.lang.Thread.run(Thread.java:1474) ~[na:na]
Caused by: java.net.ConnectException: Connection refused
	at java.base/sun.nio.ch.Net.pollConnect(Native Method) ~[na:na]
	at java.base/sun.nio.ch.Net.pollConnectNow(Net.java:639) ~[na:na]
	at java.base/sun.nio.ch.NioSocketImpl.timedFinishConnect(NioSocketImpl.java:550) ~[na:na]
	at java.base/sun.nio.ch.NioSocketImpl.connect(NioSocketImpl.java:594) ~[na:na]
	at java.base/java.net.SocksSocketImpl.connect(SocksSocketImpl.java:284) ~[na:na]
	at java.base/java.net.Socket.connect(Socket.java:659) ~[na:na]
	at org.postgresql.core.PGStream.createSocket(PGStream.java:260) ~[postgresql-42.7.4.jar:42.7.4]
	at org.postgresql.core.PGStream.<init>(PGStream.java:121) ~[postgresql-42.7.4.jar:42.7.4]
	at org.postgresql.core.v3.ConnectionFactoryImpl.tryConnect(ConnectionFactoryImpl.java:140) ~[postgresql-42.7.4.jar:42.7.4]
	at org.postgresql.core.v3.ConnectionFactoryImpl.openConnectionImpl(ConnectionFactoryImpl.java:268) ~[postgresql-42.7.4.jar:42.7.4]
	... 14 common frames omitted

2025-11-10T07:10:06.387-05:00  WARN 58055 --- [reservation] [HikariPool-1:housekeeper] com.zaxxer.hikari.pool.HikariPool        : HikariPool-1 - Thread starvation or clock leap detected (housekeeper delta=4h10m18s208ms).
2025-11-10T08:02:00.190-05:00  WARN 58055 --- [reservation] [HikariPool-1:connection-adder] com.zaxxer.hikari.pool.PoolBase          : HikariPool-1 - Pool is empty, failed to create/setup connection (63346e04-c968-4d2b-96d6-84b503f0ee5e)

org.postgresql.util.PSQLException: Connection to localhost:5432 refused. Check that the hostname and port are correct and that the postmaster is accepting TCP/IP connections.
	at org.postgresql.core.v3.ConnectionFactoryImpl.openConnectionImpl(ConnectionFactoryImpl.java:352) ~[postgresql-42.7.4.jar:42.7.4]
	at org.postgresql.core.ConnectionFactory.openConnection(ConnectionFactory.java:54) ~[postgresql-42.7.4.jar:42.7.4]
	at org.postgresql.jdbc.PgConnection.<init>(PgConnection.java:273) ~[postgresql-42.7.4.jar:42.7.4]
	at org.postgresql.Driver.makeConnection(Driver.java:446) ~[postgresql-42.7.4.jar:42.7.4]
	at org.postgresql.Driver.connect(Driver.java:298) ~[postgresql-42.7.4.jar:42.7.4]
	at com.zaxxer.hikari.util.DriverDataSource.getConnection(DriverDataSource.java:144) ~[HikariCP-6.3.3.jar:na]
	at com.zaxxer.hikari.pool.PoolBase.newConnection(PoolBase.java:370) ~[HikariCP-6.3.3.jar:na]
	at com.zaxxer.hikari.pool.PoolBase.newPoolEntry(PoolBase.java:207) ~[HikariCP-6.3.3.jar:na]
	at com.zaxxer.hikari.pool.HikariPool.createPoolEntry(HikariPool.java:488) ~[HikariCP-6.3.3.jar:na]
	at com.zaxxer.hikari.pool.HikariPool$PoolEntryCreator.call(HikariPool.java:752) ~[HikariCP-6.3.3.jar:na]
	at com.zaxxer.hikari.pool.HikariPool$PoolEntryCreator.call(HikariPool.java:731) ~[HikariCP-6.3.3.jar:na]
	at java.base/java.util.concurrent.FutureTask.run(FutureTask.java:328) ~[na:na]
	at java.base/java.util.concurrent.ThreadPoolExecutor.runWorker(ThreadPoolExecutor.java:1090) ~[na:na]
	at java.base/java.util.concurrent.ThreadPoolExecutor$Worker.run(ThreadPoolExecutor.java:614) ~[na:na]
	at java.base/java.lang.Thread.run(Thread.java:1474) ~[na:na]
Caused by: java.net.ConnectException: Connection refused
	at java.base/sun.nio.ch.Net.pollConnect(Native Method) ~[na:na]
	at java.base/sun.nio.ch.Net.pollConnectNow(Net.java:639) ~[na:na]
	at java.base/sun.nio.ch.NioSocketImpl.timedFinishConnect(NioSocketImpl.java:550) ~[na:na]
	at java.base/sun.nio.ch.NioSocketImpl.connect(NioSocketImpl.java:594) ~[na:na]
	at java.base/java.net.SocksSocketImpl.connect(SocksSocketImpl.java:284) ~[na:na]
	at java.base/java.net.Socket.connect(Socket.java:659) ~[na:na]
	at org.postgresql.core.PGStream.createSocket(PGStream.java:260) ~[postgresql-42.7.4.jar:42.7.4]
	at org.postgresql.core.PGStream.<init>(PGStream.java:121) ~[postgresql-42.7.4.jar:42.7.4]
	at org.postgresql.core.v3.ConnectionFactoryImpl.tryConnect(ConnectionFactoryImpl.java:140) ~[postgresql-42.7.4.jar:42.7.4]
	at org.postgresql.core.v3.ConnectionFactoryImpl.openConnectionImpl(ConnectionFactoryImpl.java:268) ~[postgresql-42.7.4.jar:42.7.4]
	... 14 common frames omitted

2025-11-10T08:10:34.860-05:00  WARN 58055 --- [reservation] [HikariPool-1:connection-adder] com.zaxxer.hikari.pool.PoolBase          : HikariPool-1 - Pool is empty, failed to create/setup connection (dcfb9e60-e087-4082-8f67-bf21189bcf10)

org.postgresql.util.PSQLException: Connection to localhost:5432 refused. Check that the hostname and port are correct and that the postmaster is accepting TCP/IP connections.
	at org.postgresql.core.v3.ConnectionFactoryImpl.openConnectionImpl(ConnectionFactoryImpl.java:352) ~[postgresql-42.7.4.jar:42.7.4]
	at org.postgresql.core.ConnectionFactory.openConnection(ConnectionFactory.java:54) ~[postgresql-42.7.4.jar:42.7.4]
	at org.postgresql.jdbc.PgConnection.<init>(PgConnection.java:273) ~[postgresql-42.7.4.jar:42.7.4]
	at org.postgresql.Driver.makeConnection(Driver.java:446) ~[postgresql-42.7.4.jar:42.7.4]
	at org.postgresql.Driver.connect(Driver.java:298) ~[postgresql-42.7.4.jar:42.7.4]
	at com.zaxxer.hikari.util.DriverDataSource.getConnection(DriverDataSource.java:144) ~[HikariCP-6.3.3.jar:na]
	at com.zaxxer.hikari.pool.PoolBase.newConnection(PoolBase.java:370) ~[HikariCP-6.3.3.jar:na]
	at com.zaxxer.hikari.pool.PoolBase.newPoolEntry(PoolBase.java:207) ~[HikariCP-6.3.3.jar:na]
	at com.zaxxer.hikari.pool.HikariPool.createPoolEntry(HikariPool.java:488) ~[HikariCP-6.3.3.jar:na]
	at com.zaxxer.hikari.pool.HikariPool$PoolEntryCreator.call(HikariPool.java:752) ~[HikariCP-6.3.3.jar:na]
	at com.zaxxer.hikari.pool.HikariPool$PoolEntryCreator.call(HikariPool.java:731) ~[HikariCP-6.3.3.jar:na]
	at java.base/java.util.concurrent.FutureTask.run(FutureTask.java:328) ~[na:na]
	at java.base/java.util.concurrent.ThreadPoolExecutor.runWorker(ThreadPoolExecutor.java:1090) ~[na:na]
	at java.base/java.util.concurrent.ThreadPoolExecutor$Worker.run(ThreadPoolExecutor.java:614) ~[na:na]
	at java.base/java.lang.Thread.run(Thread.java:1474) ~[na:na]
Caused by: java.net.ConnectException: Connection refused
	at java.base/sun.nio.ch.Net.pollConnect(Native Method) ~[na:na]
	at java.base/sun.nio.ch.Net.pollConnectNow(Net.java:639) ~[na:na]
	at java.base/sun.nio.ch.NioSocketImpl.timedFinishConnect(NioSocketImpl.java:550) ~[na:na]
	at java.base/sun.nio.ch.NioSocketImpl.connect(NioSocketImpl.java:594) ~[na:na]
	at java.base/java.net.SocksSocketImpl.connect(SocksSocketImpl.java:284) ~[na:na]
	at java.base/java.net.Socket.connect(Socket.java:659) ~[na:na]
	at org.postgresql.core.PGStream.createSocket(PGStream.java:260) ~[postgresql-42.7.4.jar:42.7.4]
	at org.postgresql.core.PGStream.<init>(PGStream.java:121) ~[postgresql-42.7.4.jar:42.7.4]
	at org.postgresql.core.v3.ConnectionFactoryImpl.tryConnect(ConnectionFactoryImpl.java:140) ~[postgresql-42.7.4.jar:42.7.4]
	at org.postgresql.core.v3.ConnectionFactoryImpl.openConnectionImpl(ConnectionFactoryImpl.java:268) ~[postgresql-42.7.4.jar:42.7.4]
	... 14 common frames omitted

2025-11-10T08:32:46.633-05:00  WARN 58055 --- [reservation] [HikariPool-1:housekeeper] com.zaxxer.hikari.pool.HikariPool        : HikariPool-1 - Thread starvation or clock leap detected (housekeeper delta=1h22m40s246ms).
2025-11-10T08:33:40.241-05:00  WARN 58055 --- [reservation] [HikariPool-1:connection-adder] com.zaxxer.hikari.pool.PoolBase          : HikariPool-1 - Pool is empty, failed to create/setup connection (bfff6be4-2038-448a-a541-a8d8443f0811)

org.postgresql.util.PSQLException: Connection to localhost:5432 refused. Check that the hostname and port are correct and that the postmaster is accepting TCP/IP connections.
	at org.postgresql.core.v3.ConnectionFactoryImpl.openConnectionImpl(ConnectionFactoryImpl.java:352) ~[postgresql-42.7.4.jar:42.7.4]
	at org.postgresql.core.ConnectionFactory.openConnection(ConnectionFactory.java:54) ~[postgresql-42.7.4.jar:42.7.4]
	at org.postgresql.jdbc.PgConnection.<init>(PgConnection.java:273) ~[postgresql-42.7.4.jar:42.7.4]
	at org.postgresql.Driver.makeConnection(Driver.java:446) ~[postgresql-42.7.4.jar:42.7.4]
	at org.postgresql.Driver.connect(Driver.java:298) ~[postgresql-42.7.4.jar:42.7.4]
	at com.zaxxer.hikari.util.DriverDataSource.getConnection(DriverDataSource.java:144) ~[HikariCP-6.3.3.jar:na]
	at com.zaxxer.hikari.pool.PoolBase.newConnection(PoolBase.java:370) ~[HikariCP-6.3.3.jar:na]
	at com.zaxxer.hikari.pool.PoolBase.newPoolEntry(PoolBase.java:207) ~[HikariCP-6.3.3.jar:na]
	at com.zaxxer.hikari.pool.HikariPool.createPoolEntry(HikariPool.java:488) ~[HikariCP-6.3.3.jar:na]
	at com.zaxxer.hikari.pool.HikariPool$PoolEntryCreator.call(HikariPool.java:752) ~[HikariCP-6.3.3.jar:na]
	at com.zaxxer.hikari.pool.HikariPool$PoolEntryCreator.call(HikariPool.java:731) ~[HikariCP-6.3.3.jar:na]
	at java.base/java.util.concurrent.FutureTask.run(FutureTask.java:328) ~[na:na]
	at java.base/java.util.concurrent.ThreadPoolExecutor.runWorker(ThreadPoolExecutor.java:1090) ~[na:na]
	at java.base/java.util.concurrent.ThreadPoolExecutor$Worker.run(ThreadPoolExecutor.java:614) ~[na:na]
	at java.base/java.lang.Thread.run(Thread.java:1474) ~[na:na]
Caused by: java.net.ConnectException: Connection refused
	at java.base/sun.nio.ch.Net.pollConnect(Native Method) ~[na:na]
	at java.base/sun.nio.ch.Net.pollConnectNow(Net.java:639) ~[na:na]
	at java.base/sun.nio.ch.NioSocketImpl.timedFinishConnect(NioSocketImpl.java:550) ~[na:na]
	at java.base/sun.nio.ch.NioSocketImpl.connect(NioSocketImpl.java:594) ~[na:na]
	at java.base/java.net.SocksSocketImpl.connect(SocksSocketImpl.java:284) ~[na:na]
	at java.base/java.net.Socket.connect(Socket.java:659) ~[na:na]
	at org.postgresql.core.PGStream.createSocket(PGStream.java:260) ~[postgresql-42.7.4.jar:42.7.4]
	at org.postgresql.core.PGStream.<init>(PGStream.java:121) ~[postgresql-42.7.4.jar:42.7.4]
	at org.postgresql.core.v3.ConnectionFactoryImpl.tryConnect(ConnectionFactoryImpl.java:140) ~[postgresql-42.7.4.jar:42.7.4]
	at org.postgresql.core.v3.ConnectionFactoryImpl.openConnectionImpl(ConnectionFactoryImpl.java:268) ~[postgresql-42.7.4.jar:42.7.4]
	... 14 common frames omitted

2025-11-10T08:34:45.300-05:00  WARN 58055 --- [reservation] [HikariPool-1:connection-adder] com.zaxxer.hikari.pool.PoolBase          : HikariPool-1 - Pool is empty, failed to create/setup connection (31c24f44-b967-4eb3-94ed-b41e810774d8)

org.postgresql.util.PSQLException: Connection to localhost:5432 refused. Check that the hostname and port are correct and that the postmaster is accepting TCP/IP connections.
	at org.postgresql.core.v3.ConnectionFactoryImpl.openConnectionImpl(ConnectionFactoryImpl.java:352) ~[postgresql-42.7.4.jar:42.7.4]
	at org.postgresql.core.ConnectionFactory.openConnection(ConnectionFactory.java:54) ~[postgresql-42.7.4.jar:42.7.4]
	at org.postgresql.jdbc.PgConnection.<init>(PgConnection.java:273) ~[postgresql-42.7.4.jar:42.7.4]
	at org.postgresql.Driver.makeConnection(Driver.java:446) ~[postgresql-42.7.4.jar:42.7.4]
	at org.postgresql.Driver.connect(Driver.java:298) ~[postgresql-42.7.4.jar:42.7.4]
	at com.zaxxer.hikari.util.DriverDataSource.getConnection(DriverDataSource.java:144) ~[HikariCP-6.3.3.jar:na]
	at com.zaxxer.hikari.pool.PoolBase.newConnection(PoolBase.java:370) ~[HikariCP-6.3.3.jar:na]
	at com.zaxxer.hikari.pool.PoolBase.newPoolEntry(PoolBase.java:207) ~[HikariCP-6.3.3.jar:na]
	at com.zaxxer.hikari.pool.HikariPool.createPoolEntry(HikariPool.java:488) ~[HikariCP-6.3.3.jar:na]
	at com.zaxxer.hikari.pool.HikariPool$PoolEntryCreator.call(HikariPool.java:752) ~[HikariCP-6.3.3.jar:na]
	at com.zaxxer.hikari.pool.HikariPool$PoolEntryCreator.call(HikariPool.java:731) ~[HikariCP-6.3.3.jar:na]
	at java.base/java.util.concurrent.FutureTask.run(FutureTask.java:328) ~[na:na]
	at java.base/java.util.concurrent.ThreadPoolExecutor.runWorker(ThreadPoolExecutor.java:1090) ~[na:na]
	at java.base/java.util.concurrent.ThreadPoolExecutor$Worker.run(ThreadPoolExecutor.java:614) ~[na:na]
	at java.base/java.lang.Thread.run(Thread.java:1474) ~[na:na]
Caused by: java.net.ConnectException: Connection refused
	at java.base/sun.nio.ch.Net.pollConnect(Native Method) ~[na:na]
	at java.base/sun.nio.ch.Net.pollConnectNow(Net.java:639) ~[na:na]
	at java.base/sun.nio.ch.NioSocketImpl.timedFinishConnect(NioSocketImpl.java:550) ~[na:na]
	at java.base/sun.nio.ch.NioSocketImpl.connect(NioSocketImpl.java:594) ~[na:na]
	at java.base/java.net.SocksSocketImpl.connect(SocksSocketImpl.java:284) ~[na:na]
	at java.base/java.net.Socket.connect(Socket.java:659) ~[na:na]
	at org.postgresql.core.PGStream.createSocket(PGStream.java:260) ~[postgresql-42.7.4.jar:42.7.4]
	at org.postgresql.core.PGStream.<init>(PGStream.java:121) ~[postgresql-42.7.4.jar:42.7.4]
	at org.postgresql.core.v3.ConnectionFactoryImpl.tryConnect(ConnectionFactoryImpl.java:140) ~[postgresql-42.7.4.jar:42.7.4]
	at org.postgresql.core.v3.ConnectionFactoryImpl.openConnectionImpl(ConnectionFactoryImpl.java:268) ~[postgresql-42.7.4.jar:42.7.4]
	... 14 common frames omitted

2025-11-10T08:35:50.361-05:00  WARN 58055 --- [reservation] [HikariPool-1:connection-adder] com.zaxxer.hikari.pool.PoolBase          : HikariPool-1 - Pool is empty, failed to create/setup connection (ac85e8e8-3aef-4893-997c-67353e5e93fb)

org.postgresql.util.PSQLException: Connection to localhost:5432 refused. Check that the hostname and port are correct and that the postmaster is accepting TCP/IP connections.
	at org.postgresql.core.v3.ConnectionFactoryImpl.openConnectionImpl(ConnectionFactoryImpl.java:352) ~[postgresql-42.7.4.jar:42.7.4]
	at org.postgresql.core.ConnectionFactory.openConnection(ConnectionFactory.java:54) ~[postgresql-42.7.4.jar:42.7.4]
	at org.postgresql.jdbc.PgConnection.<init>(PgConnection.java:273) ~[postgresql-42.7.4.jar:42.7.4]
	at org.postgresql.Driver.makeConnection(Driver.java:446) ~[postgresql-42.7.4.jar:42.7.4]
	at org.postgresql.Driver.connect(Driver.java:298) ~[postgresql-42.7.4.jar:42.7.4]
	at com.zaxxer.hikari.util.DriverDataSource.getConnection(DriverDataSource.java:144) ~[HikariCP-6.3.3.jar:na]
	at com.zaxxer.hikari.pool.PoolBase.newConnection(PoolBase.java:370) ~[HikariCP-6.3.3.jar:na]
	at com.zaxxer.hikari.pool.PoolBase.newPoolEntry(PoolBase.java:207) ~[HikariCP-6.3.3.jar:na]
	at com.zaxxer.hikari.pool.HikariPool.createPoolEntry(HikariPool.java:488) ~[HikariCP-6.3.3.jar:na]
	at com.zaxxer.hikari.pool.HikariPool$PoolEntryCreator.call(HikariPool.java:752) ~[HikariCP-6.3.3.jar:na]
	at com.zaxxer.hikari.pool.HikariPool$PoolEntryCreator.call(HikariPool.java:731) ~[HikariCP-6.3.3.jar:na]
	at java.base/java.util.concurrent.FutureTask.run(FutureTask.java:328) ~[na:na]
	at java.base/java.util.concurrent.ThreadPoolExecutor.runWorker(ThreadPoolExecutor.java:1090) ~[na:na]
	at java.base/java.util.concurrent.ThreadPoolExecutor$Worker.run(ThreadPoolExecutor.java:614) ~[na:na]
	at java.base/java.lang.Thread.run(Thread.java:1474) ~[na:na]
Caused by: java.net.ConnectException: Connection refused
	at java.base/sun.nio.ch.Net.pollConnect(Native Method) ~[na:na]
	at java.base/sun.nio.ch.Net.pollConnectNow(Net.java:639) ~[na:na]
	at java.base/sun.nio.ch.NioSocketImpl.timedFinishConnect(NioSocketImpl.java:550) ~[na:na]
	at java.base/sun.nio.ch.NioSocketImpl.connect(NioSocketImpl.java:594) ~[na:na]
	at java.base/java.net.SocksSocketImpl.connect(SocksSocketImpl.java:284) ~[na:na]
	at java.base/java.net.Socket.connect(Socket.java:659) ~[na:na]
	at org.postgresql.core.PGStream.createSocket(PGStream.java:260) ~[postgresql-42.7.4.jar:42.7.4]
	at org.postgresql.core.PGStream.<init>(PGStream.java:121) ~[postgresql-42.7.4.jar:42.7.4]
	at org.postgresql.core.v3.ConnectionFactoryImpl.tryConnect(ConnectionFactoryImpl.java:140) ~[postgresql-42.7.4.jar:42.7.4]
	at org.postgresql.core.v3.ConnectionFactoryImpl.openConnectionImpl(ConnectionFactoryImpl.java:268) ~[postgresql-42.7.4.jar:42.7.4]
	... 14 common frames omitted

2025-11-10T08:36:55.423-05:00  WARN 58055 --- [reservation] [HikariPool-1:connection-adder] com.zaxxer.hikari.pool.PoolBase          : HikariPool-1 - Pool is empty, failed to create/setup connection (7d001e96-55c2-4d71-8238-3dfdbc801602)

org.postgresql.util.PSQLException: Connection to localhost:5432 refused. Check that the hostname and port are correct and that the postmaster is accepting TCP/IP connections.
	at org.postgresql.core.v3.ConnectionFactoryImpl.openConnectionImpl(ConnectionFactoryImpl.java:352) ~[postgresql-42.7.4.jar:42.7.4]
	at org.postgresql.core.ConnectionFactory.openConnection(ConnectionFactory.java:54) ~[postgresql-42.7.4.jar:42.7.4]
	at org.postgresql.jdbc.PgConnection.<init>(PgConnection.java:273) ~[postgresql-42.7.4.jar:42.7.4]
	at org.postgresql.Driver.makeConnection(Driver.java:446) ~[postgresql-42.7.4.jar:42.7.4]
	at org.postgresql.Driver.connect(Driver.java:298) ~[postgresql-42.7.4.jar:42.7.4]
	at com.zaxxer.hikari.util.DriverDataSource.getConnection(DriverDataSource.java:144) ~[HikariCP-6.3.3.jar:na]
	at com.zaxxer.hikari.pool.PoolBase.newConnection(PoolBase.java:370) ~[HikariCP-6.3.3.jar:na]
	at com.zaxxer.hikari.pool.PoolBase.newPoolEntry(PoolBase.java:207) ~[HikariCP-6.3.3.jar:na]
	at com.zaxxer.hikari.pool.HikariPool.createPoolEntry(HikariPool.java:488) ~[HikariCP-6.3.3.jar:na]
	at com.zaxxer.hikari.pool.HikariPool$PoolEntryCreator.call(HikariPool.java:752) ~[HikariCP-6.3.3.jar:na]
	at com.zaxxer.hikari.pool.HikariPool$PoolEntryCreator.call(HikariPool.java:731) ~[HikariCP-6.3.3.jar:na]
	at java.base/java.util.concurrent.FutureTask.run(FutureTask.java:328) ~[na:na]
	at java.base/java.util.concurrent.ThreadPoolExecutor.runWorker(ThreadPoolExecutor.java:1090) ~[na:na]
	at java.base/java.util.concurrent.ThreadPoolExecutor$Worker.run(ThreadPoolExecutor.java:614) ~[na:na]
	at java.base/java.lang.Thread.run(Thread.java:1474) ~[na:na]
Caused by: java.net.ConnectException: Connection refused
	at java.base/sun.nio.ch.Net.pollConnect(Native Method) ~[na:na]
	at java.base/sun.nio.ch.Net.pollConnectNow(Net.java:639) ~[na:na]
	at java.base/sun.nio.ch.NioSocketImpl.timedFinishConnect(NioSocketImpl.java:550) ~[na:na]
	at java.base/sun.nio.ch.NioSocketImpl.connect(NioSocketImpl.java:594) ~[na:na]
	at java.base/java.net.SocksSocketImpl.connect(SocksSocketImpl.java:284) ~[na:na]
	at java.base/java.net.Socket.connect(Socket.java:659) ~[na:na]
	at org.postgresql.core.PGStream.createSocket(PGStream.java:260) ~[postgresql-42.7.4.jar:42.7.4]
	at org.postgresql.core.PGStream.<init>(PGStream.java:121) ~[postgresql-42.7.4.jar:42.7.4]
	at org.postgresql.core.v3.ConnectionFactoryImpl.tryConnect(ConnectionFactoryImpl.java:140) ~[postgresql-42.7.4.jar:42.7.4]
	at org.postgresql.core.v3.ConnectionFactoryImpl.openConnectionImpl(ConnectionFactoryImpl.java:268) ~[postgresql-42.7.4.jar:42.7.4]
	... 14 common frames omitted

2025-11-10T08:38:00.480-05:00  WARN 58055 --- [reservation] [HikariPool-1:connection-adder] com.zaxxer.hikari.pool.PoolBase          : HikariPool-1 - Pool is empty, failed to create/setup connection (29ed239b-84c9-4fa0-9216-c1cf18662dad)

org.postgresql.util.PSQLException: Connection to localhost:5432 refused. Check that the hostname and port are correct and that the postmaster is accepting TCP/IP connections.
	at org.postgresql.core.v3.ConnectionFactoryImpl.openConnectionImpl(ConnectionFactoryImpl.java:352) ~[postgresql-42.7.4.jar:42.7.4]
	at org.postgresql.core.ConnectionFactory.openConnection(ConnectionFactory.java:54) ~[postgresql-42.7.4.jar:42.7.4]
	at org.postgresql.jdbc.PgConnection.<init>(PgConnection.java:273) ~[postgresql-42.7.4.jar:42.7.4]
	at org.postgresql.Driver.makeConnection(Driver.java:446) ~[postgresql-42.7.4.jar:42.7.4]
	at org.postgresql.Driver.connect(Driver.java:298) ~[postgresql-42.7.4.jar:42.7.4]
	at com.zaxxer.hikari.util.DriverDataSource.getConnection(DriverDataSource.java:144) ~[HikariCP-6.3.3.jar:na]
	at com.zaxxer.hikari.pool.PoolBase.newConnection(PoolBase.java:370) ~[HikariCP-6.3.3.jar:na]
	at com.zaxxer.hikari.pool.PoolBase.newPoolEntry(PoolBase.java:207) ~[HikariCP-6.3.3.jar:na]
	at com.zaxxer.hikari.pool.HikariPool.createPoolEntry(HikariPool.java:488) ~[HikariCP-6.3.3.jar:na]
	at com.zaxxer.hikari.pool.HikariPool$PoolEntryCreator.call(HikariPool.java:752) ~[HikariCP-6.3.3.jar:na]
	at com.zaxxer.hikari.pool.HikariPool$PoolEntryCreator.call(HikariPool.java:731) ~[HikariCP-6.3.3.jar:na]
	at java.base/java.util.concurrent.FutureTask.run(FutureTask.java:328) ~[na:na]
	at java.base/java.util.concurrent.ThreadPoolExecutor.runWorker(ThreadPoolExecutor.java:1090) ~[na:na]
	at java.base/java.util.concurrent.ThreadPoolExecutor$Worker.run(ThreadPoolExecutor.java:614) ~[na:na]
	at java.base/java.lang.Thread.run(Thread.java:1474) ~[na:na]
Caused by: java.net.ConnectException: Connection refused
	at java.base/sun.nio.ch.Net.pollConnect(Native Method) ~[na:na]
	at java.base/sun.nio.ch.Net.pollConnectNow(Net.java:639) ~[na:na]
	at java.base/sun.nio.ch.NioSocketImpl.timedFinishConnect(NioSocketImpl.java:550) ~[na:na]
	at java.base/sun.nio.ch.NioSocketImpl.connect(NioSocketImpl.java:594) ~[na:na]
	at java.base/java.net.SocksSocketImpl.connect(SocksSocketImpl.java:284) ~[na:na]
	at java.base/java.net.Socket.connect(Socket.java:659) ~[na:na]
	at org.postgresql.core.PGStream.createSocket(PGStream.java:260) ~[postgresql-42.7.4.jar:42.7.4]
	at org.postgresql.core.PGStream.<init>(PGStream.java:121) ~[postgresql-42.7.4.jar:42.7.4]
	at org.postgresql.core.v3.ConnectionFactoryImpl.tryConnect(ConnectionFactoryImpl.java:140) ~[postgresql-42.7.4.jar:42.7.4]
	at org.postgresql.core.v3.ConnectionFactoryImpl.openConnectionImpl(ConnectionFactoryImpl.java:268) ~[postgresql-42.7.4.jar:42.7.4]
	... 14 common frames omitted

2025-11-10T08:39:05.541-05:00  WARN 58055 --- [reservation] [HikariPool-1:connection-adder] com.zaxxer.hikari.pool.PoolBase          : HikariPool-1 - Pool is empty, failed to create/setup connection (852ca163-08ba-4b2d-9602-fdfd65efd55f)

org.postgresql.util.PSQLException: Connection to localhost:5432 refused. Check that the hostname and port are correct and that the postmaster is accepting TCP/IP connections.
	at org.postgresql.core.v3.ConnectionFactoryImpl.openConnectionImpl(ConnectionFactoryImpl.java:352) ~[postgresql-42.7.4.jar:42.7.4]
	at org.postgresql.core.ConnectionFactory.openConnection(ConnectionFactory.java:54) ~[postgresql-42.7.4.jar:42.7.4]
	at org.postgresql.jdbc.PgConnection.<init>(PgConnection.java:273) ~[postgresql-42.7.4.jar:42.7.4]
	at org.postgresql.Driver.makeConnection(Driver.java:446) ~[postgresql-42.7.4.jar:42.7.4]
	at org.postgresql.Driver.connect(Driver.java:298) ~[postgresql-42.7.4.jar:42.7.4]
	at com.zaxxer.hikari.util.DriverDataSource.getConnection(DriverDataSource.java:144) ~[HikariCP-6.3.3.jar:na]
	at com.zaxxer.hikari.pool.PoolBase.newConnection(PoolBase.java:370) ~[HikariCP-6.3.3.jar:na]
	at com.zaxxer.hikari.pool.PoolBase.newPoolEntry(PoolBase.java:207) ~[HikariCP-6.3.3.jar:na]
	at com.zaxxer.hikari.pool.HikariPool.createPoolEntry(HikariPool.java:488) ~[HikariCP-6.3.3.jar:na]
	at com.zaxxer.hikari.pool.HikariPool$PoolEntryCreator.call(HikariPool.java:752) ~[HikariCP-6.3.3.jar:na]
	at com.zaxxer.hikari.pool.HikariPool$PoolEntryCreator.call(HikariPool.java:731) ~[HikariCP-6.3.3.jar:na]
	at java.base/java.util.concurrent.FutureTask.run(FutureTask.java:328) ~[na:na]
	at java.base/java.util.concurrent.ThreadPoolExecutor.runWorker(ThreadPoolExecutor.java:1090) ~[na:na]
	at java.base/java.util.concurrent.ThreadPoolExecutor$Worker.run(ThreadPoolExecutor.java:614) ~[na:na]
	at java.base/java.lang.Thread.run(Thread.java:1474) ~[na:na]
Caused by: java.net.ConnectException: Connection refused
	at java.base/sun.nio.ch.Net.pollConnect(Native Method) ~[na:na]
	at java.base/sun.nio.ch.Net.pollConnectNow(Net.java:639) ~[na:na]
	at java.base/sun.nio.ch.NioSocketImpl.timedFinishConnect(NioSocketImpl.java:550) ~[na:na]
	at java.base/sun.nio.ch.NioSocketImpl.connect(NioSocketImpl.java:594) ~[na:na]
	at java.base/java.net.SocksSocketImpl.connect(SocksSocketImpl.java:284) ~[na:na]
	at java.base/java.net.Socket.connect(Socket.java:659) ~[na:na]
	at org.postgresql.core.PGStream.createSocket(PGStream.java:260) ~[postgresql-42.7.4.jar:42.7.4]
	at org.postgresql.core.PGStream.<init>(PGStream.java:121) ~[postgresql-42.7.4.jar:42.7.4]
	at org.postgresql.core.v3.ConnectionFactoryImpl.tryConnect(ConnectionFactoryImpl.java:140) ~[postgresql-42.7.4.jar:42.7.4]
	at org.postgresql.core.v3.ConnectionFactoryImpl.openConnectionImpl(ConnectionFactoryImpl.java:268) ~[postgresql-42.7.4.jar:42.7.4]
	... 14 common frames omitted

2025-11-10T08:40:10.601-05:00  WARN 58055 --- [reservation] [HikariPool-1:connection-adder] com.zaxxer.hikari.pool.PoolBase          : HikariPool-1 - Pool is empty, failed to create/setup connection (a4331340-0b11-412c-8523-bb45fc427e54)

org.postgresql.util.PSQLException: Connection to localhost:5432 refused. Check that the hostname and port are correct and that the postmaster is accepting TCP/IP connections.
	at org.postgresql.core.v3.ConnectionFactoryImpl.openConnectionImpl(ConnectionFactoryImpl.java:352) ~[postgresql-42.7.4.jar:42.7.4]
	at org.postgresql.core.ConnectionFactory.openConnection(ConnectionFactory.java:54) ~[postgresql-42.7.4.jar:42.7.4]
	at org.postgresql.jdbc.PgConnection.<init>(PgConnection.java:273) ~[postgresql-42.7.4.jar:42.7.4]
	at org.postgresql.Driver.makeConnection(Driver.java:446) ~[postgresql-42.7.4.jar:42.7.4]
	at org.postgresql.Driver.connect(Driver.java:298) ~[postgresql-42.7.4.jar:42.7.4]
	at com.zaxxer.hikari.util.DriverDataSource.getConnection(DriverDataSource.java:144) ~[HikariCP-6.3.3.jar:na]
	at com.zaxxer.hikari.pool.PoolBase.newConnection(PoolBase.java:370) ~[HikariCP-6.3.3.jar:na]
	at com.zaxxer.hikari.pool.PoolBase.newPoolEntry(PoolBase.java:207) ~[HikariCP-6.3.3.jar:na]
	at com.zaxxer.hikari.pool.HikariPool.createPoolEntry(HikariPool.java:488) ~[HikariCP-6.3.3.jar:na]
	at com.zaxxer.hikari.pool.HikariPool$PoolEntryCreator.call(HikariPool.java:752) ~[HikariCP-6.3.3.jar:na]
	at com.zaxxer.hikari.pool.HikariPool$PoolEntryCreator.call(HikariPool.java:731) ~[HikariCP-6.3.3.jar:na]
	at java.base/java.util.concurrent.FutureTask.run(FutureTask.java:328) ~[na:na]
	at java.base/java.util.concurrent.ThreadPoolExecutor.runWorker(ThreadPoolExecutor.java:1090) ~[na:na]
	at java.base/java.util.concurrent.ThreadPoolExecutor$Worker.run(ThreadPoolExecutor.java:614) ~[na:na]
	at java.base/java.lang.Thread.run(Thread.java:1474) ~[na:na]
Caused by: java.net.ConnectException: Connection refused
	at java.base/sun.nio.ch.Net.pollConnect(Native Method) ~[na:na]
	at java.base/sun.nio.ch.Net.pollConnectNow(Net.java:639) ~[na:na]
	at java.base/sun.nio.ch.NioSocketImpl.timedFinishConnect(NioSocketImpl.java:550) ~[na:na]
	at java.base/sun.nio.ch.NioSocketImpl.connect(NioSocketImpl.java:594) ~[na:na]
	at java.base/java.net.SocksSocketImpl.connect(SocksSocketImpl.java:284) ~[na:na]
	at java.base/java.net.Socket.connect(Socket.java:659) ~[na:na]
	at org.postgresql.core.PGStream.createSocket(PGStream.java:260) ~[postgresql-42.7.4.jar:42.7.4]
	at org.postgresql.core.PGStream.<init>(PGStream.java:121) ~[postgresql-42.7.4.jar:42.7.4]
	at org.postgresql.core.v3.ConnectionFactoryImpl.tryConnect(ConnectionFactoryImpl.java:140) ~[postgresql-42.7.4.jar:42.7.4]
	at org.postgresql.core.v3.ConnectionFactoryImpl.openConnectionImpl(ConnectionFactoryImpl.java:268) ~[postgresql-42.7.4.jar:42.7.4]
	... 14 common frames omitted

2025-11-10T08:41:15.669-05:00  WARN 58055 --- [reservation] [HikariPool-1:connection-adder] com.zaxxer.hikari.pool.PoolBase          : HikariPool-1 - Pool is empty, failed to create/setup connection (9cd37ad7-a346-4e85-989b-9c7c52e76fc8)

org.postgresql.util.PSQLException: Connection to localhost:5432 refused. Check that the hostname and port are correct and that the postmaster is accepting TCP/IP connections.
	at org.postgresql.core.v3.ConnectionFactoryImpl.openConnectionImpl(ConnectionFactoryImpl.java:352) ~[postgresql-42.7.4.jar:42.7.4]
	at org.postgresql.core.ConnectionFactory.openConnection(ConnectionFactory.java:54) ~[postgresql-42.7.4.jar:42.7.4]
	at org.postgresql.jdbc.PgConnection.<init>(PgConnection.java:273) ~[postgresql-42.7.4.jar:42.7.4]
	at org.postgresql.Driver.makeConnection(Driver.java:446) ~[postgresql-42.7.4.jar:42.7.4]
	at org.postgresql.Driver.connect(Driver.java:298) ~[postgresql-42.7.4.jar:42.7.4]
	at com.zaxxer.hikari.util.DriverDataSource.getConnection(DriverDataSource.java:144) ~[HikariCP-6.3.3.jar:na]
	at com.zaxxer.hikari.pool.PoolBase.newConnection(PoolBase.java:370) ~[HikariCP-6.3.3.jar:na]
	at com.zaxxer.hikari.pool.PoolBase.newPoolEntry(PoolBase.java:207) ~[HikariCP-6.3.3.jar:na]
	at com.zaxxer.hikari.pool.HikariPool.createPoolEntry(HikariPool.java:488) ~[HikariCP-6.3.3.jar:na]
	at com.zaxxer.hikari.pool.HikariPool$PoolEntryCreator.call(HikariPool.java:752) ~[HikariCP-6.3.3.jar:na]
	at com.zaxxer.hikari.pool.HikariPool$PoolEntryCreator.call(HikariPool.java:731) ~[HikariCP-6.3.3.jar:na]
	at java.base/java.util.concurrent.FutureTask.run(FutureTask.java:328) ~[na:na]
	at java.base/java.util.concurrent.ThreadPoolExecutor.runWorker(ThreadPoolExecutor.java:1090) ~[na:na]
	at java.base/java.util.concurrent.ThreadPoolExecutor$Worker.run(ThreadPoolExecutor.java:614) ~[na:na]
	at java.base/java.lang.Thread.run(Thread.java:1474) ~[na:na]
Caused by: java.net.ConnectException: Connection refused
	at java.base/sun.nio.ch.Net.pollConnect(Native Method) ~[na:na]
	at java.base/sun.nio.ch.Net.pollConnectNow(Net.java:639) ~[na:na]
	at java.base/sun.nio.ch.NioSocketImpl.timedFinishConnect(NioSocketImpl.java:550) ~[na:na]
	at java.base/sun.nio.ch.NioSocketImpl.connect(NioSocketImpl.java:594) ~[na:na]
	at java.base/java.net.SocksSocketImpl.connect(SocksSocketImpl.java:284) ~[na:na]
	at java.base/java.net.Socket.connect(Socket.java:659) ~[na:na]
	at org.postgresql.core.PGStream.createSocket(PGStream.java:260) ~[postgresql-42.7.4.jar:42.7.4]
	at org.postgresql.core.PGStream.<init>(PGStream.java:121) ~[postgresql-42.7.4.jar:42.7.4]
	at org.postgresql.core.v3.ConnectionFactoryImpl.tryConnect(ConnectionFactoryImpl.java:140) ~[postgresql-42.7.4.jar:42.7.4]
	at org.postgresql.core.v3.ConnectionFactoryImpl.openConnectionImpl(ConnectionFactoryImpl.java:268) ~[postgresql-42.7.4.jar:42.7.4]
	... 14 common frames omitted

2025-11-10T08:47:55.296-05:00  WARN 58055 --- [reservation] [HikariPool-1:connection-adder] com.zaxxer.hikari.pool.PoolBase          : HikariPool-1 - Pool is empty, failed to create/setup connection (831147a8-3b70-437f-977a-cb3c685c73cc)

org.postgresql.util.PSQLException: Connection to localhost:5432 refused. Check that the hostname and port are correct and that the postmaster is accepting TCP/IP connections.
	at org.postgresql.core.v3.ConnectionFactoryImpl.openConnectionImpl(ConnectionFactoryImpl.java:352) ~[postgresql-42.7.4.jar:42.7.4]
	at org.postgresql.core.ConnectionFactory.openConnection(ConnectionFactory.java:54) ~[postgresql-42.7.4.jar:42.7.4]
	at org.postgresql.jdbc.PgConnection.<init>(PgConnection.java:273) ~[postgresql-42.7.4.jar:42.7.4]
	at org.postgresql.Driver.makeConnection(Driver.java:446) ~[postgresql-42.7.4.jar:42.7.4]
	at org.postgresql.Driver.connect(Driver.java:298) ~[postgresql-42.7.4.jar:42.7.4]
	at com.zaxxer.hikari.util.DriverDataSource.getConnection(DriverDataSource.java:144) ~[HikariCP-6.3.3.jar:na]
	at com.zaxxer.hikari.pool.PoolBase.newConnection(PoolBase.java:370) ~[HikariCP-6.3.3.jar:na]
	at com.zaxxer.hikari.pool.PoolBase.newPoolEntry(PoolBase.java:207) ~[HikariCP-6.3.3.jar:na]
	at com.zaxxer.hikari.pool.HikariPool.createPoolEntry(HikariPool.java:488) ~[HikariCP-6.3.3.jar:na]
	at com.zaxxer.hikari.pool.HikariPool$PoolEntryCreator.call(HikariPool.java:752) ~[HikariCP-6.3.3.jar:na]
	at com.zaxxer.hikari.pool.HikariPool$PoolEntryCreator.call(HikariPool.java:731) ~[HikariCP-6.3.3.jar:na]
	at java.base/java.util.concurrent.FutureTask.run(FutureTask.java:328) ~[na:na]
	at java.base/java.util.concurrent.ThreadPoolExecutor.runWorker(ThreadPoolExecutor.java:1090) ~[na:na]
	at java.base/java.util.concurrent.ThreadPoolExecutor$Worker.run(ThreadPoolExecutor.java:614) ~[na:na]
	at java.base/java.lang.Thread.run(Thread.java:1474) ~[na:na]
Caused by: java.net.ConnectException: Connection refused
	at java.base/sun.nio.ch.Net.pollConnect(Native Method) ~[na:na]
	at java.base/sun.nio.ch.Net.pollConnectNow(Net.java:639) ~[na:na]
	at java.base/sun.nio.ch.NioSocketImpl.timedFinishConnect(NioSocketImpl.java:550) ~[na:na]
	at java.base/sun.nio.ch.NioSocketImpl.connect(NioSocketImpl.java:594) ~[na:na]
	at java.base/java.net.SocksSocketImpl.connect(SocksSocketImpl.java:284) ~[na:na]
	at java.base/java.net.Socket.connect(Socket.java:659) ~[na:na]
	at org.postgresql.core.PGStream.createSocket(PGStream.java:260) ~[postgresql-42.7.4.jar:42.7.4]
	at org.postgresql.core.PGStream.<init>(PGStream.java:121) ~[postgresql-42.7.4.jar:42.7.4]
	at org.postgresql.core.v3.ConnectionFactoryImpl.tryConnect(ConnectionFactoryImpl.java:140) ~[postgresql-42.7.4.jar:42.7.4]
	at org.postgresql.core.v3.ConnectionFactoryImpl.openConnectionImpl(ConnectionFactoryImpl.java:268) ~[postgresql-42.7.4.jar:42.7.4]
	... 14 common frames omitted

2025-11-10T08:55:36.667-05:00  WARN 58055 --- [reservation] [HikariPool-1:connection-adder] com.zaxxer.hikari.pool.PoolBase          : HikariPool-1 - Pool is empty, failed to create/setup connection (6982ce15-99dc-417b-9241-ae60ebe8bd8c)

org.postgresql.util.PSQLException: Connection to localhost:5432 refused. Check that the hostname and port are correct and that the postmaster is accepting TCP/IP connections.
	at org.postgresql.core.v3.ConnectionFactoryImpl.openConnectionImpl(ConnectionFactoryImpl.java:352) ~[postgresql-42.7.4.jar:42.7.4]
	at org.postgresql.core.ConnectionFactory.openConnection(ConnectionFactory.java:54) ~[postgresql-42.7.4.jar:42.7.4]
	at org.postgresql.jdbc.PgConnection.<init>(PgConnection.java:273) ~[postgresql-42.7.4.jar:42.7.4]
	at org.postgresql.Driver.makeConnection(Driver.java:446) ~[postgresql-42.7.4.jar:42.7.4]
	at org.postgresql.Driver.connect(Driver.java:298) ~[postgresql-42.7.4.jar:42.7.4]
	at com.zaxxer.hikari.util.DriverDataSource.getConnection(DriverDataSource.java:144) ~[HikariCP-6.3.3.jar:na]
	at com.zaxxer.hikari.pool.PoolBase.newConnection(PoolBase.java:370) ~[HikariCP-6.3.3.jar:na]
	at com.zaxxer.hikari.pool.PoolBase.newPoolEntry(PoolBase.java:207) ~[HikariCP-6.3.3.jar:na]
	at com.zaxxer.hikari.pool.HikariPool.createPoolEntry(HikariPool.java:488) ~[HikariCP-6.3.3.jar:na]
	at com.zaxxer.hikari.pool.HikariPool$PoolEntryCreator.call(HikariPool.java:752) ~[HikariCP-6.3.3.jar:na]
	at com.zaxxer.hikari.pool.HikariPool$PoolEntryCreator.call(HikariPool.java:731) ~[HikariCP-6.3.3.jar:na]
	at java.base/java.util.concurrent.FutureTask.run(FutureTask.java:328) ~[na:na]
	at java.base/java.util.concurrent.ThreadPoolExecutor.runWorker(ThreadPoolExecutor.java:1090) ~[na:na]
	at java.base/java.util.concurrent.ThreadPoolExecutor$Worker.run(ThreadPoolExecutor.java:614) ~[na:na]
	at java.base/java.lang.Thread.run(Thread.java:1474) ~[na:na]
Caused by: java.net.ConnectException: Connection refused
	at java.base/sun.nio.ch.Net.pollConnect(Native Method) ~[na:na]
	at java.base/sun.nio.ch.Net.pollConnectNow(Net.java:639) ~[na:na]
	at java.base/sun.nio.ch.NioSocketImpl.timedFinishConnect(NioSocketImpl.java:550) ~[na:na]
	at java.base/sun.nio.ch.NioSocketImpl.connect(NioSocketImpl.java:594) ~[na:na]
	at java.base/java.net.SocksSocketImpl.connect(SocksSocketImpl.java:284) ~[na:na]
	at java.base/java.net.Socket.connect(Socket.java:659) ~[na:na]
	at org.postgresql.core.PGStream.createSocket(PGStream.java:260) ~[postgresql-42.7.4.jar:42.7.4]
	at org.postgresql.core.PGStream.<init>(PGStream.java:121) ~[postgresql-42.7.4.jar:42.7.4]
	at org.postgresql.core.v3.ConnectionFactoryImpl.tryConnect(ConnectionFactoryImpl.java:140) ~[postgresql-42.7.4.jar:42.7.4]
	at org.postgresql.core.v3.ConnectionFactoryImpl.openConnectionImpl(ConnectionFactoryImpl.java:268) ~[postgresql-42.7.4.jar:42.7.4]
	... 14 common frames omitted

2025-11-10T08:59:18.856-05:00  WARN 58055 --- [reservation] [HikariPool-1:housekeeper] com.zaxxer.hikari.pool.HikariPool        : HikariPool-1 - Thread starvation or clock leap detected (housekeeper delta=17m32s157ms).
2025-11-10T09:07:37.810-05:00  WARN 58055 --- [reservation] [HikariPool-1:connection-adder] com.zaxxer.hikari.pool.PoolBase          : HikariPool-1 - Pool is empty, failed to create/setup connection (daac150a-9720-46bb-af6c-c20dd03f63d9)

org.postgresql.util.PSQLException: Connection to localhost:5432 refused. Check that the hostname and port are correct and that the postmaster is accepting TCP/IP connections.
	at org.postgresql.core.v3.ConnectionFactoryImpl.openConnectionImpl(ConnectionFactoryImpl.java:352) ~[postgresql-42.7.4.jar:42.7.4]
	at org.postgresql.core.ConnectionFactory.openConnection(ConnectionFactory.java:54) ~[postgresql-42.7.4.jar:42.7.4]
	at org.postgresql.jdbc.PgConnection.<init>(PgConnection.java:273) ~[postgresql-42.7.4.jar:42.7.4]
	at org.postgresql.Driver.makeConnection(Driver.java:446) ~[postgresql-42.7.4.jar:42.7.4]
	at org.postgresql.Driver.connect(Driver.java:298) ~[postgresql-42.7.4.jar:42.7.4]
	at com.zaxxer.hikari.util.DriverDataSource.getConnection(DriverDataSource.java:144) ~[HikariCP-6.3.3.jar:na]
	at com.zaxxer.hikari.pool.PoolBase.newConnection(PoolBase.java:370) ~[HikariCP-6.3.3.jar:na]
	at com.zaxxer.hikari.pool.PoolBase.newPoolEntry(PoolBase.java:207) ~[HikariCP-6.3.3.jar:na]
	at com.zaxxer.hikari.pool.HikariPool.createPoolEntry(HikariPool.java:488) ~[HikariCP-6.3.3.jar:na]
	at com.zaxxer.hikari.pool.HikariPool$PoolEntryCreator.call(HikariPool.java:752) ~[HikariCP-6.3.3.jar:na]
	at com.zaxxer.hikari.pool.HikariPool$PoolEntryCreator.call(HikariPool.java:731) ~[HikariCP-6.3.3.jar:na]
	at java.base/java.util.concurrent.FutureTask.run(FutureTask.java:328) ~[na:na]
	at java.base/java.util.concurrent.ThreadPoolExecutor.runWorker(ThreadPoolExecutor.java:1090) ~[na:na]
	at java.base/java.util.concurrent.ThreadPoolExecutor$Worker.run(ThreadPoolExecutor.java:614) ~[na:na]
	at java.base/java.lang.Thread.run(Thread.java:1474) ~[na:na]
Caused by: java.net.ConnectException: Connection refused
	at java.base/sun.nio.ch.Net.pollConnect(Native Method) ~[na:na]
	at java.base/sun.nio.ch.Net.pollConnectNow(Net.java:639) ~[na:na]
	at java.base/sun.nio.ch.NioSocketImpl.timedFinishConnect(NioSocketImpl.java:550) ~[na:na]
	at java.base/sun.nio.ch.NioSocketImpl.connect(NioSocketImpl.java:594) ~[na:na]
	at java.base/java.net.SocksSocketImpl.connect(SocksSocketImpl.java:284) ~[na:na]
	at java.base/java.net.Socket.connect(Socket.java:659) ~[na:na]
	at org.postgresql.core.PGStream.createSocket(PGStream.java:260) ~[postgresql-42.7.4.jar:42.7.4]
	at org.postgresql.core.PGStream.<init>(PGStream.java:121) ~[postgresql-42.7.4.jar:42.7.4]
	at org.postgresql.core.v3.ConnectionFactoryImpl.tryConnect(ConnectionFactoryImpl.java:140) ~[postgresql-42.7.4.jar:42.7.4]
	at org.postgresql.core.v3.ConnectionFactoryImpl.openConnectionImpl(ConnectionFactoryImpl.java:268) ~[postgresql-42.7.4.jar:42.7.4]
	... 14 common frames omitted

2025-11-10T09:25:09.147-05:00  WARN 58055 --- [reservation] [HikariPool-1:connection-adder] com.zaxxer.hikari.pool.PoolBase          : HikariPool-1 - Pool is empty, failed to create/setup connection (15b8c664-9538-4761-a950-acc5b5f6649a)

org.postgresql.util.PSQLException: Connection to localhost:5432 refused. Check that the hostname and port are correct and that the postmaster is accepting TCP/IP connections.
	at org.postgresql.core.v3.ConnectionFactoryImpl.openConnectionImpl(ConnectionFactoryImpl.java:352) ~[postgresql-42.7.4.jar:42.7.4]
	at org.postgresql.core.ConnectionFactory.openConnection(ConnectionFactory.java:54) ~[postgresql-42.7.4.jar:42.7.4]
	at org.postgresql.jdbc.PgConnection.<init>(PgConnection.java:273) ~[postgresql-42.7.4.jar:42.7.4]
	at org.postgresql.Driver.makeConnection(Driver.java:446) ~[postgresql-42.7.4.jar:42.7.4]
	at org.postgresql.Driver.connect(Driver.java:298) ~[postgresql-42.7.4.jar:42.7.4]
	at com.zaxxer.hikari.util.DriverDataSource.getConnection(DriverDataSource.java:144) ~[HikariCP-6.3.3.jar:na]
	at com.zaxxer.hikari.pool.PoolBase.newConnection(PoolBase.java:370) ~[HikariCP-6.3.3.jar:na]
	at com.zaxxer.hikari.pool.PoolBase.newPoolEntry(PoolBase.java:207) ~[HikariCP-6.3.3.jar:na]
	at com.zaxxer.hikari.pool.HikariPool.createPoolEntry(HikariPool.java:488) ~[HikariCP-6.3.3.jar:na]
	at com.zaxxer.hikari.pool.HikariPool$PoolEntryCreator.call(HikariPool.java:752) ~[HikariCP-6.3.3.jar:na]
	at com.zaxxer.hikari.pool.HikariPool$PoolEntryCreator.call(HikariPool.java:731) ~[HikariCP-6.3.3.jar:na]
	at java.base/java.util.concurrent.FutureTask.run(FutureTask.java:328) ~[na:na]
	at java.base/java.util.concurrent.ThreadPoolExecutor.runWorker(ThreadPoolExecutor.java:1090) ~[na:na]
	at java.base/java.util.concurrent.ThreadPoolExecutor$Worker.run(ThreadPoolExecutor.java:614) ~[na:na]
	at java.base/java.lang.Thread.run(Thread.java:1474) ~[na:na]
Caused by: java.net.ConnectException: Connection refused
	at java.base/sun.nio.ch.Net.pollConnect(Native Method) ~[na:na]
	at java.base/sun.nio.ch.Net.pollConnectNow(Net.java:639) ~[na:na]
	at java.base/sun.nio.ch.NioSocketImpl.timedFinishConnect(NioSocketImpl.java:550) ~[na:na]
	at java.base/sun.nio.ch.NioSocketImpl.connect(NioSocketImpl.java:594) ~[na:na]
	at java.base/java.net.SocksSocketImpl.connect(SocksSocketImpl.java:284) ~[na:na]
	at java.base/java.net.Socket.connect(Socket.java:659) ~[na:na]
	at org.postgresql.core.PGStream.createSocket(PGStream.java:260) ~[postgresql-42.7.4.jar:42.7.4]
	at org.postgresql.core.PGStream.<init>(PGStream.java:121) ~[postgresql-42.7.4.jar:42.7.4]
	at org.postgresql.core.v3.ConnectionFactoryImpl.tryConnect(ConnectionFactoryImpl.java:140) ~[postgresql-42.7.4.jar:42.7.4]
	at org.postgresql.core.v3.ConnectionFactoryImpl.openConnectionImpl(ConnectionFactoryImpl.java:268) ~[postgresql-42.7.4.jar:42.7.4]
	... 14 common frames omitted

2025-11-10T09:25:15.043-05:00  WARN 58055 --- [reservation] [HikariPool-1:housekeeper] com.zaxxer.hikari.pool.HikariPool        : HikariPool-1 - Thread starvation or clock leap detected (housekeeper delta=25m56s188ms).
2025-11-10T09:26:21.831-05:00  WARN 58055 --- [reservation] [HikariPool-1:connection-adder] com.zaxxer.hikari.pool.PoolBase          : HikariPool-1 - Pool is empty, failed to create/setup connection (5db62592-caec-49ab-a049-a0d91189896d)

org.postgresql.util.PSQLException: Connection to localhost:5432 refused. Check that the hostname and port are correct and that the postmaster is accepting TCP/IP connections.
	at org.postgresql.core.v3.ConnectionFactoryImpl.openConnectionImpl(ConnectionFactoryImpl.java:352) ~[postgresql-42.7.4.jar:42.7.4]
	at org.postgresql.core.ConnectionFactory.openConnection(ConnectionFactory.java:54) ~[postgresql-42.7.4.jar:42.7.4]
	at org.postgresql.jdbc.PgConnection.<init>(PgConnection.java:273) ~[postgresql-42.7.4.jar:42.7.4]
	at org.postgresql.Driver.makeConnection(Driver.java:446) ~[postgresql-42.7.4.jar:42.7.4]
	at org.postgresql.Driver.connect(Driver.java:298) ~[postgresql-42.7.4.jar:42.7.4]
	at com.zaxxer.hikari.util.DriverDataSource.getConnection(DriverDataSource.java:144) ~[HikariCP-6.3.3.jar:na]
	at com.zaxxer.hikari.pool.PoolBase.newConnection(PoolBase.java:370) ~[HikariCP-6.3.3.jar:na]
	at com.zaxxer.hikari.pool.PoolBase.newPoolEntry(PoolBase.java:207) ~[HikariCP-6.3.3.jar:na]
	at com.zaxxer.hikari.pool.HikariPool.createPoolEntry(HikariPool.java:488) ~[HikariCP-6.3.3.jar:na]
	at com.zaxxer.hikari.pool.HikariPool$PoolEntryCreator.call(HikariPool.java:752) ~[HikariCP-6.3.3.jar:na]
	at com.zaxxer.hikari.pool.HikariPool$PoolEntryCreator.call(HikariPool.java:731) ~[HikariCP-6.3.3.jar:na]
	at java.base/java.util.concurrent.FutureTask.run(FutureTask.java:328) ~[na:na]
	at java.base/java.util.concurrent.ThreadPoolExecutor.runWorker(ThreadPoolExecutor.java:1090) ~[na:na]
	at java.base/java.util.concurrent.ThreadPoolExecutor$Worker.run(ThreadPoolExecutor.java:614) ~[na:na]
	at java.base/java.lang.Thread.run(Thread.java:1474) ~[na:na]
Caused by: java.net.ConnectException: Connection refused
	at java.base/sun.nio.ch.Net.pollConnect(Native Method) ~[na:na]
	at java.base/sun.nio.ch.Net.pollConnectNow(Net.java:639) ~[na:na]
	at java.base/sun.nio.ch.NioSocketImpl.timedFinishConnect(NioSocketImpl.java:550) ~[na:na]
	at java.base/sun.nio.ch.NioSocketImpl.connect(NioSocketImpl.java:594) ~[na:na]
	at java.base/java.net.SocksSocketImpl.connect(SocksSocketImpl.java:284) ~[na:na]
	at java.base/java.net.Socket.connect(Socket.java:659) ~[na:na]
	at org.postgresql.core.PGStream.createSocket(PGStream.java:260) ~[postgresql-42.7.4.jar:42.7.4]
	at org.postgresql.core.PGStream.<init>(PGStream.java:121) ~[postgresql-42.7.4.jar:42.7.4]
	at org.postgresql.core.v3.ConnectionFactoryImpl.tryConnect(ConnectionFactoryImpl.java:140) ~[postgresql-42.7.4.jar:42.7.4]
	at org.postgresql.core.v3.ConnectionFactoryImpl.openConnectionImpl(ConnectionFactoryImpl.java:268) ~[postgresql-42.7.4.jar:42.7.4]
	... 14 common frames omitted

2025-11-10T09:27:44.862-05:00  WARN 58055 --- [reservation] [HikariPool-1:connection-adder] com.zaxxer.hikari.pool.PoolBase          : HikariPool-1 - Pool is empty, failed to create/setup connection (630c42c9-1bbd-49cb-8772-8a7cf89dcc59)

org.postgresql.util.PSQLException: Connection to localhost:5432 refused. Check that the hostname and port are correct and that the postmaster is accepting TCP/IP connections.
	at org.postgresql.core.v3.ConnectionFactoryImpl.openConnectionImpl(ConnectionFactoryImpl.java:352) ~[postgresql-42.7.4.jar:42.7.4]
	at org.postgresql.core.ConnectionFactory.openConnection(ConnectionFactory.java:54) ~[postgresql-42.7.4.jar:42.7.4]
	at org.postgresql.jdbc.PgConnection.<init>(PgConnection.java:273) ~[postgresql-42.7.4.jar:42.7.4]
	at org.postgresql.Driver.makeConnection(Driver.java:446) ~[postgresql-42.7.4.jar:42.7.4]
	at org.postgresql.Driver.connect(Driver.java:298) ~[postgresql-42.7.4.jar:42.7.4]
	at com.zaxxer.hikari.util.DriverDataSource.getConnection(DriverDataSource.java:144) ~[HikariCP-6.3.3.jar:na]
	at com.zaxxer.hikari.pool.PoolBase.newConnection(PoolBase.java:370) ~[HikariCP-6.3.3.jar:na]
	at com.zaxxer.hikari.pool.PoolBase.newPoolEntry(PoolBase.java:207) ~[HikariCP-6.3.3.jar:na]
	at com.zaxxer.hikari.pool.HikariPool.createPoolEntry(HikariPool.java:488) ~[HikariCP-6.3.3.jar:na]
	at com.zaxxer.hikari.pool.HikariPool$PoolEntryCreator.call(HikariPool.java:752) ~[HikariCP-6.3.3.jar:na]
	at com.zaxxer.hikari.pool.HikariPool$PoolEntryCreator.call(HikariPool.java:731) ~[HikariCP-6.3.3.jar:na]
	at java.base/java.util.concurrent.FutureTask.run(FutureTask.java:328) ~[na:na]
	at java.base/java.util.concurrent.ThreadPoolExecutor.runWorker(ThreadPoolExecutor.java:1090) ~[na:na]
	at java.base/java.util.concurrent.ThreadPoolExecutor$Worker.run(ThreadPoolExecutor.java:614) ~[na:na]
	at java.base/java.lang.Thread.run(Thread.java:1474) ~[na:na]
Caused by: java.net.ConnectException: Connection refused
	at java.base/sun.nio.ch.Net.pollConnect(Native Method) ~[na:na]
	at java.base/sun.nio.ch.Net.pollConnectNow(Net.java:639) ~[na:na]
	at java.base/sun.nio.ch.NioSocketImpl.timedFinishConnect(NioSocketImpl.java:550) ~[na:na]
	at java.base/sun.nio.ch.NioSocketImpl.connect(NioSocketImpl.java:594) ~[na:na]
	at java.base/java.net.SocksSocketImpl.connect(SocksSocketImpl.java:284) ~[na:na]
	at java.base/java.net.Socket.connect(Socket.java:659) ~[na:na]
	at org.postgresql.core.PGStream.createSocket(PGStream.java:260) ~[postgresql-42.7.4.jar:42.7.4]
	at org.postgresql.core.PGStream.<init>(PGStream.java:121) ~[postgresql-42.7.4.jar:42.7.4]
	at org.postgresql.core.v3.ConnectionFactoryImpl.tryConnect(ConnectionFactoryImpl.java:140) ~[postgresql-42.7.4.jar:42.7.4]
	at org.postgresql.core.v3.ConnectionFactoryImpl.openConnectionImpl(ConnectionFactoryImpl.java:268) ~[postgresql-42.7.4.jar:42.7.4]
	... 14 common frames omitted

2025-11-10T09:30:21.408-05:00  WARN 58055 --- [reservation] [HikariPool-1:connection-adder] com.zaxxer.hikari.pool.PoolBase          : HikariPool-1 - Pool is empty, failed to create/setup connection (164db005-521e-4043-8782-c23c31cc4a40)

org.postgresql.util.PSQLException: Connection to localhost:5432 refused. Check that the hostname and port are correct and that the postmaster is accepting TCP/IP connections.
	at org.postgresql.core.v3.ConnectionFactoryImpl.openConnectionImpl(ConnectionFactoryImpl.java:352) ~[postgresql-42.7.4.jar:42.7.4]
	at org.postgresql.core.ConnectionFactory.openConnection(ConnectionFactory.java:54) ~[postgresql-42.7.4.jar:42.7.4]
	at org.postgresql.jdbc.PgConnection.<init>(PgConnection.java:273) ~[postgresql-42.7.4.jar:42.7.4]
	at org.postgresql.Driver.makeConnection(Driver.java:446) ~[postgresql-42.7.4.jar:42.7.4]
	at org.postgresql.Driver.connect(Driver.java:298) ~[postgresql-42.7.4.jar:42.7.4]
	at com.zaxxer.hikari.util.DriverDataSource.getConnection(DriverDataSource.java:144) ~[HikariCP-6.3.3.jar:na]
	at com.zaxxer.hikari.pool.PoolBase.newConnection(PoolBase.java:370) ~[HikariCP-6.3.3.jar:na]
	at com.zaxxer.hikari.pool.PoolBase.newPoolEntry(PoolBase.java:207) ~[HikariCP-6.3.3.jar:na]
	at com.zaxxer.hikari.pool.HikariPool.createPoolEntry(HikariPool.java:488) ~[HikariCP-6.3.3.jar:na]
	at com.zaxxer.hikari.pool.HikariPool$PoolEntryCreator.call(HikariPool.java:752) ~[HikariCP-6.3.3.jar:na]
	at com.zaxxer.hikari.pool.HikariPool$PoolEntryCreator.call(HikariPool.java:731) ~[HikariCP-6.3.3.jar:na]
	at java.base/java.util.concurrent.FutureTask.run(FutureTask.java:328) ~[na:na]
	at java.base/java.util.concurrent.ThreadPoolExecutor.runWorker(ThreadPoolExecutor.java:1090) ~[na:na]
	at java.base/java.util.concurrent.ThreadPoolExecutor$Worker.run(ThreadPoolExecutor.java:614) ~[na:na]
	at java.base/java.lang.Thread.run(Thread.java:1474) ~[na:na]
Caused by: java.net.ConnectException: Connection refused
	at java.base/sun.nio.ch.Net.pollConnect(Native Method) ~[na:na]
	at java.base/sun.nio.ch.Net.pollConnectNow(Net.java:639) ~[na:na]
	at java.base/sun.nio.ch.NioSocketImpl.timedFinishConnect(NioSocketImpl.java:550) ~[na:na]
	at java.base/sun.nio.ch.NioSocketImpl.connect(NioSocketImpl.java:594) ~[na:na]
	at java.base/java.net.SocksSocketImpl.connect(SocksSocketImpl.java:284) ~[na:na]
	at java.base/java.net.Socket.connect(Socket.java:659) ~[na:na]
	at org.postgresql.core.PGStream.createSocket(PGStream.java:260) ~[postgresql-42.7.4.jar:42.7.4]
	at org.postgresql.core.PGStream.<init>(PGStream.java:121) ~[postgresql-42.7.4.jar:42.7.4]
	at org.postgresql.core.v3.ConnectionFactoryImpl.tryConnect(ConnectionFactoryImpl.java:140) ~[postgresql-42.7.4.jar:42.7.4]
	at org.postgresql.core.v3.ConnectionFactoryImpl.openConnectionImpl(ConnectionFactoryImpl.java:268) ~[postgresql-42.7.4.jar:42.7.4]
	... 14 common frames omitted

2025-11-10T09:30:22.250-05:00  WARN 58055 --- [reservation] [HikariPool-1:housekeeper] com.zaxxer.hikari.pool.HikariPool        : HikariPool-1 - Thread starvation or clock leap detected (housekeeper delta=5m7s207ms).
2025-11-10T09:32:44.429-05:00  WARN 58055 --- [reservation] [HikariPool-1:connection-adder] com.zaxxer.hikari.pool.PoolBase          : HikariPool-1 - Pool is empty, failed to create/setup connection (b96f9b57-f20a-4202-b77b-70f28e039e9d)

org.postgresql.util.PSQLException: Connection to localhost:5432 refused. Check that the hostname and port are correct and that the postmaster is accepting TCP/IP connections.
	at org.postgresql.core.v3.ConnectionFactoryImpl.openConnectionImpl(ConnectionFactoryImpl.java:352) ~[postgresql-42.7.4.jar:42.7.4]
	at org.postgresql.core.ConnectionFactory.openConnection(ConnectionFactory.java:54) ~[postgresql-42.7.4.jar:42.7.4]
	at org.postgresql.jdbc.PgConnection.<init>(PgConnection.java:273) ~[postgresql-42.7.4.jar:42.7.4]
	at org.postgresql.Driver.makeConnection(Driver.java:446) ~[postgresql-42.7.4.jar:42.7.4]
	at org.postgresql.Driver.connect(Driver.java:298) ~[postgresql-42.7.4.jar:42.7.4]
	at com.zaxxer.hikari.util.DriverDataSource.getConnection(DriverDataSource.java:144) ~[HikariCP-6.3.3.jar:na]
	at com.zaxxer.hikari.pool.PoolBase.newConnection(PoolBase.java:370) ~[HikariCP-6.3.3.jar:na]
	at com.zaxxer.hikari.pool.PoolBase.newPoolEntry(PoolBase.java:207) ~[HikariCP-6.3.3.jar:na]
	at com.zaxxer.hikari.pool.HikariPool.createPoolEntry(HikariPool.java:488) ~[HikariCP-6.3.3.jar:na]
	at com.zaxxer.hikari.pool.HikariPool$PoolEntryCreator.call(HikariPool.java:752) ~[HikariCP-6.3.3.jar:na]
	at com.zaxxer.hikari.pool.HikariPool$PoolEntryCreator.call(HikariPool.java:731) ~[HikariCP-6.3.3.jar:na]
	at java.base/java.util.concurrent.FutureTask.run(FutureTask.java:328) ~[na:na]
	at java.base/java.util.concurrent.ThreadPoolExecutor.runWorker(ThreadPoolExecutor.java:1090) ~[na:na]
	at java.base/java.util.concurrent.ThreadPoolExecutor$Worker.run(ThreadPoolExecutor.java:614) ~[na:na]
	at java.base/java.lang.Thread.run(Thread.java:1474) ~[na:na]
Caused by: java.net.ConnectException: Connection refused
	at java.base/sun.nio.ch.Net.pollConnect(Native Method) ~[na:na]
	at java.base/sun.nio.ch.Net.pollConnectNow(Net.java:639) ~[na:na]
	at java.base/sun.nio.ch.NioSocketImpl.timedFinishConnect(NioSocketImpl.java:550) ~[na:na]
	at java.base/sun.nio.ch.NioSocketImpl.connect(NioSocketImpl.java:594) ~[na:na]
	at java.base/java.net.SocksSocketImpl.connect(SocksSocketImpl.java:284) ~[na:na]
	at java.base/java.net.Socket.connect(Socket.java:659) ~[na:na]
	at org.postgresql.core.PGStream.createSocket(PGStream.java:260) ~[postgresql-42.7.4.jar:42.7.4]
	at org.postgresql.core.PGStream.<init>(PGStream.java:121) ~[postgresql-42.7.4.jar:42.7.4]
	at org.postgresql.core.v3.ConnectionFactoryImpl.tryConnect(ConnectionFactoryImpl.java:140) ~[postgresql-42.7.4.jar:42.7.4]
	at org.postgresql.core.v3.ConnectionFactoryImpl.openConnectionImpl(ConnectionFactoryImpl.java:268) ~[postgresql-42.7.4.jar:42.7.4]
	... 14 common frames omitted

2025-11-10T09:38:53.368-05:00  WARN 58055 --- [reservation] [HikariPool-1:connection-adder] com.zaxxer.hikari.pool.PoolBase          : HikariPool-1 - Pool is empty, failed to create/setup connection (48b28541-c786-4e85-bb41-09849a57520a)

org.postgresql.util.PSQLException: Connection to localhost:5432 refused. Check that the hostname and port are correct and that the postmaster is accepting TCP/IP connections.
	at org.postgresql.core.v3.ConnectionFactoryImpl.openConnectionImpl(ConnectionFactoryImpl.java:352) ~[postgresql-42.7.4.jar:42.7.4]
	at org.postgresql.core.ConnectionFactory.openConnection(ConnectionFactory.java:54) ~[postgresql-42.7.4.jar:42.7.4]
	at org.postgresql.jdbc.PgConnection.<init>(PgConnection.java:273) ~[postgresql-42.7.4.jar:42.7.4]
	at org.postgresql.Driver.makeConnection(Driver.java:446) ~[postgresql-42.7.4.jar:42.7.4]
	at org.postgresql.Driver.connect(Driver.java:298) ~[postgresql-42.7.4.jar:42.7.4]
	at com.zaxxer.hikari.util.DriverDataSource.getConnection(DriverDataSource.java:144) ~[HikariCP-6.3.3.jar:na]
	at com.zaxxer.hikari.pool.PoolBase.newConnection(PoolBase.java:370) ~[HikariCP-6.3.3.jar:na]
	at com.zaxxer.hikari.pool.PoolBase.newPoolEntry(PoolBase.java:207) ~[HikariCP-6.3.3.jar:na]
	at com.zaxxer.hikari.pool.HikariPool.createPoolEntry(HikariPool.java:488) ~[HikariCP-6.3.3.jar:na]
	at com.zaxxer.hikari.pool.HikariPool$PoolEntryCreator.call(HikariPool.java:752) ~[HikariCP-6.3.3.jar:na]
	at com.zaxxer.hikari.pool.HikariPool$PoolEntryCreator.call(HikariPool.java:731) ~[HikariCP-6.3.3.jar:na]
	at java.base/java.util.concurrent.FutureTask.run(FutureTask.java:328) ~[na:na]
	at java.base/java.util.concurrent.ThreadPoolExecutor.runWorker(ThreadPoolExecutor.java:1090) ~[na:na]
	at java.base/java.util.concurrent.ThreadPoolExecutor$Worker.run(ThreadPoolExecutor.java:614) ~[na:na]
	at java.base/java.lang.Thread.run(Thread.java:1474) ~[na:na]
Caused by: java.net.ConnectException: Connection refused
	at java.base/sun.nio.ch.Net.pollConnect(Native Method) ~[na:na]
	at java.base/sun.nio.ch.Net.pollConnectNow(Net.java:639) ~[na:na]
	at java.base/sun.nio.ch.NioSocketImpl.timedFinishConnect(NioSocketImpl.java:550) ~[na:na]
	at java.base/sun.nio.ch.NioSocketImpl.connect(NioSocketImpl.java:594) ~[na:na]
	at java.base/java.net.SocksSocketImpl.connect(SocksSocketImpl.java:284) ~[na:na]
	at java.base/java.net.Socket.connect(Socket.java:659) ~[na:na]
	at org.postgresql.core.PGStream.createSocket(PGStream.java:260) ~[postgresql-42.7.4.jar:42.7.4]
	at org.postgresql.core.PGStream.<init>(PGStream.java:121) ~[postgresql-42.7.4.jar:42.7.4]
	at org.postgresql.core.v3.ConnectionFactoryImpl.tryConnect(ConnectionFactoryImpl.java:140) ~[postgresql-42.7.4.jar:42.7.4]
	at org.postgresql.core.v3.ConnectionFactoryImpl.openConnectionImpl(ConnectionFactoryImpl.java:268) ~[postgresql-42.7.4.jar:42.7.4]
	... 14 common frames omitted

2025-11-10T09:42:22.643-05:00  WARN 58055 --- [reservation] [HikariPool-1:housekeeper] com.zaxxer.hikari.pool.HikariPool        : HikariPool-1 - Thread starvation or clock leap detected (housekeeper delta=12m393ms).
2025-11-10T09:44:55.391-05:00  WARN 58055 --- [reservation] [HikariPool-1:connection-adder] com.zaxxer.hikari.pool.PoolBase          : HikariPool-1 - Pool is empty, failed to create/setup connection (5ab4303c-4f90-419c-8adf-0fe24cec4dc3)

org.postgresql.util.PSQLException: Connection to localhost:5432 refused. Check that the hostname and port are correct and that the postmaster is accepting TCP/IP connections.
	at org.postgresql.core.v3.ConnectionFactoryImpl.openConnectionImpl(ConnectionFactoryImpl.java:352) ~[postgresql-42.7.4.jar:42.7.4]
	at org.postgresql.core.ConnectionFactory.openConnection(ConnectionFactory.java:54) ~[postgresql-42.7.4.jar:42.7.4]
	at org.postgresql.jdbc.PgConnection.<init>(PgConnection.java:273) ~[postgresql-42.7.4.jar:42.7.4]
	at org.postgresql.Driver.makeConnection(Driver.java:446) ~[postgresql-42.7.4.jar:42.7.4]
	at org.postgresql.Driver.connect(Driver.java:298) ~[postgresql-42.7.4.jar:42.7.4]
	at com.zaxxer.hikari.util.DriverDataSource.getConnection(DriverDataSource.java:144) ~[HikariCP-6.3.3.jar:na]
	at com.zaxxer.hikari.pool.PoolBase.newConnection(PoolBase.java:370) ~[HikariCP-6.3.3.jar:na]
	at com.zaxxer.hikari.pool.PoolBase.newPoolEntry(PoolBase.java:207) ~[HikariCP-6.3.3.jar:na]
	at com.zaxxer.hikari.pool.HikariPool.createPoolEntry(HikariPool.java:488) ~[HikariCP-6.3.3.jar:na]
	at com.zaxxer.hikari.pool.HikariPool$PoolEntryCreator.call(HikariPool.java:752) ~[HikariCP-6.3.3.jar:na]
	at com.zaxxer.hikari.pool.HikariPool$PoolEntryCreator.call(HikariPool.java:731) ~[HikariCP-6.3.3.jar:na]
	at java.base/java.util.concurrent.FutureTask.run(FutureTask.java:328) ~[na:na]
	at java.base/java.util.concurrent.ThreadPoolExecutor.runWorker(ThreadPoolExecutor.java:1090) ~[na:na]
	at java.base/java.util.concurrent.ThreadPoolExecutor$Worker.run(ThreadPoolExecutor.java:614) ~[na:na]
	at java.base/java.lang.Thread.run(Thread.java:1474) ~[na:na]
Caused by: java.net.ConnectException: Connection refused
	at java.base/sun.nio.ch.Net.pollConnect(Native Method) ~[na:na]
	at java.base/sun.nio.ch.Net.pollConnectNow(Net.java:639) ~[na:na]
	at java.base/sun.nio.ch.NioSocketImpl.timedFinishConnect(NioSocketImpl.java:550) ~[na:na]
	at java.base/sun.nio.ch.NioSocketImpl.connect(NioSocketImpl.java:594) ~[na:na]
	at java.base/java.net.SocksSocketImpl.connect(SocksSocketImpl.java:284) ~[na:na]
	at java.base/java.net.Socket.connect(Socket.java:659) ~[na:na]
	at org.postgresql.core.PGStream.createSocket(PGStream.java:260) ~[postgresql-42.7.4.jar:42.7.4]
	at org.postgresql.core.PGStream.<init>(PGStream.java:121) ~[postgresql-42.7.4.jar:42.7.4]
	at org.postgresql.core.v3.ConnectionFactoryImpl.tryConnect(ConnectionFactoryImpl.java:140) ~[postgresql-42.7.4.jar:42.7.4]
	at org.postgresql.core.v3.ConnectionFactoryImpl.openConnectionImpl(ConnectionFactoryImpl.java:268) ~[postgresql-42.7.4.jar:42.7.4]
	... 14 common frames omitted

2025-11-10T09:50:46.928-05:00  WARN 58055 --- [reservation] [HikariPool-1:connection-adder] com.zaxxer.hikari.pool.PoolBase          : HikariPool-1 - Pool is empty, failed to create/setup connection (1658f85b-3e71-417b-acd5-915c07f14893)

org.postgresql.util.PSQLException: Connection to localhost:5432 refused. Check that the hostname and port are correct and that the postmaster is accepting TCP/IP connections.
	at org.postgresql.core.v3.ConnectionFactoryImpl.openConnectionImpl(ConnectionFactoryImpl.java:352) ~[postgresql-42.7.4.jar:42.7.4]
	at org.postgresql.core.ConnectionFactory.openConnection(ConnectionFactory.java:54) ~[postgresql-42.7.4.jar:42.7.4]
	at org.postgresql.jdbc.PgConnection.<init>(PgConnection.java:273) ~[postgresql-42.7.4.jar:42.7.4]
	at org.postgresql.Driver.makeConnection(Driver.java:446) ~[postgresql-42.7.4.jar:42.7.4]
	at org.postgresql.Driver.connect(Driver.java:298) ~[postgresql-42.7.4.jar:42.7.4]
	at com.zaxxer.hikari.util.DriverDataSource.getConnection(DriverDataSource.java:144) ~[HikariCP-6.3.3.jar:na]
	at com.zaxxer.hikari.pool.PoolBase.newConnection(PoolBase.java:370) ~[HikariCP-6.3.3.jar:na]
	at com.zaxxer.hikari.pool.PoolBase.newPoolEntry(PoolBase.java:207) ~[HikariCP-6.3.3.jar:na]
	at com.zaxxer.hikari.pool.HikariPool.createPoolEntry(HikariPool.java:488) ~[HikariCP-6.3.3.jar:na]
	at com.zaxxer.hikari.pool.HikariPool$PoolEntryCreator.call(HikariPool.java:752) ~[HikariCP-6.3.3.jar:na]
	at com.zaxxer.hikari.pool.HikariPool$PoolEntryCreator.call(HikariPool.java:731) ~[HikariCP-6.3.3.jar:na]
	at java.base/java.util.concurrent.FutureTask.run(FutureTask.java:328) ~[na:na]
	at java.base/java.util.concurrent.ThreadPoolExecutor.runWorker(ThreadPoolExecutor.java:1090) ~[na:na]
	at java.base/java.util.concurrent.ThreadPoolExecutor$Worker.run(ThreadPoolExecutor.java:614) ~[na:na]
	at java.base/java.lang.Thread.run(Thread.java:1474) ~[na:na]
Caused by: java.net.ConnectException: Connection refused
	at java.base/sun.nio.ch.Net.pollConnect(Native Method) ~[na:na]
	at java.base/sun.nio.ch.Net.pollConnectNow(Net.java:639) ~[na:na]
	at java.base/sun.nio.ch.NioSocketImpl.timedFinishConnect(NioSocketImpl.java:550) ~[na:na]
	at java.base/sun.nio.ch.NioSocketImpl.connect(NioSocketImpl.java:594) ~[na:na]
	at java.base/java.net.SocksSocketImpl.connect(SocksSocketImpl.java:284) ~[na:na]
	at java.base/java.net.Socket.connect(Socket.java:659) ~[na:na]
	at org.postgresql.core.PGStream.createSocket(PGStream.java:260) ~[postgresql-42.7.4.jar:42.7.4]
	at org.postgresql.core.PGStream.<init>(PGStream.java:121) ~[postgresql-42.7.4.jar:42.7.4]
	at org.postgresql.core.v3.ConnectionFactoryImpl.tryConnect(ConnectionFactoryImpl.java:140) ~[postgresql-42.7.4.jar:42.7.4]
	at org.postgresql.core.v3.ConnectionFactoryImpl.openConnectionImpl(ConnectionFactoryImpl.java:268) ~[postgresql-42.7.4.jar:42.7.4]
	... 14 common frames omitted

2025-11-10T09:53:56.171-05:00  WARN 58055 --- [reservation] [HikariPool-1:housekeeper] com.zaxxer.hikari.pool.HikariPool        : HikariPool-1 - Thread starvation or clock leap detected (housekeeper delta=11m33s528ms).
2025-11-10T09:55:43.973-05:00  WARN 58055 --- [reservation] [HikariPool-1:connection-adder] com.zaxxer.hikari.pool.PoolBase          : HikariPool-1 - Pool is empty, failed to create/setup connection (e5200afd-a563-4744-9ec2-557b2f27ab1b)

org.postgresql.util.PSQLException: Connection to localhost:5432 refused. Check that the hostname and port are correct and that the postmaster is accepting TCP/IP connections.
	at org.postgresql.core.v3.ConnectionFactoryImpl.openConnectionImpl(ConnectionFactoryImpl.java:352) ~[postgresql-42.7.4.jar:42.7.4]
	at org.postgresql.core.ConnectionFactory.openConnection(ConnectionFactory.java:54) ~[postgresql-42.7.4.jar:42.7.4]
	at org.postgresql.jdbc.PgConnection.<init>(PgConnection.java:273) ~[postgresql-42.7.4.jar:42.7.4]
	at org.postgresql.Driver.makeConnection(Driver.java:446) ~[postgresql-42.7.4.jar:42.7.4]
	at org.postgresql.Driver.connect(Driver.java:298) ~[postgresql-42.7.4.jar:42.7.4]
	at com.zaxxer.hikari.util.DriverDataSource.getConnection(DriverDataSource.java:144) ~[HikariCP-6.3.3.jar:na]
	at com.zaxxer.hikari.pool.PoolBase.newConnection(PoolBase.java:370) ~[HikariCP-6.3.3.jar:na]
	at com.zaxxer.hikari.pool.PoolBase.newPoolEntry(PoolBase.java:207) ~[HikariCP-6.3.3.jar:na]
	at com.zaxxer.hikari.pool.HikariPool.createPoolEntry(HikariPool.java:488) ~[HikariCP-6.3.3.jar:na]
	at com.zaxxer.hikari.pool.HikariPool$PoolEntryCreator.call(HikariPool.java:752) ~[HikariCP-6.3.3.jar:na]
	at com.zaxxer.hikari.pool.HikariPool$PoolEntryCreator.call(HikariPool.java:731) ~[HikariCP-6.3.3.jar:na]
	at java.base/java.util.concurrent.FutureTask.run(FutureTask.java:328) ~[na:na]
	at java.base/java.util.concurrent.ThreadPoolExecutor.runWorker(ThreadPoolExecutor.java:1090) ~[na:na]
	at java.base/java.util.concurrent.ThreadPoolExecutor$Worker.run(ThreadPoolExecutor.java:614) ~[na:na]
	at java.base/java.lang.Thread.run(Thread.java:1474) ~[na:na]
Caused by: java.net.ConnectException: Connection refused
	at java.base/sun.nio.ch.Net.pollConnect(Native Method) ~[na:na]
	at java.base/sun.nio.ch.Net.pollConnectNow(Net.java:639) ~[na:na]
	at java.base/sun.nio.ch.NioSocketImpl.timedFinishConnect(NioSocketImpl.java:543) ~[na:na]
	at java.base/sun.nio.ch.NioSocketImpl.connect(NioSocketImpl.java:594) ~[na:na]
	at java.base/java.net.SocksSocketImpl.connect(SocksSocketImpl.java:284) ~[na:na]
	at java.base/java.net.Socket.connect(Socket.java:659) ~[na:na]
	at org.postgresql.core.PGStream.createSocket(PGStream.java:260) ~[postgresql-42.7.4.jar:42.7.4]
	at org.postgresql.core.PGStream.<init>(PGStream.java:121) ~[postgresql-42.7.4.jar:42.7.4]
	at org.postgresql.core.v3.ConnectionFactoryImpl.tryConnect(ConnectionFactoryImpl.java:140) ~[postgresql-42.7.4.jar:42.7.4]
	at org.postgresql.core.v3.ConnectionFactoryImpl.openConnectionImpl(ConnectionFactoryImpl.java:268) ~[postgresql-42.7.4.jar:42.7.4]
	... 14 common frames omitted

2025-11-10T09:57:27.487-05:00  WARN 58055 --- [reservation] [HikariPool-1:connection-adder] com.zaxxer.hikari.pool.PoolBase          : HikariPool-1 - Pool is empty, failed to create/setup connection (2f4617d8-d5c6-4b1a-b4e8-4a5aff840b51)

org.postgresql.util.PSQLException: Connection to localhost:5432 refused. Check that the hostname and port are correct and that the postmaster is accepting TCP/IP connections.
	at org.postgresql.core.v3.ConnectionFactoryImpl.openConnectionImpl(ConnectionFactoryImpl.java:352) ~[postgresql-42.7.4.jar:42.7.4]
	at org.postgresql.core.ConnectionFactory.openConnection(ConnectionFactory.java:54) ~[postgresql-42.7.4.jar:42.7.4]
	at org.postgresql.jdbc.PgConnection.<init>(PgConnection.java:273) ~[postgresql-42.7.4.jar:42.7.4]
	at org.postgresql.Driver.makeConnection(Driver.java:446) ~[postgresql-42.7.4.jar:42.7.4]
	at org.postgresql.Driver.connect(Driver.java:298) ~[postgresql-42.7.4.jar:42.7.4]
	at com.zaxxer.hikari.util.DriverDataSource.getConnection(DriverDataSource.java:144) ~[HikariCP-6.3.3.jar:na]
	at com.zaxxer.hikari.pool.PoolBase.newConnection(PoolBase.java:370) ~[HikariCP-6.3.3.jar:na]
	at com.zaxxer.hikari.pool.PoolBase.newPoolEntry(PoolBase.java:207) ~[HikariCP-6.3.3.jar:na]
	at com.zaxxer.hikari.pool.HikariPool.createPoolEntry(HikariPool.java:488) ~[HikariCP-6.3.3.jar:na]
	at com.zaxxer.hikari.pool.HikariPool$PoolEntryCreator.call(HikariPool.java:752) ~[HikariCP-6.3.3.jar:na]
	at com.zaxxer.hikari.pool.HikariPool$PoolEntryCreator.call(HikariPool.java:731) ~[HikariCP-6.3.3.jar:na]
	at java.base/java.util.concurrent.FutureTask.run(FutureTask.java:328) ~[na:na]
	at java.base/java.util.concurrent.ThreadPoolExecutor.runWorker(ThreadPoolExecutor.java:1090) ~[na:na]
	at java.base/java.util.concurrent.ThreadPoolExecutor$Worker.run(ThreadPoolExecutor.java:614) ~[na:na]
	at java.base/java.lang.Thread.run(Thread.java:1474) ~[na:na]
Caused by: java.net.ConnectException: Connection refused
	at java.base/sun.nio.ch.Net.pollConnect(Native Method) ~[na:na]
	at java.base/sun.nio.ch.Net.pollConnectNow(Net.java:639) ~[na:na]
	at java.base/sun.nio.ch.NioSocketImpl.timedFinishConnect(NioSocketImpl.java:550) ~[na:na]
	at java.base/sun.nio.ch.NioSocketImpl.connect(NioSocketImpl.java:594) ~[na:na]
	at java.base/java.net.SocksSocketImpl.connect(SocksSocketImpl.java:284) ~[na:na]
	at java.base/java.net.Socket.connect(Socket.java:659) ~[na:na]
	at org.postgresql.core.PGStream.createSocket(PGStream.java:260) ~[postgresql-42.7.4.jar:42.7.4]
	at org.postgresql.core.PGStream.<init>(PGStream.java:121) ~[postgresql-42.7.4.jar:42.7.4]
	at org.postgresql.core.v3.ConnectionFactoryImpl.tryConnect(ConnectionFactoryImpl.java:140) ~[postgresql-42.7.4.jar:42.7.4]
	at org.postgresql.core.v3.ConnectionFactoryImpl.openConnectionImpl(ConnectionFactoryImpl.java:268) ~[postgresql-42.7.4.jar:42.7.4]
	... 14 common frames omitted

2025-11-10T10:04:15.197-05:00  WARN 58055 --- [reservation] [HikariPool-1:housekeeper] com.zaxxer.hikari.pool.HikariPool        : HikariPool-1 - Thread starvation or clock leap detected (housekeeper delta=10m19s25ms).
2025-11-10T10:04:19.537-05:00  WARN 58055 --- [reservation] [HikariPool-1:connection-adder] com.zaxxer.hikari.pool.PoolBase          : HikariPool-1 - Pool is empty, failed to create/setup connection (3d9ce1cf-d192-40a5-aca0-6a59922ab506)

org.postgresql.util.PSQLException: Connection to localhost:5432 refused. Check that the hostname and port are correct and that the postmaster is accepting TCP/IP connections.
	at org.postgresql.core.v3.ConnectionFactoryImpl.openConnectionImpl(ConnectionFactoryImpl.java:352) ~[postgresql-42.7.4.jar:42.7.4]
	at org.postgresql.core.ConnectionFactory.openConnection(ConnectionFactory.java:54) ~[postgresql-42.7.4.jar:42.7.4]
	at org.postgresql.jdbc.PgConnection.<init>(PgConnection.java:273) ~[postgresql-42.7.4.jar:42.7.4]
	at org.postgresql.Driver.makeConnection(Driver.java:446) ~[postgresql-42.7.4.jar:42.7.4]
	at org.postgresql.Driver.connect(Driver.java:298) ~[postgresql-42.7.4.jar:42.7.4]
	at com.zaxxer.hikari.util.DriverDataSource.getConnection(DriverDataSource.java:144) ~[HikariCP-6.3.3.jar:na]
	at com.zaxxer.hikari.pool.PoolBase.newConnection(PoolBase.java:370) ~[HikariCP-6.3.3.jar:na]
	at com.zaxxer.hikari.pool.PoolBase.newPoolEntry(PoolBase.java:207) ~[HikariCP-6.3.3.jar:na]
	at com.zaxxer.hikari.pool.HikariPool.createPoolEntry(HikariPool.java:488) ~[HikariCP-6.3.3.jar:na]
	at com.zaxxer.hikari.pool.HikariPool$PoolEntryCreator.call(HikariPool.java:752) ~[HikariCP-6.3.3.jar:na]
	at com.zaxxer.hikari.pool.HikariPool$PoolEntryCreator.call(HikariPool.java:731) ~[HikariCP-6.3.3.jar:na]
	at java.base/java.util.concurrent.FutureTask.run(FutureTask.java:328) ~[na:na]
	at java.base/java.util.concurrent.ThreadPoolExecutor.runWorker(ThreadPoolExecutor.java:1090) ~[na:na]
	at java.base/java.util.concurrent.ThreadPoolExecutor$Worker.run(ThreadPoolExecutor.java:614) ~[na:na]
	at java.base/java.lang.Thread.run(Thread.java:1474) ~[na:na]
Caused by: java.net.ConnectException: Connection refused
	at java.base/sun.nio.ch.Net.pollConnect(Native Method) ~[na:na]
	at java.base/sun.nio.ch.Net.pollConnectNow(Net.java:639) ~[na:na]
	at java.base/sun.nio.ch.NioSocketImpl.timedFinishConnect(NioSocketImpl.java:550) ~[na:na]
	at java.base/sun.nio.ch.NioSocketImpl.connect(NioSocketImpl.java:594) ~[na:na]
	at java.base/java.net.SocksSocketImpl.connect(SocksSocketImpl.java:284) ~[na:na]
	at java.base/java.net.Socket.connect(Socket.java:659) ~[na:na]
	at org.postgresql.core.PGStream.createSocket(PGStream.java:260) ~[postgresql-42.7.4.jar:42.7.4]
	at org.postgresql.core.PGStream.<init>(PGStream.java:121) ~[postgresql-42.7.4.jar:42.7.4]
	at org.postgresql.core.v3.ConnectionFactoryImpl.tryConnect(ConnectionFactoryImpl.java:140) ~[postgresql-42.7.4.jar:42.7.4]
	at org.postgresql.core.v3.ConnectionFactoryImpl.openConnectionImpl(ConnectionFactoryImpl.java:268) ~[postgresql-42.7.4.jar:42.7.4]
	... 14 common frames omitted

2025-11-10T10:16:36.419-05:00  WARN 58055 --- [reservation] [HikariPool-1:connection-adder] com.zaxxer.hikari.pool.PoolBase          : HikariPool-1 - Pool is empty, failed to create/setup connection (edbf86c7-a2dc-46e1-91a6-b0be937ce106)

org.postgresql.util.PSQLException: Connection to localhost:5432 refused. Check that the hostname and port are correct and that the postmaster is accepting TCP/IP connections.
	at org.postgresql.core.v3.ConnectionFactoryImpl.openConnectionImpl(ConnectionFactoryImpl.java:352) ~[postgresql-42.7.4.jar:42.7.4]
	at org.postgresql.core.ConnectionFactory.openConnection(ConnectionFactory.java:54) ~[postgresql-42.7.4.jar:42.7.4]
	at org.postgresql.jdbc.PgConnection.<init>(PgConnection.java:273) ~[postgresql-42.7.4.jar:42.7.4]
	at org.postgresql.Driver.makeConnection(Driver.java:446) ~[postgresql-42.7.4.jar:42.7.4]
	at org.postgresql.Driver.connect(Driver.java:298) ~[postgresql-42.7.4.jar:42.7.4]
	at com.zaxxer.hikari.util.DriverDataSource.getConnection(DriverDataSource.java:144) ~[HikariCP-6.3.3.jar:na]
	at com.zaxxer.hikari.pool.PoolBase.newConnection(PoolBase.java:370) ~[HikariCP-6.3.3.jar:na]
	at com.zaxxer.hikari.pool.PoolBase.newPoolEntry(PoolBase.java:207) ~[HikariCP-6.3.3.jar:na]
	at com.zaxxer.hikari.pool.HikariPool.createPoolEntry(HikariPool.java:488) ~[HikariCP-6.3.3.jar:na]
	at com.zaxxer.hikari.pool.HikariPool$PoolEntryCreator.call(HikariPool.java:752) ~[HikariCP-6.3.3.jar:na]
	at com.zaxxer.hikari.pool.HikariPool$PoolEntryCreator.call(HikariPool.java:731) ~[HikariCP-6.3.3.jar:na]
	at java.base/java.util.concurrent.FutureTask.run(FutureTask.java:328) ~[na:na]
	at java.base/java.util.concurrent.ThreadPoolExecutor.runWorker(ThreadPoolExecutor.java:1090) ~[na:na]
	at java.base/java.util.concurrent.ThreadPoolExecutor$Worker.run(ThreadPoolExecutor.java:614) ~[na:na]
	at java.base/java.lang.Thread.run(Thread.java:1474) ~[na:na]
Caused by: java.net.ConnectException: Connection refused
	at java.base/sun.nio.ch.Net.pollConnect(Native Method) ~[na:na]
	at java.base/sun.nio.ch.Net.pollConnectNow(Net.java:639) ~[na:na]
	at java.base/sun.nio.ch.NioSocketImpl.timedFinishConnect(NioSocketImpl.java:550) ~[na:na]
	at java.base/sun.nio.ch.NioSocketImpl.connect(NioSocketImpl.java:594) ~[na:na]
	at java.base/java.net.SocksSocketImpl.connect(SocksSocketImpl.java:284) ~[na:na]
	at java.base/java.net.Socket.connect(Socket.java:659) ~[na:na]
	at org.postgresql.core.PGStream.createSocket(PGStream.java:260) ~[postgresql-42.7.4.jar:42.7.4]
	at org.postgresql.core.PGStream.<init>(PGStream.java:121) ~[postgresql-42.7.4.jar:42.7.4]
	at org.postgresql.core.v3.ConnectionFactoryImpl.tryConnect(ConnectionFactoryImpl.java:140) ~[postgresql-42.7.4.jar:42.7.4]
	at org.postgresql.core.v3.ConnectionFactoryImpl.openConnectionImpl(ConnectionFactoryImpl.java:268) ~[postgresql-42.7.4.jar:42.7.4]
	... 14 common frames omitted

2025-11-10T10:25:05.487-05:00  WARN 58055 --- [reservation] [HikariPool-1:connection-adder] com.zaxxer.hikari.pool.PoolBase          : HikariPool-1 - Pool is empty, failed to create/setup connection (e0205258-adc6-4c9f-9109-6235384fb396)

org.postgresql.util.PSQLException: Connection to localhost:5432 refused. Check that the hostname and port are correct and that the postmaster is accepting TCP/IP connections.
	at org.postgresql.core.v3.ConnectionFactoryImpl.openConnectionImpl(ConnectionFactoryImpl.java:352) ~[postgresql-42.7.4.jar:42.7.4]
	at org.postgresql.core.ConnectionFactory.openConnection(ConnectionFactory.java:54) ~[postgresql-42.7.4.jar:42.7.4]
	at org.postgresql.jdbc.PgConnection.<init>(PgConnection.java:273) ~[postgresql-42.7.4.jar:42.7.4]
	at org.postgresql.Driver.makeConnection(Driver.java:446) ~[postgresql-42.7.4.jar:42.7.4]
	at org.postgresql.Driver.connect(Driver.java:298) ~[postgresql-42.7.4.jar:42.7.4]
	at com.zaxxer.hikari.util.DriverDataSource.getConnection(DriverDataSource.java:144) ~[HikariCP-6.3.3.jar:na]
	at com.zaxxer.hikari.pool.PoolBase.newConnection(PoolBase.java:370) ~[HikariCP-6.3.3.jar:na]
	at com.zaxxer.hikari.pool.PoolBase.newPoolEntry(PoolBase.java:207) ~[HikariCP-6.3.3.jar:na]
	at com.zaxxer.hikari.pool.HikariPool.createPoolEntry(HikariPool.java:488) ~[HikariCP-6.3.3.jar:na]
	at com.zaxxer.hikari.pool.HikariPool$PoolEntryCreator.call(HikariPool.java:752) ~[HikariCP-6.3.3.jar:na]
	at com.zaxxer.hikari.pool.HikariPool$PoolEntryCreator.call(HikariPool.java:731) ~[HikariCP-6.3.3.jar:na]
	at java.base/java.util.concurrent.FutureTask.run(FutureTask.java:328) ~[na:na]
	at java.base/java.util.concurrent.ThreadPoolExecutor.runWorker(ThreadPoolExecutor.java:1090) ~[na:na]
	at java.base/java.util.concurrent.ThreadPoolExecutor$Worker.run(ThreadPoolExecutor.java:614) ~[na:na]
	at java.base/java.lang.Thread.run(Thread.java:1474) ~[na:na]
Caused by: java.net.ConnectException: Connection refused
	at java.base/sun.nio.ch.Net.pollConnect(Native Method) ~[na:na]
	at java.base/sun.nio.ch.Net.pollConnectNow(Net.java:639) ~[na:na]
	at java.base/sun.nio.ch.NioSocketImpl.timedFinishConnect(NioSocketImpl.java:543) ~[na:na]
	at java.base/sun.nio.ch.NioSocketImpl.connect(NioSocketImpl.java:594) ~[na:na]
	at java.base/java.net.SocksSocketImpl.connect(SocksSocketImpl.java:284) ~[na:na]
	at java.base/java.net.Socket.connect(Socket.java:659) ~[na:na]
	at org.postgresql.core.PGStream.createSocket(PGStream.java:260) ~[postgresql-42.7.4.jar:42.7.4]
	at org.postgresql.core.PGStream.<init>(PGStream.java:121) ~[postgresql-42.7.4.jar:42.7.4]
	at org.postgresql.core.v3.ConnectionFactoryImpl.tryConnect(ConnectionFactoryImpl.java:140) ~[postgresql-42.7.4.jar:42.7.4]
	at org.postgresql.core.v3.ConnectionFactoryImpl.openConnectionImpl(ConnectionFactoryImpl.java:268) ~[postgresql-42.7.4.jar:42.7.4]
	... 14 common frames omitted

2025-11-10T10:29:04.036-05:00  WARN 58055 --- [reservation] [HikariPool-1:housekeeper] com.zaxxer.hikari.pool.HikariPool        : HikariPool-1 - Thread starvation or clock leap detected (housekeeper delta=24m48s840ms).
2025-11-10T10:40:04.152-05:00  WARN 58055 --- [reservation] [HikariPool-1:connection-adder] com.zaxxer.hikari.pool.PoolBase          : HikariPool-1 - Pool is empty, failed to create/setup connection (ad93db04-20de-4353-99d9-8efd045b0490)

org.postgresql.util.PSQLException: Connection to localhost:5432 refused. Check that the hostname and port are correct and that the postmaster is accepting TCP/IP connections.
	at org.postgresql.core.v3.ConnectionFactoryImpl.openConnectionImpl(ConnectionFactoryImpl.java:352) ~[postgresql-42.7.4.jar:42.7.4]
	at org.postgresql.core.ConnectionFactory.openConnection(ConnectionFactory.java:54) ~[postgresql-42.7.4.jar:42.7.4]
	at org.postgresql.jdbc.PgConnection.<init>(PgConnection.java:273) ~[postgresql-42.7.4.jar:42.7.4]
	at org.postgresql.Driver.makeConnection(Driver.java:446) ~[postgresql-42.7.4.jar:42.7.4]
	at org.postgresql.Driver.connect(Driver.java:298) ~[postgresql-42.7.4.jar:42.7.4]
	at com.zaxxer.hikari.util.DriverDataSource.getConnection(DriverDataSource.java:144) ~[HikariCP-6.3.3.jar:na]
	at com.zaxxer.hikari.pool.PoolBase.newConnection(PoolBase.java:370) ~[HikariCP-6.3.3.jar:na]
	at com.zaxxer.hikari.pool.PoolBase.newPoolEntry(PoolBase.java:207) ~[HikariCP-6.3.3.jar:na]
	at com.zaxxer.hikari.pool.HikariPool.createPoolEntry(HikariPool.java:488) ~[HikariCP-6.3.3.jar:na]
	at com.zaxxer.hikari.pool.HikariPool$PoolEntryCreator.call(HikariPool.java:752) ~[HikariCP-6.3.3.jar:na]
	at com.zaxxer.hikari.pool.HikariPool$PoolEntryCreator.call(HikariPool.java:731) ~[HikariCP-6.3.3.jar:na]
	at java.base/java.util.concurrent.FutureTask.run(FutureTask.java:328) ~[na:na]
	at java.base/java.util.concurrent.ThreadPoolExecutor.runWorker(ThreadPoolExecutor.java:1090) ~[na:na]
	at java.base/java.util.concurrent.ThreadPoolExecutor$Worker.run(ThreadPoolExecutor.java:614) ~[na:na]
	at java.base/java.lang.Thread.run(Thread.java:1474) ~[na:na]
Caused by: java.net.ConnectException: Connection refused
	at java.base/sun.nio.ch.Net.pollConnect(Native Method) ~[na:na]
	at java.base/sun.nio.ch.Net.pollConnectNow(Net.java:639) ~[na:na]
	at java.base/sun.nio.ch.NioSocketImpl.timedFinishConnect(NioSocketImpl.java:550) ~[na:na]
	at java.base/sun.nio.ch.NioSocketImpl.connect(NioSocketImpl.java:594) ~[na:na]
	at java.base/java.net.SocksSocketImpl.connect(SocksSocketImpl.java:284) ~[na:na]
	at java.base/java.net.Socket.connect(Socket.java:659) ~[na:na]
	at org.postgresql.core.PGStream.createSocket(PGStream.java:260) ~[postgresql-42.7.4.jar:42.7.4]
	at org.postgresql.core.PGStream.<init>(PGStream.java:121) ~[postgresql-42.7.4.jar:42.7.4]
	at org.postgresql.core.v3.ConnectionFactoryImpl.tryConnect(ConnectionFactoryImpl.java:140) ~[postgresql-42.7.4.jar:42.7.4]
	at org.postgresql.core.v3.ConnectionFactoryImpl.openConnectionImpl(ConnectionFactoryImpl.java:268) ~[postgresql-42.7.4.jar:42.7.4]
	... 14 common frames omitted

2025-11-10T10:42:52.488-05:00  WARN 58055 --- [reservation] [HikariPool-1:connection-adder] com.zaxxer.hikari.pool.PoolBase          : HikariPool-1 - Pool is empty, failed to create/setup connection (4de2f7ab-41de-4570-887d-8e8e41c82c50)

org.postgresql.util.PSQLException: Connection to localhost:5432 refused. Check that the hostname and port are correct and that the postmaster is accepting TCP/IP connections.
	at org.postgresql.core.v3.ConnectionFactoryImpl.openConnectionImpl(ConnectionFactoryImpl.java:352) ~[postgresql-42.7.4.jar:42.7.4]
	at org.postgresql.core.ConnectionFactory.openConnection(ConnectionFactory.java:54) ~[postgresql-42.7.4.jar:42.7.4]
	at org.postgresql.jdbc.PgConnection.<init>(PgConnection.java:273) ~[postgresql-42.7.4.jar:42.7.4]
	at org.postgresql.Driver.makeConnection(Driver.java:446) ~[postgresql-42.7.4.jar:42.7.4]
	at org.postgresql.Driver.connect(Driver.java:298) ~[postgresql-42.7.4.jar:42.7.4]
	at com.zaxxer.hikari.util.DriverDataSource.getConnection(DriverDataSource.java:144) ~[HikariCP-6.3.3.jar:na]
	at com.zaxxer.hikari.pool.PoolBase.newConnection(PoolBase.java:370) ~[HikariCP-6.3.3.jar:na]
	at com.zaxxer.hikari.pool.PoolBase.newPoolEntry(PoolBase.java:207) ~[HikariCP-6.3.3.jar:na]
	at com.zaxxer.hikari.pool.HikariPool.createPoolEntry(HikariPool.java:488) ~[HikariCP-6.3.3.jar:na]
	at com.zaxxer.hikari.pool.HikariPool$PoolEntryCreator.call(HikariPool.java:752) ~[HikariCP-6.3.3.jar:na]
	at com.zaxxer.hikari.pool.HikariPool$PoolEntryCreator.call(HikariPool.java:731) ~[HikariCP-6.3.3.jar:na]
	at java.base/java.util.concurrent.FutureTask.run(FutureTask.java:328) ~[na:na]
	at java.base/java.util.concurrent.ThreadPoolExecutor.runWorker(ThreadPoolExecutor.java:1090) ~[na:na]
	at java.base/java.util.concurrent.ThreadPoolExecutor$Worker.run(ThreadPoolExecutor.java:614) ~[na:na]
	at java.base/java.lang.Thread.run(Thread.java:1474) ~[na:na]
Caused by: java.net.ConnectException: Connection refused
	at java.base/sun.nio.ch.Net.pollConnect(Native Method) ~[na:na]
	at java.base/sun.nio.ch.Net.pollConnectNow(Net.java:639) ~[na:na]
	at java.base/sun.nio.ch.NioSocketImpl.timedFinishConnect(NioSocketImpl.java:550) ~[na:na]
	at java.base/sun.nio.ch.NioSocketImpl.connect(NioSocketImpl.java:594) ~[na:na]
	at java.base/java.net.SocksSocketImpl.connect(SocksSocketImpl.java:284) ~[na:na]
	at java.base/java.net.Socket.connect(Socket.java:659) ~[na:na]
	at org.postgresql.core.PGStream.createSocket(PGStream.java:260) ~[postgresql-42.7.4.jar:42.7.4]
	at org.postgresql.core.PGStream.<init>(PGStream.java:121) ~[postgresql-42.7.4.jar:42.7.4]
	at org.postgresql.core.v3.ConnectionFactoryImpl.tryConnect(ConnectionFactoryImpl.java:140) ~[postgresql-42.7.4.jar:42.7.4]
	at org.postgresql.core.v3.ConnectionFactoryImpl.openConnectionImpl(ConnectionFactoryImpl.java:268) ~[postgresql-42.7.4.jar:42.7.4]
	... 14 common frames omitted

2025-11-10T11:04:18.747-05:00  WARN 58055 --- [reservation] [HikariPool-1:housekeeper] com.zaxxer.hikari.pool.HikariPool        : HikariPool-1 - Thread starvation or clock leap detected (housekeeper delta=35m14s711ms).
2025-11-10T11:05:18.217-05:00  WARN 58055 --- [reservation] [HikariPool-1:connection-adder] com.zaxxer.hikari.pool.PoolBase          : HikariPool-1 - Pool is empty, failed to create/setup connection (a412aa14-38de-485b-914d-7609a100c748)

org.postgresql.util.PSQLException: Connection to localhost:5432 refused. Check that the hostname and port are correct and that the postmaster is accepting TCP/IP connections.
	at org.postgresql.core.v3.ConnectionFactoryImpl.openConnectionImpl(ConnectionFactoryImpl.java:352) ~[postgresql-42.7.4.jar:42.7.4]
	at org.postgresql.core.ConnectionFactory.openConnection(ConnectionFactory.java:54) ~[postgresql-42.7.4.jar:42.7.4]
	at org.postgresql.jdbc.PgConnection.<init>(PgConnection.java:273) ~[postgresql-42.7.4.jar:42.7.4]
	at org.postgresql.Driver.makeConnection(Driver.java:446) ~[postgresql-42.7.4.jar:42.7.4]
	at org.postgresql.Driver.connect(Driver.java:298) ~[postgresql-42.7.4.jar:42.7.4]
	at com.zaxxer.hikari.util.DriverDataSource.getConnection(DriverDataSource.java:144) ~[HikariCP-6.3.3.jar:na]
	at com.zaxxer.hikari.pool.PoolBase.newConnection(PoolBase.java:370) ~[HikariCP-6.3.3.jar:na]
	at com.zaxxer.hikari.pool.PoolBase.newPoolEntry(PoolBase.java:207) ~[HikariCP-6.3.3.jar:na]
	at com.zaxxer.hikari.pool.HikariPool.createPoolEntry(HikariPool.java:488) ~[HikariCP-6.3.3.jar:na]
	at com.zaxxer.hikari.pool.HikariPool$PoolEntryCreator.call(HikariPool.java:752) ~[HikariCP-6.3.3.jar:na]
	at com.zaxxer.hikari.pool.HikariPool$PoolEntryCreator.call(HikariPool.java:731) ~[HikariCP-6.3.3.jar:na]
	at java.base/java.util.concurrent.FutureTask.run(FutureTask.java:328) ~[na:na]
	at java.base/java.util.concurrent.ThreadPoolExecutor.runWorker(ThreadPoolExecutor.java:1090) ~[na:na]
	at java.base/java.util.concurrent.ThreadPoolExecutor$Worker.run(ThreadPoolExecutor.java:614) ~[na:na]
	at java.base/java.lang.Thread.run(Thread.java:1474) ~[na:na]
Caused by: java.net.ConnectException: Connection refused
	at java.base/sun.nio.ch.Net.pollConnect(Native Method) ~[na:na]
	at java.base/sun.nio.ch.Net.pollConnectNow(Net.java:639) ~[na:na]
	at java.base/sun.nio.ch.NioSocketImpl.timedFinishConnect(NioSocketImpl.java:550) ~[na:na]
	at java.base/sun.nio.ch.NioSocketImpl.connect(NioSocketImpl.java:594) ~[na:na]
	at java.base/java.net.SocksSocketImpl.connect(SocksSocketImpl.java:284) ~[na:na]
	at java.base/java.net.Socket.connect(Socket.java:659) ~[na:na]
	at org.postgresql.core.PGStream.createSocket(PGStream.java:260) ~[postgresql-42.7.4.jar:42.7.4]
	at org.postgresql.core.PGStream.<init>(PGStream.java:121) ~[postgresql-42.7.4.jar:42.7.4]
	at org.postgresql.core.v3.ConnectionFactoryImpl.tryConnect(ConnectionFactoryImpl.java:140) ~[postgresql-42.7.4.jar:42.7.4]
	at org.postgresql.core.v3.ConnectionFactoryImpl.openConnectionImpl(ConnectionFactoryImpl.java:268) ~[postgresql-42.7.4.jar:42.7.4]
	... 14 common frames omitted

2025-11-10T11:06:23.278-05:00  WARN 58055 --- [reservation] [HikariPool-1:connection-adder] com.zaxxer.hikari.pool.PoolBase          : HikariPool-1 - Pool is empty, failed to create/setup connection (6a6b9936-985b-48b8-8b03-590f80bfd8a4)

org.postgresql.util.PSQLException: Connection to localhost:5432 refused. Check that the hostname and port are correct and that the postmaster is accepting TCP/IP connections.
	at org.postgresql.core.v3.ConnectionFactoryImpl.openConnectionImpl(ConnectionFactoryImpl.java:352) ~[postgresql-42.7.4.jar:42.7.4]
	at org.postgresql.core.ConnectionFactory.openConnection(ConnectionFactory.java:54) ~[postgresql-42.7.4.jar:42.7.4]
	at org.postgresql.jdbc.PgConnection.<init>(PgConnection.java:273) ~[postgresql-42.7.4.jar:42.7.4]
	at org.postgresql.Driver.makeConnection(Driver.java:446) ~[postgresql-42.7.4.jar:42.7.4]
	at org.postgresql.Driver.connect(Driver.java:298) ~[postgresql-42.7.4.jar:42.7.4]
	at com.zaxxer.hikari.util.DriverDataSource.getConnection(DriverDataSource.java:144) ~[HikariCP-6.3.3.jar:na]
	at com.zaxxer.hikari.pool.PoolBase.newConnection(PoolBase.java:370) ~[HikariCP-6.3.3.jar:na]
	at com.zaxxer.hikari.pool.PoolBase.newPoolEntry(PoolBase.java:207) ~[HikariCP-6.3.3.jar:na]
	at com.zaxxer.hikari.pool.HikariPool.createPoolEntry(HikariPool.java:488) ~[HikariCP-6.3.3.jar:na]
	at com.zaxxer.hikari.pool.HikariPool$PoolEntryCreator.call(HikariPool.java:752) ~[HikariCP-6.3.3.jar:na]
	at com.zaxxer.hikari.pool.HikariPool$PoolEntryCreator.call(HikariPool.java:731) ~[HikariCP-6.3.3.jar:na]
	at java.base/java.util.concurrent.FutureTask.run(FutureTask.java:328) ~[na:na]
	at java.base/java.util.concurrent.ThreadPoolExecutor.runWorker(ThreadPoolExecutor.java:1090) ~[na:na]
	at java.base/java.util.concurrent.ThreadPoolExecutor$Worker.run(ThreadPoolExecutor.java:614) ~[na:na]
	at java.base/java.lang.Thread.run(Thread.java:1474) ~[na:na]
Caused by: java.net.ConnectException: Connection refused
	at java.base/sun.nio.ch.Net.pollConnect(Native Method) ~[na:na]
	at java.base/sun.nio.ch.Net.pollConnectNow(Net.java:639) ~[na:na]
	at java.base/sun.nio.ch.NioSocketImpl.timedFinishConnect(NioSocketImpl.java:550) ~[na:na]
	at java.base/sun.nio.ch.NioSocketImpl.connect(NioSocketImpl.java:594) ~[na:na]
	at java.base/java.net.SocksSocketImpl.connect(SocksSocketImpl.java:284) ~[na:na]
	at java.base/java.net.Socket.connect(Socket.java:659) ~[na:na]
	at org.postgresql.core.PGStream.createSocket(PGStream.java:260) ~[postgresql-42.7.4.jar:42.7.4]
	at org.postgresql.core.PGStream.<init>(PGStream.java:121) ~[postgresql-42.7.4.jar:42.7.4]
	at org.postgresql.core.v3.ConnectionFactoryImpl.tryConnect(ConnectionFactoryImpl.java:140) ~[postgresql-42.7.4.jar:42.7.4]
	at org.postgresql.core.v3.ConnectionFactoryImpl.openConnectionImpl(ConnectionFactoryImpl.java:268) ~[postgresql-42.7.4.jar:42.7.4]
	... 14 common frames omitted

2025-11-10T11:07:28.343-05:00  WARN 58055 --- [reservation] [HikariPool-1:connection-adder] com.zaxxer.hikari.pool.PoolBase          : HikariPool-1 - Pool is empty, failed to create/setup connection (8ce6e1dc-acc7-4c74-a9b7-b4c80f614194)

org.postgresql.util.PSQLException: Connection to localhost:5432 refused. Check that the hostname and port are correct and that the postmaster is accepting TCP/IP connections.
	at org.postgresql.core.v3.ConnectionFactoryImpl.openConnectionImpl(ConnectionFactoryImpl.java:352) ~[postgresql-42.7.4.jar:42.7.4]
	at org.postgresql.core.ConnectionFactory.openConnection(ConnectionFactory.java:54) ~[postgresql-42.7.4.jar:42.7.4]
	at org.postgresql.jdbc.PgConnection.<init>(PgConnection.java:273) ~[postgresql-42.7.4.jar:42.7.4]
	at org.postgresql.Driver.makeConnection(Driver.java:446) ~[postgresql-42.7.4.jar:42.7.4]
	at org.postgresql.Driver.connect(Driver.java:298) ~[postgresql-42.7.4.jar:42.7.4]
	at com.zaxxer.hikari.util.DriverDataSource.getConnection(DriverDataSource.java:144) ~[HikariCP-6.3.3.jar:na]
	at com.zaxxer.hikari.pool.PoolBase.newConnection(PoolBase.java:370) ~[HikariCP-6.3.3.jar:na]
	at com.zaxxer.hikari.pool.PoolBase.newPoolEntry(PoolBase.java:207) ~[HikariCP-6.3.3.jar:na]
	at com.zaxxer.hikari.pool.HikariPool.createPoolEntry(HikariPool.java:488) ~[HikariCP-6.3.3.jar:na]
	at com.zaxxer.hikari.pool.HikariPool$PoolEntryCreator.call(HikariPool.java:752) ~[HikariCP-6.3.3.jar:na]
	at com.zaxxer.hikari.pool.HikariPool$PoolEntryCreator.call(HikariPool.java:731) ~[HikariCP-6.3.3.jar:na]
	at java.base/java.util.concurrent.FutureTask.run(FutureTask.java:328) ~[na:na]
	at java.base/java.util.concurrent.ThreadPoolExecutor.runWorker(ThreadPoolExecutor.java:1090) ~[na:na]
	at java.base/java.util.concurrent.ThreadPoolExecutor$Worker.run(ThreadPoolExecutor.java:614) ~[na:na]
	at java.base/java.lang.Thread.run(Thread.java:1474) ~[na:na]
Caused by: java.net.ConnectException: Connection refused
	at java.base/sun.nio.ch.Net.pollConnect(Native Method) ~[na:na]
	at java.base/sun.nio.ch.Net.pollConnectNow(Net.java:639) ~[na:na]
	at java.base/sun.nio.ch.NioSocketImpl.timedFinishConnect(NioSocketImpl.java:550) ~[na:na]
	at java.base/sun.nio.ch.NioSocketImpl.connect(NioSocketImpl.java:594) ~[na:na]
	at java.base/java.net.SocksSocketImpl.connect(SocksSocketImpl.java:284) ~[na:na]
	at java.base/java.net.Socket.connect(Socket.java:659) ~[na:na]
	at org.postgresql.core.PGStream.createSocket(PGStream.java:260) ~[postgresql-42.7.4.jar:42.7.4]
	at org.postgresql.core.PGStream.<init>(PGStream.java:121) ~[postgresql-42.7.4.jar:42.7.4]
	at org.postgresql.core.v3.ConnectionFactoryImpl.tryConnect(ConnectionFactoryImpl.java:140) ~[postgresql-42.7.4.jar:42.7.4]
	at org.postgresql.core.v3.ConnectionFactoryImpl.openConnectionImpl(ConnectionFactoryImpl.java:268) ~[postgresql-42.7.4.jar:42.7.4]
	... 14 common frames omitted

2025-11-10T11:07:28.547-05:00  INFO 65389 --- [reservation] [main] c.a.reservation.ReservationApplication   : Starting ReservationApplication using Java 25 with PID 65389 (/Users/sodikjonismoilov/Documents/java_projects/reservation/target/classes started by sodikjonismoilov in /Users/sodikjonismoilov/Documents/java_projects/reservation)
2025-11-10T11:07:28.547-05:00  INFO 65389 --- [reservation] [main] c.a.reservation.ReservationApplication   : No active profile set, falling back to 1 default profile: "default"
2025-11-10T11:07:28.989-05:00  INFO 65389 --- [reservation] [main] .s.d.r.c.RepositoryConfigurationDelegate : Bootstrapping Spring Data JPA repositories in DEFAULT mode.
2025-11-10T11:07:29.016-05:00  INFO 65389 --- [reservation] [main] .s.d.r.c.RepositoryConfigurationDelegate : Finished Spring Data repository scanning in 22 ms. Found 4 JPA repository interfaces.
2025-11-10T11:07:29.333-05:00  INFO 65389 --- [reservation] [main] o.s.b.w.embedded.tomcat.TomcatWebServer  : Tomcat initialized with port 8080 (http)
2025-11-10T11:07:29.341-05:00  INFO 65389 --- [reservation] [main] o.apache.catalina.core.StandardService   : Starting service [Tomcat]
2025-11-10T11:07:29.341-05:00  INFO 65389 --- [reservation] [main] o.apache.catalina.core.StandardEngine    : Starting Servlet engine: [Apache Tomcat/10.1.48]
2025-11-10T11:07:29.361-05:00  INFO 65389 --- [reservation] [main] o.a.c.c.C.[Tomcat].[localhost].[/]       : Initializing Spring embedded WebApplicationContext
2025-11-10T11:07:29.362-05:00  INFO 65389 --- [reservation] [main] w.s.c.ServletWebServerApplicationContext : Root WebApplicationContext: initialization completed in 796 ms
2025-11-10T11:07:29.521-05:00  INFO 65389 --- [reservation] [main] o.hibernate.jpa.internal.util.LogHelper  : HHH000204: Processing PersistenceUnitInfo [name: default]
2025-11-10T11:07:29.555-05:00  INFO 65389 --- [reservation] [main] org.hibernate.Version                    : HHH000412: Hibernate ORM core version 6.6.33.Final
2025-11-10T11:07:29.574-05:00  INFO 65389 --- [reservation] [main] o.h.c.internal.RegionFactoryInitiator    : HHH000026: Second-level cache disabled
2025-11-10T11:07:29.709-05:00  INFO 65389 --- [reservation] [main] o.s.o.j.p.SpringPersistenceUnitInfo      : No LoadTimeWeaver setup: ignoring JPA class transformer
2025-11-10T11:07:29.724-05:00  INFO 65389 --- [reservation] [main] com.zaxxer.hikari.HikariDataSource       : HikariPool-1 - Starting...
2025-11-10T11:07:30.749-05:00  WARN 65389 --- [reservation] [main] o.h.engine.jdbc.spi.SqlExceptionHelper   : SQL Error: 0, SQLState: 08001
2025-11-10T11:07:30.750-05:00 ERROR 65389 --- [reservation] [main] o.h.engine.jdbc.spi.SqlExceptionHelper   : Connection to localhost:5432 refused. Check that the hostname and port are correct and that the postmaster is accepting TCP/IP connections.
2025-11-10T11:07:30.751-05:00  WARN 65389 --- [reservation] [main] o.h.e.j.e.i.JdbcEnvironmentInitiator     : HHH000342: Could not obtain connection to query metadata

org.hibernate.exception.JDBCConnectionException: unable to obtain isolated JDBC connection [Connection to localhost:5432 refused. Check that the hostname and port are correct and that the postmaster is accepting TCP/IP connections.] [n/a]
	at org.hibernate.exception.internal.SQLStateConversionDelegate.convert(SQLStateConversionDelegate.java:100) ~[hibernate-core-6.6.33.Final.jar:6.6.33.Final]
	at org.hibernate.exception.internal.StandardSQLExceptionConverter.convert(StandardSQLExceptionConverter.java:58) ~[hibernate-core-6.6.33.Final.jar:6.6.33.Final]
	at org.hibernate.engine.jdbc.spi.SqlExceptionHelper.convert(SqlExceptionHelper.java:108) ~[hibernate-core-6.6.33.Final.jar:6.6.33.Final]
	at org.hibernate.engine.jdbc.spi.SqlExceptionHelper.convert(SqlExceptionHelper.java:94) ~[hibernate-core-6.6.33.Final.jar:6.6.33.Final]
	at org.hibernate.resource.transaction.backend.jdbc.internal.JdbcIsolationDelegate.delegateWork(JdbcIsolationDelegate.java:116) ~[hibernate-core-6.6.33.Final.jar:6.6.33.Final]
	at org.hibernate.engine.jdbc.env.internal.JdbcEnvironmentInitiator.getJdbcEnvironmentUsingJdbcMetadata(JdbcEnvironmentInitiator.java:334) ~[hibernate-core-6.6.33.Final.jar:6.6.33.Final]
	at org.hibernate.engine.jdbc.env.internal.JdbcEnvironmentInitiator.initiateService(JdbcEnvironmentInitiator.java:129) ~[hibernate-core-6.6.33.Final.jar:6.6.33.Final]
	at org.hibernate.engine.jdbc.env.internal.JdbcEnvironmentInitiator.initiateService(JdbcEnvironmentInitiator.java:81) ~[hibernate-core-6.6.33.Final.jar:6.6.33.Final]
	at org.hibernate.boot.registry.internal.StandardServiceRegistryImpl.initiateService(StandardServiceRegistryImpl.java:130) ~[hibernate-core-6.6.33.Final.jar:6.6.33.Final]
	at org.hibernate.service.internal.AbstractServiceRegistryImpl.createService(AbstractServiceRegistryImpl.java:263) ~[hibernate-core-6.6.33.Final.jar:6.6.33.Final]
	at org.hibernate.service.internal.AbstractServiceRegistryImpl.initializeService(AbstractServiceRegistryImpl.java:238) ~[hibernate-core-6.6.33.Final.jar:6.6.33.Final]
	at org.hibernate.service.internal.AbstractServiceRegistryImpl.getService(AbstractServiceRegistryImpl.java:215) ~[hibernate-core-6.6.33.Final.jar:6.6.33.Final]
	at org.hibernate.boot.model.relational.Database.<init>(Database.java:45) ~[hibernate-core-6.6.33.Final.jar:6.6.33.Final]
	at org.hibernate.boot.internal.InFlightMetadataCollectorImpl.getDatabase(InFlightMetadataCollectorImpl.java:226) ~[hibernate-core-6.6.33.Final.jar:6.6.33.Final]
	at org.hibernate.boot.internal.InFlightMetadataCollectorImpl.<init>(InFlightMetadataCollectorImpl.java:194) ~[hibernate-core-6.6.33.Final.jar:6.6.33.Final]
	at org.hibernate.boot.model.process.spi.MetadataBuildingProcess.complete(MetadataBuildingProcess.java:171) ~[hibernate-core-6.6.33.Final.jar:6.6.33.Final]
	at org.hibernate.jpa.boot.internal.EntityManagerFactoryBuilderImpl.metadata(EntityManagerFactoryBuilderImpl.java:1442) ~[hibernate-core-6.6.33.Final.jar:6.6.33.Final]
	at org.hibernate.jpa.boot.internal.EntityManagerFactoryBuilderImpl.build(EntityManagerFactoryBuilderImpl.java:1513) ~[hibernate-core-6.6.33.Final.jar:6.6.33.Final]
	at org.springframework.orm.jpa.vendor.SpringHibernateJpaPersistenceProvider.createContainerEntityManagerFactory(SpringHibernateJpaPersistenceProvider.java:66) ~[spring-orm-6.2.12.jar:6.2.12]
	at org.springframework.orm.jpa.LocalContainerEntityManagerFactoryBean.createNativeEntityManagerFactory(LocalContainerEntityManagerFactoryBean.java:390) ~[spring-orm-6.2.12.jar:6.2.12]
	at org.springframework.orm.jpa.AbstractEntityManagerFactoryBean.buildNativeEntityManagerFactory(AbstractEntityManagerFactoryBean.java:419) ~[spring-orm-6.2.12.jar:6.2.12]
	at org.springframework.orm.jpa.AbstractEntityManagerFactoryBean.afterPropertiesSet(AbstractEntityManagerFactoryBean.java:400) ~[spring-orm-6.2.12.jar:6.2.12]
	at org.springframework.orm.jpa.LocalContainerEntityManagerFactoryBean.afterPropertiesSet(LocalContainerEntityManagerFactoryBean.java:366) ~[spring-orm-6.2.12.jar:6.2.12]
	at org.springframework.beans.factory.support.AbstractAutowireCapableBeanFactory.invokeInitMethods(AbstractAutowireCapableBeanFactory.java:1873) ~[spring-beans-6.2.12.jar:6.2.12]
	at org.springframework.beans.factory.support.AbstractAutowireCapableBeanFactory.initializeBean(AbstractAutowireCapableBeanFactory.java:1822) ~[spring-beans-6.2.12.jar:6.2.12]
	at org.springframework.beans.factory.support.AbstractAutowireCapableBeanFactory.doCreateBean(AbstractAutowireCapableBeanFactory.java:607) ~[spring-beans-6.2.12.jar:6.2.12]
	at org.springframework.beans.factory.support.AbstractAutowireCapableBeanFactory.createBean(AbstractAutowireCapableBeanFactory.java:529) ~[spring-beans-6.2.12.jar:6.2.12]
	at org.springframework.beans.factory.support.AbstractBeanFactory.lambda$doGetBean$0(AbstractBeanFactory.java:339) ~[spring-beans-6.2.12.jar:6.2.12]
	at org.springframework.beans.factory.support.DefaultSingletonBeanRegistry.getSingleton(DefaultSingletonBeanRegistry.java:373) ~[spring-beans-6.2.12.jar:6.2.12]
	at org.springframework.beans.factory.support.AbstractBeanFactory.doGetBean(AbstractBeanFactory.java:337) ~[spring-beans-6.2.12.jar:6.2.12]
	at org.springframework.beans.factory.support.AbstractBeanFactory.getBean(AbstractBeanFactory.java:207) ~[spring-beans-6.2.12.jar:6.2.12]
	at org.springframework.context.support.AbstractApplicationContext.finishBeanFactoryInitialization(AbstractApplicationContext.java:973) ~[spring-context-6.2.12.jar:6.2.12]
	at org.springframework.context.support.AbstractApplicationContext.refresh(AbstractApplicationContext.java:627) ~[spring-context-6.2.12.jar:6.2.12]
	at org.springframework.boot.web.servlet.context.ServletWebServerApplicationContext.refresh(ServletWebServerApplicationContext.java:146) ~[spring-boot-3.5.7.jar:3.5.7]
	at org.springframework.boot.SpringApplication.refresh(SpringApplication.java:752) ~[spring-boot-3.5.7.jar:3.5.7]
	at org.springframework.boot.SpringApplication.refreshContext(SpringApplication.java:439) ~[spring-boot-3.5.7.jar:3.5.7]
	at org.springframework.boot.SpringApplication.run(SpringApplication.java:318) ~[spring-boot-3.5.7.jar:3.5.7]
	at org.springframework.boot.SpringApplication.run(SpringApplication.java:1361) ~[spring-boot-3.5.7.jar:3.5.7]
	at org.springframework.boot.SpringApplication.run(SpringApplication.java:1350) ~[spring-boot-3.5.7.jar:3.5.7]
	at com.airline.reservation.ReservationApplication.main(ReservationApplication.java:10) ~[classes/:na]
Caused by: org.postgresql.util.PSQLException: Connection to localhost:5432 refused. Check that the hostname and port are correct and that the postmaster is accepting TCP/IP connections.
	at org.postgresql.core.v3.ConnectionFactoryImpl.openConnectionImpl(ConnectionFactoryImpl.java:352) ~[postgresql-42.7.4.jar:42.7.4]
	at org.postgresql.core.ConnectionFactory.openConnection(ConnectionFactory.java:54) ~[postgresql-42.7.4.jar:42.7.4]
	at org.postgresql.jdbc.PgConnection.<init>(PgConnection.java:273) ~[postgresql-42.7.4.jar:42.7.4]
	at org.postgresql.Driver.makeConnection(Driver.java:446) ~[postgresql-42.7.4.jar:42.7.4]
	at org.postgresql.Driver.connect(Driver.java:298) ~[postgresql-42.7.4.jar:42.7.4]
	at com.zaxxer.hikari.util.DriverDataSource.getConnection(DriverDataSource.java:144) ~[HikariCP-6.3.3.jar:na]
	at com.zaxxer.hikari.pool.PoolBase.newConnection(PoolBase.java:370) ~[HikariCP-6.3.3.jar:na]
	at com.zaxxer.hikari.pool.PoolBase.newPoolEntry(PoolBase.java:207) ~[HikariCP-6.3.3.jar:na]
	at com.zaxxer.hikari.pool.HikariPool.createPoolEntry(HikariPool.java:488) ~[HikariCP-6.3.3.jar:na]
	at com.zaxxer.hikari.pool.HikariPool.checkFailFast(HikariPool.java:576) ~[HikariCP-6.3.3.jar:na]
	at com.zaxxer.hikari.pool.HikariPool.<init>(HikariPool.java:97) ~[HikariCP-6.3.3.jar:na]
	at com.zaxxer.hikari.HikariDataSource.getConnection(HikariDataSource.java:111) ~[HikariCP-6.3.3.jar:na]
	at org.hibernate.engine.jdbc.connections.internal.DatasourceConnectionProviderImpl.getConnection(DatasourceConnectionProviderImpl.java:126) ~[hibernate-core-6.6.33.Final.jar:6.6.33.Final]
	at org.hibernate.engine.jdbc.env.internal.JdbcEnvironmentInitiator$ConnectionProviderJdbcConnectionAccess.obtainConnection(JdbcEnvironmentInitiator.java:485) ~[hibernate-core-6.6.33.Final.jar:6.6.33.Final]
	at org.hibernate.resource.transaction.backend.jdbc.internal.JdbcIsolationDelegate.delegateWork(JdbcIsolationDelegate.java:61) ~[hibernate-core-6.6.33.Final.jar:6.6.33.Final]
	... 35 common frames omitted
Caused by: java.net.ConnectException: Connection refused
	at java.base/sun.nio.ch.Net.pollConnect(Native Method) ~[na:na]
	at java.base/sun.nio.ch.Net.pollConnectNow(Net.java:639) ~[na:na]
	at java.base/sun.nio.ch.NioSocketImpl.timedFinishConnect(NioSocketImpl.java:543) ~[na:na]
	at java.base/sun.nio.ch.NioSocketImpl.connect(NioSocketImpl.java:594) ~[na:na]
	at java.base/java.net.SocksSocketImpl.connect(SocksSocketImpl.java:284) ~[na:na]
	at java.base/java.net.Socket.connect(Socket.java:659) ~[na:na]
	at org.postgresql.core.PGStream.createSocket(PGStream.java:260) ~[postgresql-42.7.4.jar:42.7.4]
	at org.postgresql.core.PGStream.<init>(PGStream.java:121) ~[postgresql-42.7.4.jar:42.7.4]
	at org.postgresql.core.v3.ConnectionFactoryImpl.tryConnect(ConnectionFactoryImpl.java:140) ~[postgresql-42.7.4.jar:42.7.4]
	at org.postgresql.core.v3.ConnectionFactoryImpl.openConnectionImpl(ConnectionFactoryImpl.java:268) ~[postgresql-42.7.4.jar:42.7.4]
	... 49 common frames omitted

2025-11-10T11:07:30.775-05:00  WARN 65389 --- [reservation] [main] org.hibernate.orm.deprecation            : HHH90000025: PostgreSQLDialect does not need to be specified explicitly using 'hibernate.dialect' (remove the property setting and it will be selected by default)
2025-11-10T11:07:30.780-05:00  INFO 65389 --- [reservation] [main] org.hibernate.orm.connections.pooling    : HHH10001005: Database info:
	Database JDBC URL [Connecting through datasource 'HikariDataSource (null)']
	Database driver: undefined/unknown
	Database version: 12.0
	Autocommit mode: undefined/unknown
	Isolation level: undefined/unknown
	Minimum pool size: undefined/unknown
	Maximum pool size: undefined/unknown
2025-11-10T11:07:31.226-05:00  INFO 65389 --- [reservation] [main] o.h.e.t.j.p.i.JtaPlatformInitiator       : HHH000489: No JTA platform available (set 'hibernate.transaction.jta.platform' to enable JTA platform integration)
2025-11-10T11:07:31.234-05:00  INFO 65389 --- [reservation] [main] com.zaxxer.hikari.HikariDataSource       : HikariPool-1 - Starting...
2025-11-10T11:07:32.240-05:00  WARN 65389 --- [reservation] [main] o.h.engine.jdbc.spi.SqlExceptionHelper   : SQL Error: 0, SQLState: 08001
2025-11-10T11:07:32.241-05:00 ERROR 65389 --- [reservation] [main] o.h.engine.jdbc.spi.SqlExceptionHelper   : Connection to localhost:5432 refused. Check that the hostname and port are correct and that the postmaster is accepting TCP/IP connections.
2025-11-10T11:07:32.248-05:00 ERROR 65389 --- [reservation] [main] j.LocalContainerEntityManagerFactoryBean : Failed to initialize JPA EntityManagerFactory: [PersistenceUnit: default] Unable to build Hibernate SessionFactory; nested exception is org.hibernate.exception.JDBCConnectionException: Unable to open JDBC Connection for DDL execution [Connection to localhost:5432 refused. Check that the hostname and port are correct and that the postmaster is accepting TCP/IP connections.] [n/a]
2025-11-10T11:07:32.249-05:00  WARN 65389 --- [reservation] [main] ConfigServletWebServerApplicationContext : Exception encountered during context initialization - cancelling refresh attempt: org.springframework.beans.factory.BeanCreationException: Error creating bean with name 'entityManagerFactory' defined in class path resource [org/springframework/boot/autoconfigure/orm/jpa/HibernateJpaConfiguration.class]: [PersistenceUnit: default] Unable to build Hibernate SessionFactory; nested exception is org.hibernate.exception.JDBCConnectionException: Unable to open JDBC Connection for DDL execution [Connection to localhost:5432 refused. Check that the hostname and port are correct and that the postmaster is accepting TCP/IP connections.] [n/a]
2025-11-10T11:07:32.252-05:00  INFO 65389 --- [reservation] [main] o.apache.catalina.core.StandardService   : Stopping service [Tomcat]
2025-11-10T11:07:32.271-05:00  INFO 65389 --- [reservation] [main] .s.b.a.l.ConditionEvaluationReportLogger : 

Error starting ApplicationContext. To display the condition evaluation report re-run your application with 'debug' enabled.
2025-11-10T11:07:32.280-05:00 ERROR 65389 --- [reservation] [main] o.s.boot.SpringApplication               : Application run failed

org.springframework.beans.factory.BeanCreationException: Error creating bean with name 'entityManagerFactory' defined in class path resource [org/springframework/boot/autoconfigure/orm/jpa/HibernateJpaConfiguration.class]: [PersistenceUnit: default] Unable to build Hibernate SessionFactory; nested exception is org.hibernate.exception.JDBCConnectionException: Unable to open JDBC Connection for DDL execution [Connection to localhost:5432 refused. Check that the hostname and port are correct and that the postmaster is accepting TCP/IP connections.] [n/a]
	at org.springframework.beans.factory.support.AbstractAutowireCapableBeanFactory.initializeBean(AbstractAutowireCapableBeanFactory.java:1826) ~[spring-beans-6.2.12.jar:6.2.12]
	at org.springframework.beans.factory.support.AbstractAutowireCapableBeanFactory.doCreateBean(AbstractAutowireCapableBeanFactory.java:607) ~[spring-beans-6.2.12.jar:6.2.12]
	at org.springframework.beans.factory.support.AbstractAutowireCapableBeanFactory.createBean(AbstractAutowireCapableBeanFactory.java:529) ~[spring-beans-6.2.12.jar:6.2.12]
	at org.springframework.beans.factory.support.AbstractBeanFactory.lambda$doGetBean$0(AbstractBeanFactory.java:339) ~[spring-beans-6.2.12.jar:6.2.12]
	at org.springframework.beans.factory.support.DefaultSingletonBeanRegistry.getSingleton(DefaultSingletonBeanRegistry.java:373) ~[spring-beans-6.2.12.jar:6.2.12]
	at org.springframework.beans.factory.support.AbstractBeanFactory.doGetBean(AbstractBeanFactory.java:337) ~[spring-beans-6.2.12.jar:6.2.12]
	at org.springframework.beans.factory.support.AbstractBeanFactory.getBean(AbstractBeanFactory.java:207) ~[spring-beans-6.2.12.jar:6.2.12]
	at org.springframework.context.support.AbstractApplicationContext.finishBeanFactoryInitialization(AbstractApplicationContext.java:973) ~[spring-context-6.2.12.jar:6.2.12]
	at org.springframework.context.support.AbstractApplicationContext.refresh(AbstractApplicationContext.java:627) ~[spring-context-6.2.12.jar:6.2.12]
	at org.springframework.boot.web.servlet.context.ServletWebServerApplicationContext.refresh(ServletWebServerApplicationContext.java:146) ~[spring-boot-3.5.7.jar:3.5.7]
	at org.springframework.boot.SpringApplication.refresh(SpringApplication.java:752) ~[spring-boot-3.5.7.jar:3.5.7]
	at org.springframework.boot.SpringApplication.refreshContext(SpringApplication.java:439) ~[spring-boot-3.5.7.jar:3.5.7]
	at org.springframework.boot.SpringApplication.run(SpringApplication.java:318) ~[spring-boot-3.5.7.jar:3.5.7]
	at org.springframework.boot.SpringApplication.run(SpringApplication.java:1361) ~[spring-boot-3.5.7.jar:3.5.7]
	at org.springframework.boot.SpringApplication.run(SpringApplication.java:1350) ~[spring-boot-3.5.7.jar:3.5.7]
	at com.airline.reservation.ReservationApplication.main(ReservationApplication.java:10) ~[classes/:na]
Caused by: jakarta.persistence.PersistenceException: [PersistenceUnit: default] Unable to build Hibernate SessionFactory; nested exception is org.hibernate.exception.JDBCConnectionException: Unable to open JDBC Connection for DDL execution [Connection to localhost:5432 refused. Check that the hostname and port are correct and that the postmaster is accepting TCP/IP connections.] [n/a]
	at org.springframework.orm.jpa.AbstractEntityManagerFactoryBean.buildNativeEntityManagerFactory(AbstractEntityManagerFactoryBean.java:431) ~[spring-orm-6.2.12.jar:6.2.12]
	at org.springframework.orm.jpa.AbstractEntityManagerFactoryBean.afterPropertiesSet(AbstractEntityManagerFactoryBean.java:400) ~[spring-orm-6.2.12.jar:6.2.12]
	at org.springframework.orm.jpa.LocalContainerEntityManagerFactoryBean.afterPropertiesSet(LocalContainerEntityManagerFactoryBean.java:366) ~[spring-orm-6.2.12.jar:6.2.12]
	at org.springframework.beans.factory.support.AbstractAutowireCapableBeanFactory.invokeInitMethods(AbstractAutowireCapableBeanFactory.java:1873) ~[spring-beans-6.2.12.jar:6.2.12]
	at org.springframework.beans.factory.support.AbstractAutowireCapableBeanFactory.initializeBean(AbstractAutowireCapableBeanFactory.java:1822) ~[spring-beans-6.2.12.jar:6.2.12]
	... 15 common frames omitted
Caused by: org.hibernate.exception.JDBCConnectionException: Unable to open JDBC Connection for DDL execution [Connection to localhost:5432 refused. Check that the hostname and port are correct and that the postmaster is accepting TCP/IP connections.] [n/a]
	at org.hibernate.exception.internal.SQLStateConversionDelegate.convert(SQLStateConversionDelegate.java:100) ~[hibernate-core-6.6.33.Final.jar:6.6.33.Final]
	at org.hibernate.exception.internal.StandardSQLExceptionConverter.convert(StandardSQLExceptionConverter.java:58) ~[hibernate-core-6.6.33.Final.jar:6.6.33.Final]
	at org.hibernate.engine.jdbc.spi.SqlExceptionHelper.convert(SqlExceptionHelper.java:108) ~[hibernate-core-6.6.33.Final.jar:6.6.33.Final]
	at org.hibernate.engine.jdbc.spi.SqlExceptionHelper.convert(SqlExceptionHelper.java:94) ~[hibernate-core-6.6.33.Final.jar:6.6.33.Final]
	at org.hibernate.resource.transaction.backend.jdbc.internal.DdlTransactionIsolatorNonJtaImpl.getIsolatedConnection(DdlTransactionIsolatorNonJtaImpl.java:74) ~[hibernate-core-6.6.33.Final.jar:6.6.33.Final]
	at org.hibernate.resource.transaction.backend.jdbc.internal.DdlTransactionIsolatorNonJtaImpl.getIsolatedConnection(DdlTransactionIsolatorNonJtaImpl.java:39) ~[hibernate-core-6.6.33.Final.jar:6.6.33.Final]
	at org.hibernate.tool.schema.internal.exec.ImprovedExtractionContextImpl.getJdbcConnection(ImprovedExtractionContextImpl.java:63) ~[hibernate-core-6.6.33.Final.jar:6.6.33.Final]
	at org.hibernate.tool.schema.extract.spi.ExtractionContext.getQueryResults(ExtractionContext.java:43) ~[hibernate-core-6.6.33.Final.jar:6.6.33.Final]
	at org.hibernate.tool.schema.extract.internal.SequenceInformationExtractorLegacyImpl.extractMetadata(SequenceInformationExtractorLegacyImpl.java:39) ~[hibernate-core-6.6.33.Final.jar:6.6.33.Final]
	at org.hibernate.tool.schema.extract.internal.DatabaseInformationImpl.initializeSequences(DatabaseInformationImpl.java:66) ~[hibernate-core-6.6.33.Final.jar:6.6.33.Final]
	at org.hibernate.tool.schema.extract.internal.DatabaseInformationImpl.<init>(DatabaseInformationImpl.java:60) ~[hibernate-core-6.6.33.Final.jar:6.6.33.Final]
	at org.hibernate.tool.schema.internal.Helper.buildDatabaseInformation(Helper.java:185) ~[hibernate-core-6.6.33.Final.jar:6.6.33.Final]
	at org.hibernate.tool.schema.internal.AbstractSchemaMigrator.doMigration(AbstractSchemaMigrator.java:93) ~[hibernate-core-6.6.33.Final.jar:6.6.33.Final]
	at org.hibernate.tool.schema.spi.SchemaManagementToolCoordinator.performDatabaseAction(SchemaManagementToolCoordinator.java:280) ~[hibernate-core-6.6.33.Final.jar:6.6.33.Final]
	at org.hibernate.tool.schema.spi.SchemaManagementToolCoordinator.lambda$process$5(SchemaManagementToolCoordinator.java:144) ~[hibernate-core-6.6.33.Final.jar:6.6.33.Final]
	at java.base/java.util.HashMap.forEach(HashMap.java:1430) ~[na:na]
	at org.hibernate.tool.schema.spi.SchemaManagementToolCoordinator.process(SchemaManagementToolCoordinator.java:141) ~[hibernate-core-6.6.33.Final.jar:6.6.33.Final]
	at org.hibernate.boot.internal.SessionFactoryObserverForSchemaExport.sessionFactoryCreated(SessionFactoryObserverForSchemaExport.java:37) ~[hibernate-core-6.6.33.Final.jar:6.6.33.Final]
	at org.hibernate.internal.SessionFactoryObserverChain.sessionFactoryCreated(SessionFactoryObserverChain.java:35) ~[hibernate-core-6.6.33.Final.jar:6.6.33.Final]
	at org.hibernate.internal.SessionFactoryImpl.<init>(SessionFactoryImpl.java:324) ~[hibernate-core-6.6.33.Final.jar:6.6.33.Final]
	at org.hibernate.boot.internal.SessionFactoryBuilderImpl.build(SessionFactoryBuilderImpl.java:463) ~[hibernate-core-6.6.33.Final.jar:6.6.33.Final]
	at org.hibernate.jpa.boot.internal.EntityManagerFactoryBuilderImpl.build(EntityManagerFactoryBuilderImpl.java:1517) ~[hibernate-core-6.6.33.Final.jar:6.6.33.Final]
	at org.springframework.orm.jpa.vendor.SpringHibernateJpaPersistenceProvider.createContainerEntityManagerFactory(SpringHibernateJpaPersistenceProvider.java:66) ~[spring-orm-6.2.12.jar:6.2.12]
	at org.springframework.orm.jpa.LocalContainerEntityManagerFactoryBean.createNativeEntityManagerFactory(LocalContainerEntityManagerFactoryBean.java:390) ~[spring-orm-6.2.12.jar:6.2.12]
	at org.springframework.orm.jpa.AbstractEntityManagerFactoryBean.buildNativeEntityManagerFactory(AbstractEntityManagerFactoryBean.java:419) ~[spring-orm-6.2.12.jar:6.2.12]
	... 19 common frames omitted
Caused by: org.postgresql.util.PSQLException: Connection to localhost:5432 refused. Check that the hostname and port are correct and that the postmaster is accepting TCP/IP connections.
	at org.postgresql.core.v3.ConnectionFactoryImpl.openConnectionImpl(ConnectionFactoryImpl.java:352) ~[postgresql-42.7.4.jar:42.7.4]
	at org.postgresql.core.ConnectionFactory.openConnection(ConnectionFactory.java:54) ~[postgresql-42.7.4.jar:42.7.4]
	at org.postgresql.jdbc.PgConnection.<init>(PgConnection.java:273) ~[postgresql-42.7.4.jar:42.7.4]
	at org.postgresql.Driver.makeConnection(Driver.java:446) ~[postgresql-42.7.4.jar:42.7.4]
	at org.postgresql.Driver.connect(Driver.java:298) ~[postgresql-42.7.4.jar:42.7.4]
	at com.zaxxer.hikari.util.DriverDataSource.getConnection(DriverDataSource.java:144) ~[HikariCP-6.3.3.jar:na]
	at com.zaxxer.hikari.pool.PoolBase.newConnection(PoolBase.java:370) ~[HikariCP-6.3.3.jar:na]
	at com.zaxxer.hikari.pool.PoolBase.newPoolEntry(PoolBase.java:207) ~[HikariCP-6.3.3.jar:na]
	at com.zaxxer.hikari.pool.HikariPool.createPoolEntry(HikariPool.java:488) ~[HikariCP-6.3.3.jar:na]
	at com.zaxxer.hikari.pool.HikariPool.checkFailFast(HikariPool.java:576) ~[HikariCP-6.3.3.jar:na]
	at com.zaxxer.hikari.pool.HikariPool.<init>(HikariPool.java:97) ~[HikariCP-6.3.3.jar:na]
	at com.zaxxer.hikari.HikariDataSource.getConnection(HikariDataSource.java:111) ~[HikariCP-6.3.3.jar:na]
	at org.hibernate.engine.jdbc.connections.internal.DatasourceConnectionProviderImpl.getConnection(DatasourceConnectionProviderImpl.java:126) ~[hibernate-core-6.6.33.Final.jar:6.6.33.Final]
	at org.hibernate.engine.jdbc.env.internal.JdbcEnvironmentInitiator$ConnectionProviderJdbcConnectionAccess.obtainConnection(JdbcEnvironmentInitiator.java:485) ~[hibernate-core-6.6.33.Final.jar:6.6.33.Final]
	at org.hibernate.resource.transaction.backend.jdbc.internal.DdlTransactionIsolatorNonJtaImpl.getIsolatedConnection(DdlTransactionIsolatorNonJtaImpl.java:46) ~[hibernate-core-6.6.33.Final.jar:6.6.33.Final]
	... 39 common frames omitted
Caused by: java.net.ConnectException: Connection refused
	at java.base/sun.nio.ch.Net.pollConnect(Native Method) ~[na:na]
	at java.base/sun.nio.ch.Net.pollConnectNow(Net.java:639) ~[na:na]
	at java.base/sun.nio.ch.NioSocketImpl.timedFinishConnect(NioSocketImpl.java:550) ~[na:na]
	at java.base/sun.nio.ch.NioSocketImpl.connect(NioSocketImpl.java:594) ~[na:na]
	at java.base/java.net.SocksSocketImpl.connect(SocksSocketImpl.java:284) ~[na:na]
	at java.base/java.net.Socket.connect(Socket.java:659) ~[na:na]
	at org.postgresql.core.PGStream.createSocket(PGStream.java:260) ~[postgresql-42.7.4.jar:42.7.4]
	at org.postgresql.core.PGStream.<init>(PGStream.java:121) ~[postgresql-42.7.4.jar:42.7.4]
	at org.postgresql.core.v3.ConnectionFactoryImpl.tryConnect(ConnectionFactoryImpl.java:140) ~[postgresql-42.7.4.jar:42.7.4]
	at org.postgresql.core.v3.ConnectionFactoryImpl.openConnectionImpl(ConnectionFactoryImpl.java:268) ~[postgresql-42.7.4.jar:42.7.4]
	... 53 common frames omitted

2025-11-10T11:08:10.216-05:00  INFO 66935 --- [reservation] [main] c.a.reservation.ReservationApplication   : Starting ReservationApplication using Java 25 with PID 66935 (/Users/sodikjonismoilov/Documents/java_projects/reservation/target/classes started by sodikjonismoilov in /Users/sodikjonismoilov/Documents/java_projects/reservation)
2025-11-10T11:08:10.217-05:00  INFO 66935 --- [reservation] [main] c.a.reservation.ReservationApplication   : No active profile set, falling back to 1 default profile: "default"
2025-11-10T11:08:10.641-05:00  INFO 66935 --- [reservation] [main] .s.d.r.c.RepositoryConfigurationDelegate : Bootstrapping Spring Data JPA repositories in DEFAULT mode.
2025-11-10T11:08:10.674-05:00  INFO 66935 --- [reservation] [main] .s.d.r.c.RepositoryConfigurationDelegate : Finished Spring Data repository scanning in 27 ms. Found 4 JPA repository interfaces.
2025-11-10T11:08:10.940-05:00  INFO 66935 --- [reservation] [main] o.s.b.w.embedded.tomcat.TomcatWebServer  : Tomcat initialized with port 8080 (http)
2025-11-10T11:08:10.947-05:00  INFO 66935 --- [reservation] [main] o.apache.catalina.core.StandardService   : Starting service [Tomcat]
2025-11-10T11:08:10.947-05:00  INFO 66935 --- [reservation] [main] o.apache.catalina.core.StandardEngine    : Starting Servlet engine: [Apache Tomcat/10.1.48]
2025-11-10T11:08:10.968-05:00  INFO 66935 --- [reservation] [main] o.a.c.c.C.[Tomcat].[localhost].[/]       : Initializing Spring embedded WebApplicationContext
2025-11-10T11:08:10.968-05:00  INFO 66935 --- [reservation] [main] w.s.c.ServletWebServerApplicationContext : Root WebApplicationContext: initialization completed in 731 ms
2025-11-10T11:08:11.113-05:00  INFO 66935 --- [reservation] [main] o.hibernate.jpa.internal.util.LogHelper  : HHH000204: Processing PersistenceUnitInfo [name: default]
2025-11-10T11:08:11.138-05:00  INFO 66935 --- [reservation] [main] org.hibernate.Version                    : HHH000412: Hibernate ORM core version 6.6.33.Final
2025-11-10T11:08:11.154-05:00  INFO 66935 --- [reservation] [main] o.h.c.internal.RegionFactoryInitiator    : HHH000026: Second-level cache disabled
2025-11-10T11:08:11.286-05:00  INFO 66935 --- [reservation] [main] o.s.o.j.p.SpringPersistenceUnitInfo      : No LoadTimeWeaver setup: ignoring JPA class transformer
2025-11-10T11:08:11.300-05:00  INFO 66935 --- [reservation] [main] com.zaxxer.hikari.HikariDataSource       : HikariPool-1 - Starting...
2025-11-10T11:08:11.395-05:00  INFO 66935 --- [reservation] [main] com.zaxxer.hikari.pool.HikariPool        : HikariPool-1 - Added connection org.postgresql.jdbc.PgConnection@35d114f4
2025-11-10T11:08:11.396-05:00  INFO 66935 --- [reservation] [main] com.zaxxer.hikari.HikariDataSource       : HikariPool-1 - Start completed.
2025-11-10T11:08:11.427-05:00  WARN 66935 --- [reservation] [main] org.hibernate.orm.deprecation            : HHH90000025: PostgreSQLDialect does not need to be specified explicitly using 'hibernate.dialect' (remove the property setting and it will be selected by default)
2025-11-10T11:08:11.439-05:00  INFO 66935 --- [reservation] [main] org.hibernate.orm.connections.pooling    : HHH10001005: Database info:
	Database JDBC URL [Connecting through datasource 'HikariDataSource (HikariPool-1)']
	Database driver: undefined/unknown
	Database version: 16.10
	Autocommit mode: undefined/unknown
	Isolation level: undefined/unknown
	Minimum pool size: undefined/unknown
	Maximum pool size: undefined/unknown
2025-11-10T11:08:11.914-05:00  INFO 66935 --- [reservation] [main] o.h.e.t.j.p.i.JtaPlatformInitiator       : HHH000489: No JTA platform available (set 'hibernate.transaction.jta.platform' to enable JTA platform integration)
2025-11-10T11:08:12.003-05:00  INFO 66935 --- [reservation] [main] j.LocalContainerEntityManagerFactoryBean : Initialized JPA EntityManagerFactory for persistence unit 'default'
2025-11-10T11:08:12.371-05:00  WARN 66935 --- [reservation] [main] JpaBaseConfiguration$JpaWebConfiguration : spring.jpa.open-in-view is enabled by default. Therefore, database queries may be performed during view rendering. Explicitly configure spring.jpa.open-in-view to disable this warning
2025-11-10T11:08:12.394-05:00  WARN 66935 --- [reservation] [main] .s.s.UserDetailsServiceAutoConfiguration : 

Using generated security password: 5c4d5f7e-9736-439c-b79f-7e416060bbbe

This generated password is for development use only. Your security configuration must be updated before running your application in production.

2025-11-10T11:08:12.398-05:00  INFO 66935 --- [reservation] [main] r$InitializeUserDetailsManagerConfigurer : Global AuthenticationManager configured with UserDetailsService bean with name inMemoryUserDetailsManager
2025-11-10T11:08:12.632-05:00  INFO 66935 --- [reservation] [main] o.s.b.a.e.web.EndpointLinksResolver      : Exposing 1 endpoint beneath base path '/actuator'
2025-11-10T11:08:12.875-05:00  WARN 66935 --- [reservation] [main] ConfigServletWebServerApplicationContext : Exception encountered during context initialization - cancelling refresh attempt: org.springframework.context.ApplicationContextException: Failed to start bean 'webServerStartStop'
2025-11-10T11:08:12.878-05:00  INFO 66935 --- [reservation] [main] j.LocalContainerEntityManagerFactoryBean : Closing JPA EntityManagerFactory for persistence unit 'default'
2025-11-10T11:08:12.880-05:00  INFO 66935 --- [reservation] [main] com.zaxxer.hikari.HikariDataSource       : HikariPool-1 - Shutdown initiated...
2025-11-10T11:08:12.881-05:00  INFO 66935 --- [reservation] [main] com.zaxxer.hikari.HikariDataSource       : HikariPool-1 - Shutdown completed.
2025-11-10T11:08:12.893-05:00  INFO 66935 --- [reservation] [main] .s.b.a.l.ConditionEvaluationReportLogger : 

Error starting ApplicationContext. To display the condition evaluation report re-run your application with 'debug' enabled.
2025-11-10T11:08:12.901-05:00 ERROR 66935 --- [reservation] [main] o.s.b.d.LoggingFailureAnalysisReporter   : 

***************************
APPLICATION FAILED TO START
***************************

Description:

Web server failed to start. Port 8080 was already in use.

Action:

Identify and stop the process that's listening on port 8080 or configure this application to listen on another port.

2025-11-10T11:10:20.071-05:00  INFO 67390 --- [reservation] [main] c.a.reservation.ReservationApplication   : Starting ReservationApplication using Java 25 with PID 67390 (/Users/sodikjonismoilov/Documents/java_projects/reservation/target/classes started by sodikjonismoilov in /Users/sodikjonismoilov/Documents/java_projects/reservation)
2025-11-10T11:10:20.072-05:00  INFO 67390 --- [reservation] [main] c.a.reservation.ReservationApplication   : No active profile set, falling back to 1 default profile: "default"
2025-11-10T11:10:20.491-05:00  INFO 67390 --- [reservation] [main] .s.d.r.c.RepositoryConfigurationDelegate : Bootstrapping Spring Data JPA repositories in DEFAULT mode.
2025-11-10T11:10:20.525-05:00  INFO 67390 --- [reservation] [main] .s.d.r.c.RepositoryConfigurationDelegate : Finished Spring Data repository scanning in 29 ms. Found 4 JPA repository interfaces.
2025-11-10T11:10:20.794-05:00  INFO 67390 --- [reservation] [main] o.s.b.w.embedded.tomcat.TomcatWebServer  : Tomcat initialized with port 8080 (http)
2025-11-10T11:10:20.802-05:00  INFO 67390 --- [reservation] [main] o.apache.catalina.core.StandardService   : Starting service [Tomcat]
2025-11-10T11:10:20.803-05:00  INFO 67390 --- [reservation] [main] o.apache.catalina.core.StandardEngine    : Starting Servlet engine: [Apache Tomcat/10.1.48]
2025-11-10T11:10:20.822-05:00  INFO 67390 --- [reservation] [main] o.a.c.c.C.[Tomcat].[localhost].[/]       : Initializing Spring embedded WebApplicationContext
2025-11-10T11:10:20.822-05:00  INFO 67390 --- [reservation] [main] w.s.c.ServletWebServerApplicationContext : Root WebApplicationContext: initialization completed in 731 ms
2025-11-10T11:10:20.976-05:00  INFO 67390 --- [reservation] [main] o.hibernate.jpa.internal.util.LogHelper  : HHH000204: Processing PersistenceUnitInfo [name: default]
2025-11-10T11:10:21.013-05:00  INFO 67390 --- [reservation] [main] org.hibernate.Version                    : HHH000412: Hibernate ORM core version 6.6.33.Final
2025-11-10T11:10:21.031-05:00  INFO 67390 --- [reservation] [main] o.h.c.internal.RegionFactoryInitiator    : HHH000026: Second-level cache disabled
2025-11-10T11:10:21.170-05:00  INFO 67390 --- [reservation] [main] o.s.o.j.p.SpringPersistenceUnitInfo      : No LoadTimeWeaver setup: ignoring JPA class transformer
2025-11-10T11:10:21.185-05:00  INFO 67390 --- [reservation] [main] com.zaxxer.hikari.HikariDataSource       : HikariPool-1 - Starting...
2025-11-10T11:10:21.275-05:00  INFO 67390 --- [reservation] [main] com.zaxxer.hikari.pool.HikariPool        : HikariPool-1 - Added connection org.postgresql.jdbc.PgConnection@c2e33
2025-11-10T11:10:21.276-05:00  INFO 67390 --- [reservation] [main] com.zaxxer.hikari.HikariDataSource       : HikariPool-1 - Start completed.
2025-11-10T11:10:21.306-05:00  WARN 67390 --- [reservation] [main] org.hibernate.orm.deprecation            : HHH90000025: PostgreSQLDialect does not need to be specified explicitly using 'hibernate.dialect' (remove the property setting and it will be selected by default)
2025-11-10T11:10:21.318-05:00  INFO 67390 --- [reservation] [main] org.hibernate.orm.connections.pooling    : HHH10001005: Database info:
	Database JDBC URL [Connecting through datasource 'HikariDataSource (HikariPool-1)']
	Database driver: undefined/unknown
	Database version: 16.10
	Autocommit mode: undefined/unknown
	Isolation level: undefined/unknown
	Minimum pool size: undefined/unknown
	Maximum pool size: undefined/unknown
2025-11-10T11:10:21.832-05:00  INFO 67390 --- [reservation] [main] o.h.e.t.j.p.i.JtaPlatformInitiator       : HHH000489: No JTA platform available (set 'hibernate.transaction.jta.platform' to enable JTA platform integration)
2025-11-10T11:10:21.920-05:00  INFO 67390 --- [reservation] [main] j.LocalContainerEntityManagerFactoryBean : Initialized JPA EntityManagerFactory for persistence unit 'default'
2025-11-10T11:10:22.269-05:00  WARN 67390 --- [reservation] [main] JpaBaseConfiguration$JpaWebConfiguration : spring.jpa.open-in-view is enabled by default. Therefore, database queries may be performed during view rendering. Explicitly configure spring.jpa.open-in-view to disable this warning
2025-11-10T11:10:22.291-05:00  WARN 67390 --- [reservation] [main] .s.s.UserDetailsServiceAutoConfiguration : 

Using generated security password: 7d069dc6-211c-4590-bde6-685cc2c9e4b3

This generated password is for development use only. Your security configuration must be updated before running your application in production.

2025-11-10T11:10:22.294-05:00  INFO 67390 --- [reservation] [main] r$InitializeUserDetailsManagerConfigurer : Global AuthenticationManager configured with UserDetailsService bean with name inMemoryUserDetailsManager
2025-11-10T11:10:22.504-05:00  INFO 67390 --- [reservation] [main] o.s.b.a.e.web.EndpointLinksResolver      : Exposing 1 endpoint beneath base path '/actuator'
2025-11-10T11:10:22.749-05:00  INFO 67390 --- [reservation] [main] o.s.b.w.embedded.tomcat.TomcatWebServer  : Tomcat started on port 8080 (http) with context path '/'
2025-11-10T11:10:22.760-05:00  INFO 67390 --- [reservation] [main] c.a.reservation.ReservationApplication   : Started ReservationApplication in 2.877 seconds (process running for 3.169)
2025-11-10T11:10:22.898-05:00  INFO 67390 --- [reservation] [RMI TCP Connection(1)-127.0.0.1] o.a.c.c.C.[Tomcat].[localhost].[/]       : Initializing Spring DispatcherServlet 'dispatcherServlet'
2025-11-10T11:10:22.899-05:00  INFO 67390 --- [reservation] [RMI TCP Connection(1)-127.0.0.1] o.s.web.servlet.DispatcherServlet        : Initializing Servlet 'dispatcherServlet'
2025-11-10T11:10:22.900-05:00  INFO 67390 --- [reservation] [RMI TCP Connection(1)-127.0.0.1] o.s.web.servlet.DispatcherServlet        : Completed initialization in 0 ms
2025-11-10T11:11:46.120-05:00 DEBUG 67390 --- [reservation] [http-nio-8080-exec-1] org.hibernate.SQL                        : 
    select
        a1_0.id,
        a1_0.city,
        a1_0.code,
        a1_0.country,
        a1_0.name 
    from
        airports a1_0
2025-11-10T11:12:02.566-05:00 DEBUG 67390 --- [reservation] [http-nio-8080-exec-3] org.hibernate.SQL                        : 
    select
        b1_0.id,
        b1_0.booking_date,
        b1_0.flight_id,
        b1_0.passenger_id,
        b1_0.seat_number,
        b1_0.status,
        b1_0.version 
    from
        bookings b1_0
2025-11-10T11:12:07.673-05:00 DEBUG 67390 --- [reservation] [http-nio-8080-exec-5] org.hibernate.SQL                        : 
    select
        p1_0.id,
        p1_0.created_at,
        p1_0.email,
        p1_0.first_name,
        p1_0.last_name,
        p1_0.passport_number 
    from
        passengers p1_0
2025-11-10T11:12:09.888-05:00 DEBUG 67390 --- [reservation] [http-nio-8080-exec-6] org.hibernate.SQL                        : 
    select
        f1_0.id,
        f1_0.arrival_time,
        f1_0.available_seats,
        f1_0.currency,
        f1_0.departure_time,
        f1_0.destination_id,
        f1_0.flight_number,
        f1_0.origin_id,
        f1_0.price,
        f1_0.total_seats 
    from
        flights f1_0 
    offset
        ? rows 
    fetch
        first ? rows only
2025-11-10T11:12:09.901-05:00 DEBUG 67390 --- [reservation] [http-nio-8080-exec-6] org.hibernate.SQL                        : 
    select
        a1_0.id,
        a1_0.city,
        a1_0.code,
        a1_0.country,
        a1_0.name 
    from
        airports a1_0 
    where
        a1_0.id=?
2025-11-10T11:12:09.904-05:00 DEBUG 67390 --- [reservation] [http-nio-8080-exec-6] org.hibernate.SQL                        : 
    select
        a1_0.id,
        a1_0.city,
        a1_0.code,
        a1_0.country,
        a1_0.name 
    from
        airports a1_0 
    where
        a1_0.id=?
2025-11-10T11:12:09.906-05:00 DEBUG 67390 --- [reservation] [http-nio-8080-exec-6] org.hibernate.SQL                        : 
    select
        a1_0.id,
        a1_0.city,
        a1_0.code,
        a1_0.country,
        a1_0.name 
    from
        airports a1_0 
    where
        a1_0.id=?
2025-11-10T11:12:09.909-05:00  WARN 67390 --- [reservation] [http-nio-8080-exec-6] ration$PageModule$WarningLoggingModifier : Serializing PageImpl instances as-is is not supported, meaning that there is no guarantee about the stability of the resulting JSON structure!
	For a stable JSON structure, please use Spring Data's PagedModel (globally via @EnableSpringDataWebSupport(pageSerializationMode = VIA_DTO))
	or Spring HATEOAS and Spring Data's PagedResourcesAssembler as documented in https://docs.spring.io/spring-data/commons/reference/repositories/core-extensions.html#core.web.pageables.

2025-11-10T11:12:19.245-05:00  INFO 67390 --- [reservation] [http-nio-8080-exec-8] c.a.r.external.FlightOffersService       : Amadeus GET /v2/shopping/flight-offers?originLocationCode=SFO&destinationLocationCode=LAX&departureDate=2025-11-25&adults=1&nonStop=true&max=20&currencyCode=USD&travelClass=ECONOMY
2025-11-10T11:14:33.228-05:00 DEBUG 67390 --- [reservation] [http-nio-8080-exec-10] org.hibernate.SQL                        : 
    select
        a1_0.id,
        a1_0.city,
        a1_0.code,
        a1_0.country,
        a1_0.name 
    from
        airports a1_0
2025-11-10T11:19:39.547-05:00 DEBUG 67390 --- [reservation] [http-nio-8080-exec-2] org.hibernate.SQL                        : 
    select
        a1_0.id,
        a1_0.city,
        a1_0.code,
        a1_0.country,
        a1_0.name 
    from
        airports a1_0
2025-11-10T11:21:41.009-05:00  INFO 67390 --- [reservation] [http-nio-8080-exec-4] c.a.r.external.FlightOffersService       : Amadeus GET /v2/shopping/flight-offers?originLocationCode=SFO&destinationLocationCode=LAX&departureDate=2025-11-27&adults=1&nonStop=true&max=20&currencyCode=USD&travelClass=ECONOMY
2025-11-10T11:27:26.998-05:00 DEBUG 67390 --- [reservation] [http-nio-8080-exec-6] org.hibernate.SQL                        : 
    select
        a1_0.id,
        a1_0.city,
        a1_0.code,
        a1_0.country,
        a1_0.name 
    from
        airports a1_0
2025-11-10T11:48:40.953-05:00  INFO 67390 --- [reservation] [http-nio-8080-exec-8] c.a.r.external.FlightOffersService       : Amadeus GET /v2/shopping/flight-offers?originLocationCode=SFO&destinationLocationCode=LAX&departureDate=2025-11-12&adults=1&nonStop=true&max=20&currencyCode=USD&travelClass=ECONOMY
2025-11-10T11:49:29.502-05:00 DEBUG 67390 --- [reservation] [http-nio-8080-exec-10] org.hibernate.SQL                        : 
    select
        a1_0.id,
        a1_0.city,
        a1_0.code,
        a1_0.country,
        a1_0.name 
    from
        airports a1_0
2025-11-10T11:49:42.321-05:00  INFO 67390 --- [reservation] [http-nio-8080-exec-2] c.a.r.external.FlightOffersService       : Amadeus GET /v2/shopping/flight-offers?originLocationCode=JFK&destinationLocationCode=TAS&departureDate=2025-11-13&adults=1&nonStop=true&max=20&currencyCode=USD&travelClass=ECONOMY
2025-11-10T11:49:46.916-05:00 ERROR 67390 --- [reservation] [http-nio-8080-exec-4] o.a.c.c.C.[.[.[/].[dispatcherServlet]    : Servlet.service() for servlet [dispatcherServlet] in context with path [] threw exception [Request processing failed: java.lang.IllegalArgumentException: IATA code must be 3 uppercase letters] with root cause

java.lang.IllegalArgumentException: IATA code must be 3 uppercase letters
	at com.airline.reservation.external.FlightOffersService.validateIata(FlightOffersService.java:120) ~[classes/:na]
	at com.airline.reservation.external.FlightOffersService.search(FlightOffersService.java:33) ~[classes/:na]
	at java.base/jdk.internal.reflect.DirectMethodHandleAccessor.invoke(DirectMethodHandleAccessor.java:104) ~[na:na]
	at java.base/java.lang.reflect.Method.invoke(Method.java:565) ~[na:na]
	at org.springframework.aop.support.AopUtils.invokeJoinpointUsingReflection(AopUtils.java:360) ~[spring-aop-6.2.12.jar:6.2.12]
	at org.springframework.aop.framework.ReflectiveMethodInvocation.invokeJoinpoint(ReflectiveMethodInvocation.java:196) ~[spring-aop-6.2.12.jar:6.2.12]
	at org.springframework.aop.framework.ReflectiveMethodInvocation.proceed(ReflectiveMethodInvocation.java:163) ~[spring-aop-6.2.12.jar:6.2.12]
	at org.springframework.cache.interceptor.CacheInterceptor.lambda$invoke$0(CacheInterceptor.java:55) ~[spring-context-6.2.12.jar:6.2.12]
	at org.springframework.cache.interceptor.CacheAspectSupport.invokeOperation(CacheAspectSupport.java:431) ~[spring-context-6.2.12.jar:6.2.12]
	at org.springframework.cache.interceptor.CacheAspectSupport.evaluate(CacheAspectSupport.java:601) ~[spring-context-6.2.12.jar:6.2.12]
	at org.springframework.cache.interceptor.CacheAspectSupport.execute(CacheAspectSupport.java:448) ~[spring-context-6.2.12.jar:6.2.12]
	at org.springframework.cache.interceptor.CacheAspectSupport.execute(CacheAspectSupport.java:410) ~[spring-context-6.2.12.jar:6.2.12]
	at org.springframework.cache.interceptor.CacheInterceptor.invoke(CacheInterceptor.java:65) ~[spring-context-6.2.12.jar:6.2.12]
	at org.springframework.aop.framework.ReflectiveMethodInvocation.proceed(ReflectiveMethodInvocation.java:184) ~[spring-aop-6.2.12.jar:6.2.12]
	at org.springframework.aop.framework.CglibAopProxy$DynamicAdvisedInterceptor.intercept(CglibAopProxy.java:728) ~[spring-aop-6.2.12.jar:6.2.12]
	at com.airline.reservation.external.FlightOffersService$$SpringCGLIB$$0.search(<generated>) ~[classes/:na]
	at com.airline.reservation.external.FlightSearchController.search(FlightSearchController.java:45) ~[classes/:na]
	at java.base/jdk.internal.reflect.DirectMethodHandleAccessor.invoke(DirectMethodHandleAccessor.java:104) ~[na:na]
	at java.base/java.lang.reflect.Method.invoke(Method.java:565) ~[na:na]
	at org.springframework.web.method.support.InvocableHandlerMethod.doInvoke(InvocableHandlerMethod.java:258) ~[spring-web-6.2.12.jar:6.2.12]
	at org.springframework.web.method.support.InvocableHandlerMethod.invokeForRequest(InvocableHandlerMethod.java:191) ~[spring-web-6.2.12.jar:6.2.12]
	at org.springframework.web.servlet.mvc.method.annotation.ServletInvocableHandlerMethod.invokeAndHandle(ServletInvocableHandlerMethod.java:118) ~[spring-webmvc-6.2.12.jar:6.2.12]
	at org.springframework.web.servlet.mvc.method.annotation.RequestMappingHandlerAdapter.invokeHandlerMethod(RequestMappingHandlerAdapter.java:991) ~[spring-webmvc-6.2.12.jar:6.2.12]
	at org.springframework.web.servlet.mvc.method.annotation.RequestMappingHandlerAdapter.handleInternal(RequestMappingHandlerAdapter.java:896) ~[spring-webmvc-6.2.12.jar:6.2.12]
	at org.springframework.web.servlet.mvc.method.AbstractHandlerMethodAdapter.handle(AbstractHandlerMethodAdapter.java:87) ~[spring-webmvc-6.2.12.jar:6.2.12]
	at org.springframework.web.servlet.DispatcherServlet.doDispatch(DispatcherServlet.java:1089) ~[spring-webmvc-6.2.12.jar:6.2.12]
	at org.springframework.web.servlet.DispatcherServlet.doService(DispatcherServlet.java:979) ~[spring-webmvc-6.2.12.jar:6.2.12]
	at org.springframework.web.servlet.FrameworkServlet.processRequest(FrameworkServlet.java:1014) ~[spring-webmvc-6.2.12.jar:6.2.12]
	at org.springframework.web.servlet.FrameworkServlet.doGet(FrameworkServlet.java:903) ~[spring-webmvc-6.2.12.jar:6.2.12]
	at jakarta.servlet.http.HttpServlet.service(HttpServlet.java:564) ~[tomcat-embed-core-10.1.48.jar:6.0]
	at org.springframework.web.servlet.FrameworkServlet.service(FrameworkServlet.java:885) ~[spring-webmvc-6.2.12.jar:6.2.12]
	at jakarta.servlet.http.HttpServlet.service(HttpServlet.java:658) ~[tomcat-embed-core-10.1.48.jar:6.0]
	at org.apache.catalina.core.ApplicationFilterChain.internalDoFilter(ApplicationFilterChain.java:193) ~[tomcat-embed-core-10.1.48.jar:10.1.48]
	at org.apache.catalina.core.ApplicationFilterChain.doFilter(ApplicationFilterChain.java:138) ~[tomcat-embed-core-10.1.48.jar:10.1.48]
	at org.apache.tomcat.websocket.server.WsFilter.doFilter(WsFilter.java:51) ~[tomcat-embed-websocket-10.1.48.jar:10.1.48]
	at org.apache.catalina.core.ApplicationFilterChain.internalDoFilter(ApplicationFilterChain.java:162) ~[tomcat-embed-core-10.1.48.jar:10.1.48]
	at org.apache.catalina.core.ApplicationFilterChain.doFilter(ApplicationFilterChain.java:138) ~[tomcat-embed-core-10.1.48.jar:10.1.48]
	at org.springframework.web.filter.OncePerRequestFilter.doFilter(OncePerRequestFilter.java:110) ~[spring-web-6.2.12.jar:6.2.12]
	at org.apache.catalina.core.ApplicationFilterChain.internalDoFilter(ApplicationFilterChain.java:162) ~[tomcat-embed-core-10.1.48.jar:10.1.48]
	at org.apache.catalina.core.ApplicationFilterChain.doFilter(ApplicationFilterChain.java:138) ~[tomcat-embed-core-10.1.48.jar:10.1.48]
	at org.springframework.web.filter.CompositeFilter$VirtualFilterChain.doFilter(CompositeFilter.java:108) ~[spring-web-6.2.12.jar:6.2.12]
	at org.springframework.web.filter.CompositeFilter$VirtualFilterChain.doFilter(CompositeFilter.java:108) ~[spring-web-6.2.12.jar:6.2.12]
	at org.springframework.security.web.FilterChainProxy.lambda$doFilterInternal$3(FilterChainProxy.java:231) ~[spring-security-web-6.5.6.jar:6.5.6]
	at org.springframework.security.web.ObservationFilterChainDecorator$FilterObservation$SimpleFilterObservation.lambda$wrap$1(ObservationFilterChainDecorator.java:490) ~[spring-security-web-6.5.6.jar:6.5.6]
	at org.springframework.security.web.ObservationFilterChainDecorator$AroundFilterObservation$SimpleAroundFilterObservation.lambda$wrap$1(ObservationFilterChainDecorator.java:351) ~[spring-security-web-6.5.6.jar:6.5.6]
	at org.springframework.security.web.ObservationFilterChainDecorator.lambda$wrapSecured$0(ObservationFilterChainDecorator.java:83) ~[spring-security-web-6.5.6.jar:6.5.6]
	at org.springframework.security.web.ObservationFilterChainDecorator$VirtualFilterChain.doFilter(ObservationFilterChainDecorator.java:129) ~[spring-security-web-6.5.6.jar:6.5.6]
	at org.springframework.security.web.access.intercept.AuthorizationFilter.doFilter(AuthorizationFilter.java:101) ~[spring-security-web-6.5.6.jar:6.5.6]
	at org.springframework.security.web.ObservationFilterChainDecorator$ObservationFilter.wrapFilter(ObservationFilterChainDecorator.java:241) ~[spring-security-web-6.5.6.jar:6.5.6]
	at org.springframework.security.web.ObservationFilterChainDecorator$ObservationFilter.doFilter(ObservationFilterChainDecorator.java:228) ~[spring-security-web-6.5.6.jar:6.5.6]
	at org.springframework.security.web.ObservationFilterChainDecorator$VirtualFilterChain.doFilter(ObservationFilterChainDecorator.java:138) ~[spring-security-web-6.5.6.jar:6.5.6]
	at org.springframework.security.web.access.ExceptionTranslationFilter.doFilter(ExceptionTranslationFilter.java:125) ~[spring-security-web-6.5.6.jar:6.5.6]
	at org.springframework.security.web.access.ExceptionTranslationFilter.doFilter(ExceptionTranslationFilter.java:119) ~[spring-security-web-6.5.6.jar:6.5.6]
	at org.springframework.security.web.ObservationFilterChainDecorator$ObservationFilter.wrapFilter(ObservationFilterChainDecorator.java:241) ~[spring-security-web-6.5.6.jar:6.5.6]
	at org.springframework.security.web.ObservationFilterChainDecorator$ObservationFilter.doFilter(ObservationFilterChainDecorator.java:228) ~[spring-security-web-6.5.6.jar:6.5.6]
	at org.springframework.security.web.ObservationFilterChainDecorator$VirtualFilterChain.doFilter(ObservationFilterChainDecorator.java:138) ~[spring-security-web-6.5.6.jar:6.5.6]
	at org.springframework.security.web.authentication.AnonymousAuthenticationFilter.doFilter(AnonymousAuthenticationFilter.java:100) ~[spring-security-web-6.5.6.jar:6.5.6]
	at org.springframework.security.web.ObservationFilterChainDecorator$ObservationFilter.wrapFilter(ObservationFilterChainDecorator.java:241) ~[spring-security-web-6.5.6.jar:6.5.6]
	at org.springframework.security.web.ObservationFilterChainDecorator$ObservationFilter.doFilter(ObservationFilterChainDecorator.java:228) ~[spring-security-web-6.5.6.jar:6.5.6]
	at org.springframework.security.web.ObservationFilterChainDecorator$VirtualFilterChain.doFilter(ObservationFilterChainDecorator.java:138) ~[spring-security-web-6.5.6.jar:6.5.6]
	at org.springframework.security.web.servletapi.SecurityContextHolderAwareRequestFilter.doFilter(SecurityContextHolderAwareRequestFilter.java:179) ~[spring-security-web-6.5.6.jar:6.5.6]
	at org.springframework.security.web.ObservationFilterChainDecorator$ObservationFilter.wrapFilter(ObservationFilterChainDecorator.java:241) ~[spring-security-web-6.5.6.jar:6.5.6]
	at org.springframework.security.web.ObservationFilterChainDecorator$ObservationFilter.doFilter(ObservationFilterChainDecorator.java:228) ~[spring-security-web-6.5.6.jar:6.5.6]
	at org.springframework.security.web.ObservationFilterChainDecorator$VirtualFilterChain.doFilter(ObservationFilterChainDecorator.java:138) ~[spring-security-web-6.5.6.jar:6.5.6]
	at org.springframework.security.web.savedrequest.RequestCacheAwareFilter.doFilter(RequestCacheAwareFilter.java:63) ~[spring-security-web-6.5.6.jar:6.5.6]
	at org.springframework.security.web.ObservationFilterChainDecorator$ObservationFilter.wrapFilter(ObservationFilterChainDecorator.java:241) ~[spring-security-web-6.5.6.jar:6.5.6]
	at org.springframework.security.web.ObservationFilterChainDecorator$ObservationFilter.doFilter(ObservationFilterChainDecorator.java:228) ~[spring-security-web-6.5.6.jar:6.5.6]
	at org.springframework.security.web.ObservationFilterChainDecorator$VirtualFilterChain.doFilter(ObservationFilterChainDecorator.java:138) ~[spring-security-web-6.5.6.jar:6.5.6]
	at org.springframework.security.web.authentication.logout.LogoutFilter.doFilter(LogoutFilter.java:107) ~[spring-security-web-6.5.6.jar:6.5.6]
	at org.springframework.security.web.authentication.logout.LogoutFilter.doFilter(LogoutFilter.java:93) ~[spring-security-web-6.5.6.jar:6.5.6]
	at org.springframework.security.web.ObservationFilterChainDecorator$ObservationFilter.wrapFilter(ObservationFilterChainDecorator.java:241) ~[spring-security-web-6.5.6.jar:6.5.6]
	at org.springframework.security.web.ObservationFilterChainDecorator$ObservationFilter.doFilter(ObservationFilterChainDecorator.java:228) ~[spring-security-web-6.5.6.jar:6.5.6]
	at org.springframework.security.web.ObservationFilterChainDecorator$VirtualFilterChain.doFilter(ObservationFilterChainDecorator.java:138) ~[spring-security-web-6.5.6.jar:6.5.6]
	at org.springframework.web.filter.CorsFilter.doFilterInternal(CorsFilter.java:91) ~[spring-web-6.2.12.jar:6.2.12]
	at org.springframework.web.filter.OncePerRequestFilter.doFilter(OncePerRequestFilter.java:116) ~[spring-web-6.2.12.jar:6.2.12]
	at org.springframework.security.web.ObservationFilterChainDecorator$ObservationFilter.wrapFilter(ObservationFilterChainDecorator.java:241) ~[spring-security-web-6.5.6.jar:6.5.6]
	at org.springframework.security.web.ObservationFilterChainDecorator$ObservationFilter.doFilter(ObservationFilterChainDecorator.java:228) ~[spring-security-web-6.5.6.jar:6.5.6]
	at org.springframework.security.web.ObservationFilterChainDecorator$VirtualFilterChain.doFilter(ObservationFilterChainDecorator.java:138) ~[spring-security-web-6.5.6.jar:6.5.6]
	at org.springframework.security.web.header.HeaderWriterFilter.doHeadersAfter(HeaderWriterFilter.java:90) ~[spring-security-web-6.5.6.jar:6.5.6]
	at org.springframework.security.web.header.HeaderWriterFilter.doFilterInternal(HeaderWriterFilter.java:75) ~[spring-security-web-6.5.6.jar:6.5.6]
	at org.springframework.web.filter.OncePerRequestFilter.doFilter(OncePerRequestFilter.java:116) ~[spring-web-6.2.12.jar:6.2.12]
	at org.springframework.security.web.ObservationFilterChainDecorator$ObservationFilter.wrapFilter(ObservationFilterChainDecorator.java:241) ~[spring-security-web-6.5.6.jar:6.5.6]
	at org.springframework.security.web.ObservationFilterChainDecorator$ObservationFilter.doFilter(ObservationFilterChainDecorator.java:228) ~[spring-security-web-6.5.6.jar:6.5.6]
	at org.springframework.security.web.ObservationFilterChainDecorator$VirtualFilterChain.doFilter(ObservationFilterChainDecorator.java:138) ~[spring-security-web-6.5.6.jar:6.5.6]
	at org.springframework.security.web.context.SecurityContextHolderFilter.doFilter(SecurityContextHolderFilter.java:82) ~[spring-security-web-6.5.6.jar:6.5.6]
	at org.springframework.security.web.context.SecurityContextHolderFilter.doFilter(SecurityContextHolderFilter.java:69) ~[spring-security-web-6.5.6.jar:6.5.6]
	at org.springframework.security.web.ObservationFilterChainDecorator$ObservationFilter.wrapFilter(ObservationFilterChainDecorator.java:241) ~[spring-security-web-6.5.6.jar:6.5.6]
	at org.springframework.security.web.ObservationFilterChainDecorator$ObservationFilter.doFilter(ObservationFilterChainDecorator.java:228) ~[spring-security-web-6.5.6.jar:6.5.6]
	at org.springframework.security.web.ObservationFilterChainDecorator$VirtualFilterChain.doFilter(ObservationFilterChainDecorator.java:138) ~[spring-security-web-6.5.6.jar:6.5.6]
	at org.springframework.security.web.context.request.async.WebAsyncManagerIntegrationFilter.doFilterInternal(WebAsyncManagerIntegrationFilter.java:62) ~[spring-security-web-6.5.6.jar:6.5.6]
	at org.springframework.web.filter.OncePerRequestFilter.doFilter(OncePerRequestFilter.java:116) ~[spring-web-6.2.12.jar:6.2.12]
	at org.springframework.security.web.ObservationFilterChainDecorator$ObservationFilter.wrapFilter(ObservationFilterChainDecorator.java:241) ~[spring-security-web-6.5.6.jar:6.5.6]
	at org.springframework.security.web.ObservationFilterChainDecorator$ObservationFilter.doFilter(ObservationFilterChainDecorator.java:228) ~[spring-security-web-6.5.6.jar:6.5.6]
	at org.springframework.security.web.ObservationFilterChainDecorator$VirtualFilterChain.doFilter(ObservationFilterChainDecorator.java:138) ~[spring-security-web-6.5.6.jar:6.5.6]
	at org.springframework.security.web.session.DisableEncodeUrlFilter.doFilterInternal(DisableEncodeUrlFilter.java:42) ~[spring-security-web-6.5.6.jar:6.5.6]
	at org.springframework.web.filter.OncePerRequestFilter.doFilter(OncePerRequestFilter.java:116) ~[spring-web-6.2.12.jar:6.2.12]
	at org.springframework.security.web.ObservationFilterChainDecorator$ObservationFilter.wrapFilter(ObservationFilterChainDecorator.java:241) ~[spring-security-web-6.5.6.jar:6.5.6]
	at org.springframework.security.web.ObservationFilterChainDecorator$AroundFilterObservation$SimpleAroundFilterObservation.lambda$wrap$0(ObservationFilterChainDecorator.java:334) ~[spring-security-web-6.5.6.jar:6.5.6]
	at org.springframework.security.web.ObservationFilterChainDecorator$ObservationFilter.doFilter(ObservationFilterChainDecorator.java:225) ~[spring-security-web-6.5.6.jar:6.5.6]
	at org.springframework.security.web.ObservationFilterChainDecorator$VirtualFilterChain.doFilter(ObservationFilterChainDecorator.java:138) ~[spring-security-web-6.5.6.jar:6.5.6]
	at org.springframework.security.web.FilterChainProxy.doFilterInternal(FilterChainProxy.java:233) ~[spring-security-web-6.5.6.jar:6.5.6]
	at org.springframework.security.web.FilterChainProxy.doFilter(FilterChainProxy.java:191) ~[spring-security-web-6.5.6.jar:6.5.6]
	at org.springframework.web.filter.CompositeFilter$VirtualFilterChain.doFilter(CompositeFilter.java:113) ~[spring-web-6.2.12.jar:6.2.12]
	at org.springframework.web.filter.ServletRequestPathFilter.doFilter(ServletRequestPathFilter.java:52) ~[spring-web-6.2.12.jar:6.2.12]
	at org.springframework.web.filter.CompositeFilter$VirtualFilterChain.doFilter(CompositeFilter.java:113) ~[spring-web-6.2.12.jar:6.2.12]
	at org.springframework.web.filter.CompositeFilter.doFilter(CompositeFilter.java:74) ~[spring-web-6.2.12.jar:6.2.12]
	at org.springframework.security.config.annotation.web.configuration.WebSecurityConfiguration$CompositeFilterChainProxy.doFilter(WebSecurityConfiguration.java:319) ~[spring-security-config-6.5.6.jar:6.5.6]
	at org.springframework.web.filter.CompositeFilter$VirtualFilterChain.doFilter(CompositeFilter.java:113) ~[spring-web-6.2.12.jar:6.2.12]
	at org.springframework.web.servlet.handler.HandlerMappingIntrospector.lambda$createCacheFilter$4(HandlerMappingIntrospector.java:267) ~[spring-webmvc-6.2.12.jar:6.2.12]
	at org.springframework.web.filter.CompositeFilter$VirtualFilterChain.doFilter(CompositeFilter.java:113) ~[spring-web-6.2.12.jar:6.2.12]
	at org.springframework.web.filter.CompositeFilter.doFilter(CompositeFilter.java:74) ~[spring-web-6.2.12.jar:6.2.12]
	at org.springframework.security.config.annotation.web.configuration.WebMvcSecurityConfiguration$CompositeFilterChainProxy.doFilter(WebMvcSecurityConfiguration.java:240) ~[spring-security-config-6.5.6.jar:6.5.6]
	at org.springframework.web.filter.DelegatingFilterProxy.invokeDelegate(DelegatingFilterProxy.java:362) ~[spring-web-6.2.12.jar:6.2.12]
	at org.springframework.web.filter.DelegatingFilterProxy.doFilter(DelegatingFilterProxy.java:278) ~[spring-web-6.2.12.jar:6.2.12]
	at org.apache.catalina.core.ApplicationFilterChain.internalDoFilter(ApplicationFilterChain.java:162) ~[tomcat-embed-core-10.1.48.jar:10.1.48]
	at org.apache.catalina.core.ApplicationFilterChain.doFilter(ApplicationFilterChain.java:138) ~[tomcat-embed-core-10.1.48.jar:10.1.48]
	at org.springframework.web.filter.RequestContextFilter.doFilterInternal(RequestContextFilter.java:100) ~[spring-web-6.2.12.jar:6.2.12]
	at org.springframework.web.filter.OncePerRequestFilter.doFilter(OncePerRequestFilter.java:116) ~[spring-web-6.2.12.jar:6.2.12]
	at org.apache.catalina.core.ApplicationFilterChain.internalDoFilter(ApplicationFilterChain.java:162) ~[tomcat-embed-core-10.1.48.jar:10.1.48]
	at org.apache.catalina.core.ApplicationFilterChain.doFilter(ApplicationFilterChain.java:138) ~[tomcat-embed-core-10.1.48.jar:10.1.48]
	at org.springframework.web.filter.FormContentFilter.doFilterInternal(FormContentFilter.java:93) ~[spring-web-6.2.12.jar:6.2.12]
	at org.springframework.web.filter.OncePerRequestFilter.doFilter(OncePerRequestFilter.java:116) ~[spring-web-6.2.12.jar:6.2.12]
	at org.apache.catalina.core.ApplicationFilterChain.internalDoFilter(ApplicationFilterChain.java:162) ~[tomcat-embed-core-10.1.48.jar:10.1.48]
	at org.apache.catalina.core.ApplicationFilterChain.doFilter(ApplicationFilterChain.java:138) ~[tomcat-embed-core-10.1.48.jar:10.1.48]
	at org.springframework.web.filter.ServerHttpObservationFilter.doFilterInternal(ServerHttpObservationFilter.java:110) ~[spring-web-6.2.12.jar:6.2.12]
	at org.springframework.web.filter.OncePerRequestFilter.doFilter(OncePerRequestFilter.java:116) ~[spring-web-6.2.12.jar:6.2.12]
	at org.apache.catalina.core.ApplicationFilterChain.internalDoFilter(ApplicationFilterChain.java:162) ~[tomcat-embed-core-10.1.48.jar:10.1.48]
	at org.apache.catalina.core.ApplicationFilterChain.doFilter(ApplicationFilterChain.java:138) ~[tomcat-embed-core-10.1.48.jar:10.1.48]
	at org.springframework.web.filter.CharacterEncodingFilter.doFilterInternal(CharacterEncodingFilter.java:201) ~[spring-web-6.2.12.jar:6.2.12]
	at org.springframework.web.filter.OncePerRequestFilter.doFilter(OncePerRequestFilter.java:116) ~[spring-web-6.2.12.jar:6.2.12]
	at org.apache.catalina.core.ApplicationFilterChain.internalDoFilter(ApplicationFilterChain.java:162) ~[tomcat-embed-core-10.1.48.jar:10.1.48]
	at org.apache.catalina.core.ApplicationFilterChain.doFilter(ApplicationFilterChain.java:138) ~[tomcat-embed-core-10.1.48.jar:10.1.48]
	at org.apache.catalina.core.StandardWrapperValve.invoke(StandardWrapperValve.java:165) ~[tomcat-embed-core-10.1.48.jar:10.1.48]
	at org.apache.catalina.core.StandardContextValve.invoke(StandardContextValve.java:88) ~[tomcat-embed-core-10.1.48.jar:10.1.48]
	at org.apache.catalina.authenticator.AuthenticatorBase.invoke(AuthenticatorBase.java:482) ~[tomcat-embed-core-10.1.48.jar:10.1.48]
	at org.apache.catalina.core.StandardHostValve.invoke(StandardHostValve.java:113) ~[tomcat-embed-core-10.1.48.jar:10.1.48]
	at org.apache.catalina.valves.ErrorReportValve.invoke(ErrorReportValve.java:83) ~[tomcat-embed-core-10.1.48.jar:10.1.48]
	at org.apache.catalina.core.StandardEngineValve.invoke(StandardEngineValve.java:72) ~[tomcat-embed-core-10.1.48.jar:10.1.48]
	at org.apache.catalina.connector.CoyoteAdapter.service(CoyoteAdapter.java:342) ~[tomcat-embed-core-10.1.48.jar:10.1.48]
	at org.apache.coyote.http11.Http11Processor.service(Http11Processor.java:399) ~[tomcat-embed-core-10.1.48.jar:10.1.48]
	at org.apache.coyote.AbstractProcessorLight.process(AbstractProcessorLight.java:63) ~[tomcat-embed-core-10.1.48.jar:10.1.48]
	at org.apache.coyote.AbstractProtocol$ConnectionHandler.process(AbstractProtocol.java:903) ~[tomcat-embed-core-10.1.48.jar:10.1.48]
	at org.apache.tomcat.util.net.NioEndpoint$SocketProcessor.doRun(NioEndpoint.java:1774) ~[tomcat-embed-core-10.1.48.jar:10.1.48]
	at org.apache.tomcat.util.net.SocketProcessorBase.run(SocketProcessorBase.java:52) ~[tomcat-embed-core-10.1.48.jar:10.1.48]
	at org.apache.tomcat.util.threads.ThreadPoolExecutor.runWorker(ThreadPoolExecutor.java:973) ~[tomcat-embed-core-10.1.48.jar:10.1.48]
	at org.apache.tomcat.util.threads.ThreadPoolExecutor$Worker.run(ThreadPoolExecutor.java:491) ~[tomcat-embed-core-10.1.48.jar:10.1.48]
	at org.apache.tomcat.util.threads.TaskThread$WrappingRunnable.run(TaskThread.java:63) ~[tomcat-embed-core-10.1.48.jar:10.1.48]
	at java.base/java.lang.Thread.run(Thread.java:1474) ~[na:na]

2025-11-10T11:49:47.150-05:00 ERROR 67390 --- [reservation] [http-nio-8080-exec-5] o.a.c.c.C.[.[.[/].[dispatcherServlet]    : Servlet.service() for servlet [dispatcherServlet] in context with path [] threw exception [Request processing failed: java.lang.IllegalArgumentException: IATA code must be 3 uppercase letters] with root cause

java.lang.IllegalArgumentException: IATA code must be 3 uppercase letters
	at com.airline.reservation.external.FlightOffersService.validateIata(FlightOffersService.java:120) ~[classes/:na]
	at com.airline.reservation.external.FlightOffersService.search(FlightOffersService.java:33) ~[classes/:na]
	at java.base/jdk.internal.reflect.DirectMethodHandleAccessor.invoke(DirectMethodHandleAccessor.java:104) ~[na:na]
	at java.base/java.lang.reflect.Method.invoke(Method.java:565) ~[na:na]
	at org.springframework.aop.support.AopUtils.invokeJoinpointUsingReflection(AopUtils.java:360) ~[spring-aop-6.2.12.jar:6.2.12]
	at org.springframework.aop.framework.ReflectiveMethodInvocation.invokeJoinpoint(ReflectiveMethodInvocation.java:196) ~[spring-aop-6.2.12.jar:6.2.12]
	at org.springframework.aop.framework.ReflectiveMethodInvocation.proceed(ReflectiveMethodInvocation.java:163) ~[spring-aop-6.2.12.jar:6.2.12]
	at org.springframework.cache.interceptor.CacheInterceptor.lambda$invoke$0(CacheInterceptor.java:55) ~[spring-context-6.2.12.jar:6.2.12]
	at org.springframework.cache.interceptor.CacheAspectSupport.invokeOperation(CacheAspectSupport.java:431) ~[spring-context-6.2.12.jar:6.2.12]
	at org.springframework.cache.interceptor.CacheAspectSupport.evaluate(CacheAspectSupport.java:601) ~[spring-context-6.2.12.jar:6.2.12]
	at org.springframework.cache.interceptor.CacheAspectSupport.execute(CacheAspectSupport.java:448) ~[spring-context-6.2.12.jar:6.2.12]
	at org.springframework.cache.interceptor.CacheAspectSupport.execute(CacheAspectSupport.java:410) ~[spring-context-6.2.12.jar:6.2.12]
	at org.springframework.cache.interceptor.CacheInterceptor.invoke(CacheInterceptor.java:65) ~[spring-context-6.2.12.jar:6.2.12]
	at org.springframework.aop.framework.ReflectiveMethodInvocation.proceed(ReflectiveMethodInvocation.java:184) ~[spring-aop-6.2.12.jar:6.2.12]
	at org.springframework.aop.framework.CglibAopProxy$DynamicAdvisedInterceptor.intercept(CglibAopProxy.java:728) ~[spring-aop-6.2.12.jar:6.2.12]
	at com.airline.reservation.external.FlightOffersService$$SpringCGLIB$$0.search(<generated>) ~[classes/:na]
	at com.airline.reservation.external.FlightSearchController.search(FlightSearchController.java:45) ~[classes/:na]
	at java.base/jdk.internal.reflect.DirectMethodHandleAccessor.invoke(DirectMethodHandleAccessor.java:104) ~[na:na]
	at java.base/java.lang.reflect.Method.invoke(Method.java:565) ~[na:na]
	at org.springframework.web.method.support.InvocableHandlerMethod.doInvoke(InvocableHandlerMethod.java:258) ~[spring-web-6.2.12.jar:6.2.12]
	at org.springframework.web.method.support.InvocableHandlerMethod.invokeForRequest(InvocableHandlerMethod.java:191) ~[spring-web-6.2.12.jar:6.2.12]
	at org.springframework.web.servlet.mvc.method.annotation.ServletInvocableHandlerMethod.invokeAndHandle(ServletInvocableHandlerMethod.java:118) ~[spring-webmvc-6.2.12.jar:6.2.12]
	at org.springframework.web.servlet.mvc.method.annotation.RequestMappingHandlerAdapter.invokeHandlerMethod(RequestMappingHandlerAdapter.java:991) ~[spring-webmvc-6.2.12.jar:6.2.12]
	at org.springframework.web.servlet.mvc.method.annotation.RequestMappingHandlerAdapter.handleInternal(RequestMappingHandlerAdapter.java:896) ~[spring-webmvc-6.2.12.jar:6.2.12]
	at org.springframework.web.servlet.mvc.method.AbstractHandlerMethodAdapter.handle(AbstractHandlerMethodAdapter.java:87) ~[spring-webmvc-6.2.12.jar:6.2.12]
	at org.springframework.web.servlet.DispatcherServlet.doDispatch(DispatcherServlet.java:1089) ~[spring-webmvc-6.2.12.jar:6.2.12]
	at org.springframework.web.servlet.DispatcherServlet.doService(DispatcherServlet.java:979) ~[spring-webmvc-6.2.12.jar:6.2.12]
	at org.springframework.web.servlet.FrameworkServlet.processRequest(FrameworkServlet.java:1014) ~[spring-webmvc-6.2.12.jar:6.2.12]
	at org.springframework.web.servlet.FrameworkServlet.doGet(FrameworkServlet.java:903) ~[spring-webmvc-6.2.12.jar:6.2.12]
	at jakarta.servlet.http.HttpServlet.service(HttpServlet.java:564) ~[tomcat-embed-core-10.1.48.jar:6.0]
	at org.springframework.web.servlet.FrameworkServlet.service(FrameworkServlet.java:885) ~[spring-webmvc-6.2.12.jar:6.2.12]
	at jakarta.servlet.http.HttpServlet.service(HttpServlet.java:658) ~[tomcat-embed-core-10.1.48.jar:6.0]
	at org.apache.catalina.core.ApplicationFilterChain.internalDoFilter(ApplicationFilterChain.java:193) ~[tomcat-embed-core-10.1.48.jar:10.1.48]
	at org.apache.catalina.core.ApplicationFilterChain.doFilter(ApplicationFilterChain.java:138) ~[tomcat-embed-core-10.1.48.jar:10.1.48]
	at org.apache.tomcat.websocket.server.WsFilter.doFilter(WsFilter.java:51) ~[tomcat-embed-websocket-10.1.48.jar:10.1.48]
	at org.apache.catalina.core.ApplicationFilterChain.internalDoFilter(ApplicationFilterChain.java:162) ~[tomcat-embed-core-10.1.48.jar:10.1.48]
	at org.apache.catalina.core.ApplicationFilterChain.doFilter(ApplicationFilterChain.java:138) ~[tomcat-embed-core-10.1.48.jar:10.1.48]
	at org.springframework.web.filter.OncePerRequestFilter.doFilter(OncePerRequestFilter.java:110) ~[spring-web-6.2.12.jar:6.2.12]
	at org.apache.catalina.core.ApplicationFilterChain.internalDoFilter(ApplicationFilterChain.java:162) ~[tomcat-embed-core-10.1.48.jar:10.1.48]
	at org.apache.catalina.core.ApplicationFilterChain.doFilter(ApplicationFilterChain.java:138) ~[tomcat-embed-core-10.1.48.jar:10.1.48]
	at org.springframework.web.filter.CompositeFilter$VirtualFilterChain.doFilter(CompositeFilter.java:108) ~[spring-web-6.2.12.jar:6.2.12]
	at org.springframework.web.filter.CompositeFilter$VirtualFilterChain.doFilter(CompositeFilter.java:108) ~[spring-web-6.2.12.jar:6.2.12]
	at org.springframework.security.web.FilterChainProxy.lambda$doFilterInternal$3(FilterChainProxy.java:231) ~[spring-security-web-6.5.6.jar:6.5.6]
	at org.springframework.security.web.ObservationFilterChainDecorator$FilterObservation$SimpleFilterObservation.lambda$wrap$1(ObservationFilterChainDecorator.java:490) ~[spring-security-web-6.5.6.jar:6.5.6]
	at org.springframework.security.web.ObservationFilterChainDecorator$AroundFilterObservation$SimpleAroundFilterObservation.lambda$wrap$1(ObservationFilterChainDecorator.java:351) ~[spring-security-web-6.5.6.jar:6.5.6]
	at org.springframework.security.web.ObservationFilterChainDecorator.lambda$wrapSecured$0(ObservationFilterChainDecorator.java:83) ~[spring-security-web-6.5.6.jar:6.5.6]
	at org.springframework.security.web.ObservationFilterChainDecorator$VirtualFilterChain.doFilter(ObservationFilterChainDecorator.java:129) ~[spring-security-web-6.5.6.jar:6.5.6]
	at org.springframework.security.web.access.intercept.AuthorizationFilter.doFilter(AuthorizationFilter.java:101) ~[spring-security-web-6.5.6.jar:6.5.6]
	at org.springframework.security.web.ObservationFilterChainDecorator$ObservationFilter.wrapFilter(ObservationFilterChainDecorator.java:241) ~[spring-security-web-6.5.6.jar:6.5.6]
	at org.springframework.security.web.ObservationFilterChainDecorator$ObservationFilter.doFilter(ObservationFilterChainDecorator.java:228) ~[spring-security-web-6.5.6.jar:6.5.6]
	at org.springframework.security.web.ObservationFilterChainDecorator$VirtualFilterChain.doFilter(ObservationFilterChainDecorator.java:138) ~[spring-security-web-6.5.6.jar:6.5.6]
	at org.springframework.security.web.access.ExceptionTranslationFilter.doFilter(ExceptionTranslationFilter.java:125) ~[spring-security-web-6.5.6.jar:6.5.6]
	at org.springframework.security.web.access.ExceptionTranslationFilter.doFilter(ExceptionTranslationFilter.java:119) ~[spring-security-web-6.5.6.jar:6.5.6]
	at org.springframework.security.web.ObservationFilterChainDecorator$ObservationFilter.wrapFilter(ObservationFilterChainDecorator.java:241) ~[spring-security-web-6.5.6.jar:6.5.6]
	at org.springframework.security.web.ObservationFilterChainDecorator$ObservationFilter.doFilter(ObservationFilterChainDecorator.java:228) ~[spring-security-web-6.5.6.jar:6.5.6]
	at org.springframework.security.web.ObservationFilterChainDecorator$VirtualFilterChain.doFilter(ObservationFilterChainDecorator.java:138) ~[spring-security-web-6.5.6.jar:6.5.6]
	at org.springframework.security.web.authentication.AnonymousAuthenticationFilter.doFilter(AnonymousAuthenticationFilter.java:100) ~[spring-security-web-6.5.6.jar:6.5.6]
	at org.springframework.security.web.ObservationFilterChainDecorator$ObservationFilter.wrapFilter(ObservationFilterChainDecorator.java:241) ~[spring-security-web-6.5.6.jar:6.5.6]
	at org.springframework.security.web.ObservationFilterChainDecorator$ObservationFilter.doFilter(ObservationFilterChainDecorator.java:228) ~[spring-security-web-6.5.6.jar:6.5.6]
	at org.springframework.security.web.ObservationFilterChainDecorator$VirtualFilterChain.doFilter(ObservationFilterChainDecorator.java:138) ~[spring-security-web-6.5.6.jar:6.5.6]
	at org.springframework.security.web.servletapi.SecurityContextHolderAwareRequestFilter.doFilter(SecurityContextHolderAwareRequestFilter.java:179) ~[spring-security-web-6.5.6.jar:6.5.6]
	at org.springframework.security.web.ObservationFilterChainDecorator$ObservationFilter.wrapFilter(ObservationFilterChainDecorator.java:241) ~[spring-security-web-6.5.6.jar:6.5.6]
	at org.springframework.security.web.ObservationFilterChainDecorator$ObservationFilter.doFilter(ObservationFilterChainDecorator.java:228) ~[spring-security-web-6.5.6.jar:6.5.6]
	at org.springframework.security.web.ObservationFilterChainDecorator$VirtualFilterChain.doFilter(ObservationFilterChainDecorator.java:138) ~[spring-security-web-6.5.6.jar:6.5.6]
	at org.springframework.security.web.savedrequest.RequestCacheAwareFilter.doFilter(RequestCacheAwareFilter.java:63) ~[spring-security-web-6.5.6.jar:6.5.6]
	at org.springframework.security.web.ObservationFilterChainDecorator$ObservationFilter.wrapFilter(ObservationFilterChainDecorator.java:241) ~[spring-security-web-6.5.6.jar:6.5.6]
	at org.springframework.security.web.ObservationFilterChainDecorator$ObservationFilter.doFilter(ObservationFilterChainDecorator.java:228) ~[spring-security-web-6.5.6.jar:6.5.6]
	at org.springframework.security.web.ObservationFilterChainDecorator$VirtualFilterChain.doFilter(ObservationFilterChainDecorator.java:138) ~[spring-security-web-6.5.6.jar:6.5.6]
	at org.springframework.security.web.authentication.logout.LogoutFilter.doFilter(LogoutFilter.java:107) ~[spring-security-web-6.5.6.jar:6.5.6]
	at org.springframework.security.web.authentication.logout.LogoutFilter.doFilter(LogoutFilter.java:93) ~[spring-security-web-6.5.6.jar:6.5.6]
	at org.springframework.security.web.ObservationFilterChainDecorator$ObservationFilter.wrapFilter(ObservationFilterChainDecorator.java:241) ~[spring-security-web-6.5.6.jar:6.5.6]
	at org.springframework.security.web.ObservationFilterChainDecorator$ObservationFilter.doFilter(ObservationFilterChainDecorator.java:228) ~[spring-security-web-6.5.6.jar:6.5.6]
	at org.springframework.security.web.ObservationFilterChainDecorator$VirtualFilterChain.doFilter(ObservationFilterChainDecorator.java:138) ~[spring-security-web-6.5.6.jar:6.5.6]
	at org.springframework.web.filter.CorsFilter.doFilterInternal(CorsFilter.java:91) ~[spring-web-6.2.12.jar:6.2.12]
	at org.springframework.web.filter.OncePerRequestFilter.doFilter(OncePerRequestFilter.java:116) ~[spring-web-6.2.12.jar:6.2.12]
	at org.springframework.security.web.ObservationFilterChainDecorator$ObservationFilter.wrapFilter(ObservationFilterChainDecorator.java:241) ~[spring-security-web-6.5.6.jar:6.5.6]
	at org.springframework.security.web.ObservationFilterChainDecorator$ObservationFilter.doFilter(ObservationFilterChainDecorator.java:228) ~[spring-security-web-6.5.6.jar:6.5.6]
	at org.springframework.security.web.ObservationFilterChainDecorator$VirtualFilterChain.doFilter(ObservationFilterChainDecorator.java:138) ~[spring-security-web-6.5.6.jar:6.5.6]
	at org.springframework.security.web.header.HeaderWriterFilter.doHeadersAfter(HeaderWriterFilter.java:90) ~[spring-security-web-6.5.6.jar:6.5.6]
	at org.springframework.security.web.header.HeaderWriterFilter.doFilterInternal(HeaderWriterFilter.java:75) ~[spring-security-web-6.5.6.jar:6.5.6]
	at org.springframework.web.filter.OncePerRequestFilter.doFilter(OncePerRequestFilter.java:116) ~[spring-web-6.2.12.jar:6.2.12]
	at org.springframework.security.web.ObservationFilterChainDecorator$ObservationFilter.wrapFilter(ObservationFilterChainDecorator.java:241) ~[spring-security-web-6.5.6.jar:6.5.6]
	at org.springframework.security.web.ObservationFilterChainDecorator$ObservationFilter.doFilter(ObservationFilterChainDecorator.java:228) ~[spring-security-web-6.5.6.jar:6.5.6]
	at org.springframework.security.web.ObservationFilterChainDecorator$VirtualFilterChain.doFilter(ObservationFilterChainDecorator.java:138) ~[spring-security-web-6.5.6.jar:6.5.6]
	at org.springframework.security.web.context.SecurityContextHolderFilter.doFilter(SecurityContextHolderFilter.java:82) ~[spring-security-web-6.5.6.jar:6.5.6]
	at org.springframework.security.web.context.SecurityContextHolderFilter.doFilter(SecurityContextHolderFilter.java:69) ~[spring-security-web-6.5.6.jar:6.5.6]
	at org.springframework.security.web.ObservationFilterChainDecorator$ObservationFilter.wrapFilter(ObservationFilterChainDecorator.java:241) ~[spring-security-web-6.5.6.jar:6.5.6]
	at org.springframework.security.web.ObservationFilterChainDecorator$ObservationFilter.doFilter(ObservationFilterChainDecorator.java:228) ~[spring-security-web-6.5.6.jar:6.5.6]
	at org.springframework.security.web.ObservationFilterChainDecorator$VirtualFilterChain.doFilter(ObservationFilterChainDecorator.java:138) ~[spring-security-web-6.5.6.jar:6.5.6]
	at org.springframework.security.web.context.request.async.WebAsyncManagerIntegrationFilter.doFilterInternal(WebAsyncManagerIntegrationFilter.java:62) ~[spring-security-web-6.5.6.jar:6.5.6]
	at org.springframework.web.filter.OncePerRequestFilter.doFilter(OncePerRequestFilter.java:116) ~[spring-web-6.2.12.jar:6.2.12]
	at org.springframework.security.web.ObservationFilterChainDecorator$ObservationFilter.wrapFilter(ObservationFilterChainDecorator.java:241) ~[spring-security-web-6.5.6.jar:6.5.6]
	at org.springframework.security.web.ObservationFilterChainDecorator$ObservationFilter.doFilter(ObservationFilterChainDecorator.java:228) ~[spring-security-web-6.5.6.jar:6.5.6]
	at org.springframework.security.web.ObservationFilterChainDecorator$VirtualFilterChain.doFilter(ObservationFilterChainDecorator.java:138) ~[spring-security-web-6.5.6.jar:6.5.6]
	at org.springframework.security.web.session.DisableEncodeUrlFilter.doFilterInternal(DisableEncodeUrlFilter.java:42) ~[spring-security-web-6.5.6.jar:6.5.6]
	at org.springframework.web.filter.OncePerRequestFilter.doFilter(OncePerRequestFilter.java:116) ~[spring-web-6.2.12.jar:6.2.12]
	at org.springframework.security.web.ObservationFilterChainDecorator$ObservationFilter.wrapFilter(ObservationFilterChainDecorator.java:241) ~[spring-security-web-6.5.6.jar:6.5.6]
	at org.springframework.security.web.ObservationFilterChainDecorator$AroundFilterObservation$SimpleAroundFilterObservation.lambda$wrap$0(ObservationFilterChainDecorator.java:334) ~[spring-security-web-6.5.6.jar:6.5.6]
	at org.springframework.security.web.ObservationFilterChainDecorator$ObservationFilter.doFilter(ObservationFilterChainDecorator.java:225) ~[spring-security-web-6.5.6.jar:6.5.6]
	at org.springframework.security.web.ObservationFilterChainDecorator$VirtualFilterChain.doFilter(ObservationFilterChainDecorator.java:138) ~[spring-security-web-6.5.6.jar:6.5.6]
	at org.springframework.security.web.FilterChainProxy.doFilterInternal(FilterChainProxy.java:233) ~[spring-security-web-6.5.6.jar:6.5.6]
	at org.springframework.security.web.FilterChainProxy.doFilter(FilterChainProxy.java:191) ~[spring-security-web-6.5.6.jar:6.5.6]
	at org.springframework.web.filter.CompositeFilter$VirtualFilterChain.doFilter(CompositeFilter.java:113) ~[spring-web-6.2.12.jar:6.2.12]
	at org.springframework.web.filter.ServletRequestPathFilter.doFilter(ServletRequestPathFilter.java:52) ~[spring-web-6.2.12.jar:6.2.12]
	at org.springframework.web.filter.CompositeFilter$VirtualFilterChain.doFilter(CompositeFilter.java:113) ~[spring-web-6.2.12.jar:6.2.12]
	at org.springframework.web.filter.CompositeFilter.doFilter(CompositeFilter.java:74) ~[spring-web-6.2.12.jar:6.2.12]
	at org.springframework.security.config.annotation.web.configuration.WebSecurityConfiguration$CompositeFilterChainProxy.doFilter(WebSecurityConfiguration.java:319) ~[spring-security-config-6.5.6.jar:6.5.6]
	at org.springframework.web.filter.CompositeFilter$VirtualFilterChain.doFilter(CompositeFilter.java:113) ~[spring-web-6.2.12.jar:6.2.12]
	at org.springframework.web.servlet.handler.HandlerMappingIntrospector.lambda$createCacheFilter$4(HandlerMappingIntrospector.java:267) ~[spring-webmvc-6.2.12.jar:6.2.12]
	at org.springframework.web.filter.CompositeFilter$VirtualFilterChain.doFilter(CompositeFilter.java:113) ~[spring-web-6.2.12.jar:6.2.12]
	at org.springframework.web.filter.CompositeFilter.doFilter(CompositeFilter.java:74) ~[spring-web-6.2.12.jar:6.2.12]
	at org.springframework.security.config.annotation.web.configuration.WebMvcSecurityConfiguration$CompositeFilterChainProxy.doFilter(WebMvcSecurityConfiguration.java:240) ~[spring-security-config-6.5.6.jar:6.5.6]
	at org.springframework.web.filter.DelegatingFilterProxy.invokeDelegate(DelegatingFilterProxy.java:362) ~[spring-web-6.2.12.jar:6.2.12]
	at org.springframework.web.filter.DelegatingFilterProxy.doFilter(DelegatingFilterProxy.java:278) ~[spring-web-6.2.12.jar:6.2.12]
	at org.apache.catalina.core.ApplicationFilterChain.internalDoFilter(ApplicationFilterChain.java:162) ~[tomcat-embed-core-10.1.48.jar:10.1.48]
	at org.apache.catalina.core.ApplicationFilterChain.doFilter(ApplicationFilterChain.java:138) ~[tomcat-embed-core-10.1.48.jar:10.1.48]
	at org.springframework.web.filter.RequestContextFilter.doFilterInternal(RequestContextFilter.java:100) ~[spring-web-6.2.12.jar:6.2.12]
	at org.springframework.web.filter.OncePerRequestFilter.doFilter(OncePerRequestFilter.java:116) ~[spring-web-6.2.12.jar:6.2.12]
	at org.apache.catalina.core.ApplicationFilterChain.internalDoFilter(ApplicationFilterChain.java:162) ~[tomcat-embed-core-10.1.48.jar:10.1.48]
	at org.apache.catalina.core.ApplicationFilterChain.doFilter(ApplicationFilterChain.java:138) ~[tomcat-embed-core-10.1.48.jar:10.1.48]
	at org.springframework.web.filter.FormContentFilter.doFilterInternal(FormContentFilter.java:93) ~[spring-web-6.2.12.jar:6.2.12]
	at org.springframework.web.filter.OncePerRequestFilter.doFilter(OncePerRequestFilter.java:116) ~[spring-web-6.2.12.jar:6.2.12]
	at org.apache.catalina.core.ApplicationFilterChain.internalDoFilter(ApplicationFilterChain.java:162) ~[tomcat-embed-core-10.1.48.jar:10.1.48]
	at org.apache.catalina.core.ApplicationFilterChain.doFilter(ApplicationFilterChain.java:138) ~[tomcat-embed-core-10.1.48.jar:10.1.48]
	at org.springframework.web.filter.ServerHttpObservationFilter.doFilterInternal(ServerHttpObservationFilter.java:110) ~[spring-web-6.2.12.jar:6.2.12]
	at org.springframework.web.filter.OncePerRequestFilter.doFilter(OncePerRequestFilter.java:116) ~[spring-web-6.2.12.jar:6.2.12]
	at org.apache.catalina.core.ApplicationFilterChain.internalDoFilter(ApplicationFilterChain.java:162) ~[tomcat-embed-core-10.1.48.jar:10.1.48]
	at org.apache.catalina.core.ApplicationFilterChain.doFilter(ApplicationFilterChain.java:138) ~[tomcat-embed-core-10.1.48.jar:10.1.48]
	at org.springframework.web.filter.CharacterEncodingFilter.doFilterInternal(CharacterEncodingFilter.java:201) ~[spring-web-6.2.12.jar:6.2.12]
	at org.springframework.web.filter.OncePerRequestFilter.doFilter(OncePerRequestFilter.java:116) ~[spring-web-6.2.12.jar:6.2.12]
	at org.apache.catalina.core.ApplicationFilterChain.internalDoFilter(ApplicationFilterChain.java:162) ~[tomcat-embed-core-10.1.48.jar:10.1.48]
	at org.apache.catalina.core.ApplicationFilterChain.doFilter(ApplicationFilterChain.java:138) ~[tomcat-embed-core-10.1.48.jar:10.1.48]
	at org.apache.catalina.core.StandardWrapperValve.invoke(StandardWrapperValve.java:165) ~[tomcat-embed-core-10.1.48.jar:10.1.48]
	at org.apache.catalina.core.StandardContextValve.invoke(StandardContextValve.java:88) ~[tomcat-embed-core-10.1.48.jar:10.1.48]
	at org.apache.catalina.authenticator.AuthenticatorBase.invoke(AuthenticatorBase.java:482) ~[tomcat-embed-core-10.1.48.jar:10.1.48]
	at org.apache.catalina.core.StandardHostValve.invoke(StandardHostValve.java:113) ~[tomcat-embed-core-10.1.48.jar:10.1.48]
	at org.apache.catalina.valves.ErrorReportValve.invoke(ErrorReportValve.java:83) ~[tomcat-embed-core-10.1.48.jar:10.1.48]
	at org.apache.catalina.core.StandardEngineValve.invoke(StandardEngineValve.java:72) ~[tomcat-embed-core-10.1.48.jar:10.1.48]
	at org.apache.catalina.connector.CoyoteAdapter.service(CoyoteAdapter.java:342) ~[tomcat-embed-core-10.1.48.jar:10.1.48]
	at org.apache.coyote.http11.Http11Processor.service(Http11Processor.java:399) ~[tomcat-embed-core-10.1.48.jar:10.1.48]
	at org.apache.coyote.AbstractProcessorLight.process(AbstractProcessorLight.java:63) ~[tomcat-embed-core-10.1.48.jar:10.1.48]
	at org.apache.coyote.AbstractProtocol$ConnectionHandler.process(AbstractProtocol.java:903) ~[tomcat-embed-core-10.1.48.jar:10.1.48]
	at org.apache.tomcat.util.net.NioEndpoint$SocketProcessor.doRun(NioEndpoint.java:1774) ~[tomcat-embed-core-10.1.48.jar:10.1.48]
	at org.apache.tomcat.util.net.SocketProcessorBase.run(SocketProcessorBase.java:52) ~[tomcat-embed-core-10.1.48.jar:10.1.48]
	at org.apache.tomcat.util.threads.ThreadPoolExecutor.runWorker(ThreadPoolExecutor.java:973) ~[tomcat-embed-core-10.1.48.jar:10.1.48]
	at org.apache.tomcat.util.threads.ThreadPoolExecutor$Worker.run(ThreadPoolExecutor.java:491) ~[tomcat-embed-core-10.1.48.jar:10.1.48]
	at org.apache.tomcat.util.threads.TaskThread$WrappingRunnable.run(TaskThread.java:63) ~[tomcat-embed-core-10.1.48.jar:10.1.48]
	at java.base/java.lang.Thread.run(Thread.java:1474) ~[na:na]

2025-11-10T11:49:48.460-05:00 ERROR 67390 --- [reservation] [http-nio-8080-exec-6] o.a.c.c.C.[.[.[/].[dispatcherServlet]    : Servlet.service() for servlet [dispatcherServlet] in context with path [] threw exception [Request processing failed: java.lang.IllegalArgumentException: IATA code must be 3 uppercase letters] with root cause

java.lang.IllegalArgumentException: IATA code must be 3 uppercase letters
	at com.airline.reservation.external.FlightOffersService.validateIata(FlightOffersService.java:120) ~[classes/:na]
	at com.airline.reservation.external.FlightOffersService.search(FlightOffersService.java:33) ~[classes/:na]
	at java.base/jdk.internal.reflect.DirectMethodHandleAccessor.invoke(DirectMethodHandleAccessor.java:104) ~[na:na]
	at java.base/java.lang.reflect.Method.invoke(Method.java:565) ~[na:na]
	at org.springframework.aop.support.AopUtils.invokeJoinpointUsingReflection(AopUtils.java:360) ~[spring-aop-6.2.12.jar:6.2.12]
	at org.springframework.aop.framework.ReflectiveMethodInvocation.invokeJoinpoint(ReflectiveMethodInvocation.java:196) ~[spring-aop-6.2.12.jar:6.2.12]
	at org.springframework.aop.framework.ReflectiveMethodInvocation.proceed(ReflectiveMethodInvocation.java:163) ~[spring-aop-6.2.12.jar:6.2.12]
	at org.springframework.cache.interceptor.CacheInterceptor.lambda$invoke$0(CacheInterceptor.java:55) ~[spring-context-6.2.12.jar:6.2.12]
	at org.springframework.cache.interceptor.CacheAspectSupport.invokeOperation(CacheAspectSupport.java:431) ~[spring-context-6.2.12.jar:6.2.12]
	at org.springframework.cache.interceptor.CacheAspectSupport.evaluate(CacheAspectSupport.java:601) ~[spring-context-6.2.12.jar:6.2.12]
	at org.springframework.cache.interceptor.CacheAspectSupport.execute(CacheAspectSupport.java:448) ~[spring-context-6.2.12.jar:6.2.12]
	at org.springframework.cache.interceptor.CacheAspectSupport.execute(CacheAspectSupport.java:410) ~[spring-context-6.2.12.jar:6.2.12]
	at org.springframework.cache.interceptor.CacheInterceptor.invoke(CacheInterceptor.java:65) ~[spring-context-6.2.12.jar:6.2.12]
	at org.springframework.aop.framework.ReflectiveMethodInvocation.proceed(ReflectiveMethodInvocation.java:184) ~[spring-aop-6.2.12.jar:6.2.12]
	at org.springframework.aop.framework.CglibAopProxy$DynamicAdvisedInterceptor.intercept(CglibAopProxy.java:728) ~[spring-aop-6.2.12.jar:6.2.12]
	at com.airline.reservation.external.FlightOffersService$$SpringCGLIB$$0.search(<generated>) ~[classes/:na]
	at com.airline.reservation.external.FlightSearchController.search(FlightSearchController.java:45) ~[classes/:na]
	at java.base/jdk.internal.reflect.DirectMethodHandleAccessor.invoke(DirectMethodHandleAccessor.java:104) ~[na:na]
	at java.base/java.lang.reflect.Method.invoke(Method.java:565) ~[na:na]
	at org.springframework.web.method.support.InvocableHandlerMethod.doInvoke(InvocableHandlerMethod.java:258) ~[spring-web-6.2.12.jar:6.2.12]
	at org.springframework.web.method.support.InvocableHandlerMethod.invokeForRequest(InvocableHandlerMethod.java:191) ~[spring-web-6.2.12.jar:6.2.12]
	at org.springframework.web.servlet.mvc.method.annotation.ServletInvocableHandlerMethod.invokeAndHandle(ServletInvocableHandlerMethod.java:118) ~[spring-webmvc-6.2.12.jar:6.2.12]
	at org.springframework.web.servlet.mvc.method.annotation.RequestMappingHandlerAdapter.invokeHandlerMethod(RequestMappingHandlerAdapter.java:991) ~[spring-webmvc-6.2.12.jar:6.2.12]
	at org.springframework.web.servlet.mvc.method.annotation.RequestMappingHandlerAdapter.handleInternal(RequestMappingHandlerAdapter.java:896) ~[spring-webmvc-6.2.12.jar:6.2.12]
	at org.springframework.web.servlet.mvc.method.AbstractHandlerMethodAdapter.handle(AbstractHandlerMethodAdapter.java:87) ~[spring-webmvc-6.2.12.jar:6.2.12]
	at org.springframework.web.servlet.DispatcherServlet.doDispatch(DispatcherServlet.java:1089) ~[spring-webmvc-6.2.12.jar:6.2.12]
	at org.springframework.web.servlet.DispatcherServlet.doService(DispatcherServlet.java:979) ~[spring-webmvc-6.2.12.jar:6.2.12]
	at org.springframework.web.servlet.FrameworkServlet.processRequest(FrameworkServlet.java:1014) ~[spring-webmvc-6.2.12.jar:6.2.12]
	at org.springframework.web.servlet.FrameworkServlet.doGet(FrameworkServlet.java:903) ~[spring-webmvc-6.2.12.jar:6.2.12]
	at jakarta.servlet.http.HttpServlet.service(HttpServlet.java:564) ~[tomcat-embed-core-10.1.48.jar:6.0]
	at org.springframework.web.servlet.FrameworkServlet.service(FrameworkServlet.java:885) ~[spring-webmvc-6.2.12.jar:6.2.12]
	at jakarta.servlet.http.HttpServlet.service(HttpServlet.java:658) ~[tomcat-embed-core-10.1.48.jar:6.0]
	at org.apache.catalina.core.ApplicationFilterChain.internalDoFilter(ApplicationFilterChain.java:193) ~[tomcat-embed-core-10.1.48.jar:10.1.48]
	at org.apache.catalina.core.ApplicationFilterChain.doFilter(ApplicationFilterChain.java:138) ~[tomcat-embed-core-10.1.48.jar:10.1.48]
	at org.apache.tomcat.websocket.server.WsFilter.doFilter(WsFilter.java:51) ~[tomcat-embed-websocket-10.1.48.jar:10.1.48]
	at org.apache.catalina.core.ApplicationFilterChain.internalDoFilter(ApplicationFilterChain.java:162) ~[tomcat-embed-core-10.1.48.jar:10.1.48]
	at org.apache.catalina.core.ApplicationFilterChain.doFilter(ApplicationFilterChain.java:138) ~[tomcat-embed-core-10.1.48.jar:10.1.48]
	at org.springframework.web.filter.OncePerRequestFilter.doFilter(OncePerRequestFilter.java:110) ~[spring-web-6.2.12.jar:6.2.12]
	at org.apache.catalina.core.ApplicationFilterChain.internalDoFilter(ApplicationFilterChain.java:162) ~[tomcat-embed-core-10.1.48.jar:10.1.48]
	at org.apache.catalina.core.ApplicationFilterChain.doFilter(ApplicationFilterChain.java:138) ~[tomcat-embed-core-10.1.48.jar:10.1.48]
	at org.springframework.web.filter.CompositeFilter$VirtualFilterChain.doFilter(CompositeFilter.java:108) ~[spring-web-6.2.12.jar:6.2.12]
	at org.springframework.web.filter.CompositeFilter$VirtualFilterChain.doFilter(CompositeFilter.java:108) ~[spring-web-6.2.12.jar:6.2.12]
	at org.springframework.security.web.FilterChainProxy.lambda$doFilterInternal$3(FilterChainProxy.java:231) ~[spring-security-web-6.5.6.jar:6.5.6]
	at org.springframework.security.web.ObservationFilterChainDecorator$FilterObservation$SimpleFilterObservation.lambda$wrap$1(ObservationFilterChainDecorator.java:490) ~[spring-security-web-6.5.6.jar:6.5.6]
	at org.springframework.security.web.ObservationFilterChainDecorator$AroundFilterObservation$SimpleAroundFilterObservation.lambda$wrap$1(ObservationFilterChainDecorator.java:351) ~[spring-security-web-6.5.6.jar:6.5.6]
	at org.springframework.security.web.ObservationFilterChainDecorator.lambda$wrapSecured$0(ObservationFilterChainDecorator.java:83) ~[spring-security-web-6.5.6.jar:6.5.6]
	at org.springframework.security.web.ObservationFilterChainDecorator$VirtualFilterChain.doFilter(ObservationFilterChainDecorator.java:129) ~[spring-security-web-6.5.6.jar:6.5.6]
	at org.springframework.security.web.access.intercept.AuthorizationFilter.doFilter(AuthorizationFilter.java:101) ~[spring-security-web-6.5.6.jar:6.5.6]
	at org.springframework.security.web.ObservationFilterChainDecorator$ObservationFilter.wrapFilter(ObservationFilterChainDecorator.java:241) ~[spring-security-web-6.5.6.jar:6.5.6]
	at org.springframework.security.web.ObservationFilterChainDecorator$ObservationFilter.doFilter(ObservationFilterChainDecorator.java:228) ~[spring-security-web-6.5.6.jar:6.5.6]
	at org.springframework.security.web.ObservationFilterChainDecorator$VirtualFilterChain.doFilter(ObservationFilterChainDecorator.java:138) ~[spring-security-web-6.5.6.jar:6.5.6]
	at org.springframework.security.web.access.ExceptionTranslationFilter.doFilter(ExceptionTranslationFilter.java:125) ~[spring-security-web-6.5.6.jar:6.5.6]
	at org.springframework.security.web.access.ExceptionTranslationFilter.doFilter(ExceptionTranslationFilter.java:119) ~[spring-security-web-6.5.6.jar:6.5.6]
	at org.springframework.security.web.ObservationFilterChainDecorator$ObservationFilter.wrapFilter(ObservationFilterChainDecorator.java:241) ~[spring-security-web-6.5.6.jar:6.5.6]
	at org.springframework.security.web.ObservationFilterChainDecorator$ObservationFilter.doFilter(ObservationFilterChainDecorator.java:228) ~[spring-security-web-6.5.6.jar:6.5.6]
	at org.springframework.security.web.ObservationFilterChainDecorator$VirtualFilterChain.doFilter(ObservationFilterChainDecorator.java:138) ~[spring-security-web-6.5.6.jar:6.5.6]
	at org.springframework.security.web.authentication.AnonymousAuthenticationFilter.doFilter(AnonymousAuthenticationFilter.java:100) ~[spring-security-web-6.5.6.jar:6.5.6]
	at org.springframework.security.web.ObservationFilterChainDecorator$ObservationFilter.wrapFilter(ObservationFilterChainDecorator.java:241) ~[spring-security-web-6.5.6.jar:6.5.6]
	at org.springframework.security.web.ObservationFilterChainDecorator$ObservationFilter.doFilter(ObservationFilterChainDecorator.java:228) ~[spring-security-web-6.5.6.jar:6.5.6]
	at org.springframework.security.web.ObservationFilterChainDecorator$VirtualFilterChain.doFilter(ObservationFilterChainDecorator.java:138) ~[spring-security-web-6.5.6.jar:6.5.6]
	at org.springframework.security.web.servletapi.SecurityContextHolderAwareRequestFilter.doFilter(SecurityContextHolderAwareRequestFilter.java:179) ~[spring-security-web-6.5.6.jar:6.5.6]
	at org.springframework.security.web.ObservationFilterChainDecorator$ObservationFilter.wrapFilter(ObservationFilterChainDecorator.java:241) ~[spring-security-web-6.5.6.jar:6.5.6]
	at org.springframework.security.web.ObservationFilterChainDecorator$ObservationFilter.doFilter(ObservationFilterChainDecorator.java:228) ~[spring-security-web-6.5.6.jar:6.5.6]
	at org.springframework.security.web.ObservationFilterChainDecorator$VirtualFilterChain.doFilter(ObservationFilterChainDecorator.java:138) ~[spring-security-web-6.5.6.jar:6.5.6]
	at org.springframework.security.web.savedrequest.RequestCacheAwareFilter.doFilter(RequestCacheAwareFilter.java:63) ~[spring-security-web-6.5.6.jar:6.5.6]
	at org.springframework.security.web.ObservationFilterChainDecorator$ObservationFilter.wrapFilter(ObservationFilterChainDecorator.java:241) ~[spring-security-web-6.5.6.jar:6.5.6]
	at org.springframework.security.web.ObservationFilterChainDecorator$ObservationFilter.doFilter(ObservationFilterChainDecorator.java:228) ~[spring-security-web-6.5.6.jar:6.5.6]
	at org.springframework.security.web.ObservationFilterChainDecorator$VirtualFilterChain.doFilter(ObservationFilterChainDecorator.java:138) ~[spring-security-web-6.5.6.jar:6.5.6]
	at org.springframework.security.web.authentication.logout.LogoutFilter.doFilter(LogoutFilter.java:107) ~[spring-security-web-6.5.6.jar:6.5.6]
	at org.springframework.security.web.authentication.logout.LogoutFilter.doFilter(LogoutFilter.java:93) ~[spring-security-web-6.5.6.jar:6.5.6]
	at org.springframework.security.web.ObservationFilterChainDecorator$ObservationFilter.wrapFilter(ObservationFilterChainDecorator.java:241) ~[spring-security-web-6.5.6.jar:6.5.6]
	at org.springframework.security.web.ObservationFilterChainDecorator$ObservationFilter.doFilter(ObservationFilterChainDecorator.java:228) ~[spring-security-web-6.5.6.jar:6.5.6]
	at org.springframework.security.web.ObservationFilterChainDecorator$VirtualFilterChain.doFilter(ObservationFilterChainDecorator.java:138) ~[spring-security-web-6.5.6.jar:6.5.6]
	at org.springframework.web.filter.CorsFilter.doFilterInternal(CorsFilter.java:91) ~[spring-web-6.2.12.jar:6.2.12]
	at org.springframework.web.filter.OncePerRequestFilter.doFilter(OncePerRequestFilter.java:116) ~[spring-web-6.2.12.jar:6.2.12]
	at org.springframework.security.web.ObservationFilterChainDecorator$ObservationFilter.wrapFilter(ObservationFilterChainDecorator.java:241) ~[spring-security-web-6.5.6.jar:6.5.6]
	at org.springframework.security.web.ObservationFilterChainDecorator$ObservationFilter.doFilter(ObservationFilterChainDecorator.java:228) ~[spring-security-web-6.5.6.jar:6.5.6]
	at org.springframework.security.web.ObservationFilterChainDecorator$VirtualFilterChain.doFilter(ObservationFilterChainDecorator.java:138) ~[spring-security-web-6.5.6.jar:6.5.6]
	at org.springframework.security.web.header.HeaderWriterFilter.doHeadersAfter(HeaderWriterFilter.java:90) ~[spring-security-web-6.5.6.jar:6.5.6]
	at org.springframework.security.web.header.HeaderWriterFilter.doFilterInternal(HeaderWriterFilter.java:75) ~[spring-security-web-6.5.6.jar:6.5.6]
	at org.springframework.web.filter.OncePerRequestFilter.doFilter(OncePerRequestFilter.java:116) ~[spring-web-6.2.12.jar:6.2.12]
	at org.springframework.security.web.ObservationFilterChainDecorator$ObservationFilter.wrapFilter(ObservationFilterChainDecorator.java:241) ~[spring-security-web-6.5.6.jar:6.5.6]
	at org.springframework.security.web.ObservationFilterChainDecorator$ObservationFilter.doFilter(ObservationFilterChainDecorator.java:228) ~[spring-security-web-6.5.6.jar:6.5.6]
	at org.springframework.security.web.ObservationFilterChainDecorator$VirtualFilterChain.doFilter(ObservationFilterChainDecorator.java:138) ~[spring-security-web-6.5.6.jar:6.5.6]
	at org.springframework.security.web.context.SecurityContextHolderFilter.doFilter(SecurityContextHolderFilter.java:82) ~[spring-security-web-6.5.6.jar:6.5.6]
	at org.springframework.security.web.context.SecurityContextHolderFilter.doFilter(SecurityContextHolderFilter.java:69) ~[spring-security-web-6.5.6.jar:6.5.6]
	at org.springframework.security.web.ObservationFilterChainDecorator$ObservationFilter.wrapFilter(ObservationFilterChainDecorator.java:241) ~[spring-security-web-6.5.6.jar:6.5.6]
	at org.springframework.security.web.ObservationFilterChainDecorator$ObservationFilter.doFilter(ObservationFilterChainDecorator.java:228) ~[spring-security-web-6.5.6.jar:6.5.6]
	at org.springframework.security.web.ObservationFilterChainDecorator$VirtualFilterChain.doFilter(ObservationFilterChainDecorator.java:138) ~[spring-security-web-6.5.6.jar:6.5.6]
	at org.springframework.security.web.context.request.async.WebAsyncManagerIntegrationFilter.doFilterInternal(WebAsyncManagerIntegrationFilter.java:62) ~[spring-security-web-6.5.6.jar:6.5.6]
	at org.springframework.web.filter.OncePerRequestFilter.doFilter(OncePerRequestFilter.java:116) ~[spring-web-6.2.12.jar:6.2.12]
	at org.springframework.security.web.ObservationFilterChainDecorator$ObservationFilter.wrapFilter(ObservationFilterChainDecorator.java:241) ~[spring-security-web-6.5.6.jar:6.5.6]
	at org.springframework.security.web.ObservationFilterChainDecorator$ObservationFilter.doFilter(ObservationFilterChainDecorator.java:228) ~[spring-security-web-6.5.6.jar:6.5.6]
	at org.springframework.security.web.ObservationFilterChainDecorator$VirtualFilterChain.doFilter(ObservationFilterChainDecorator.java:138) ~[spring-security-web-6.5.6.jar:6.5.6]
	at org.springframework.security.web.session.DisableEncodeUrlFilter.doFilterInternal(DisableEncodeUrlFilter.java:42) ~[spring-security-web-6.5.6.jar:6.5.6]
	at org.springframework.web.filter.OncePerRequestFilter.doFilter(OncePerRequestFilter.java:116) ~[spring-web-6.2.12.jar:6.2.12]
	at org.springframework.security.web.ObservationFilterChainDecorator$ObservationFilter.wrapFilter(ObservationFilterChainDecorator.java:241) ~[spring-security-web-6.5.6.jar:6.5.6]
	at org.springframework.security.web.ObservationFilterChainDecorator$AroundFilterObservation$SimpleAroundFilterObservation.lambda$wrap$0(ObservationFilterChainDecorator.java:334) ~[spring-security-web-6.5.6.jar:6.5.6]
	at org.springframework.security.web.ObservationFilterChainDecorator$ObservationFilter.doFilter(ObservationFilterChainDecorator.java:225) ~[spring-security-web-6.5.6.jar:6.5.6]
	at org.springframework.security.web.ObservationFilterChainDecorator$VirtualFilterChain.doFilter(ObservationFilterChainDecorator.java:138) ~[spring-security-web-6.5.6.jar:6.5.6]
	at org.springframework.security.web.FilterChainProxy.doFilterInternal(FilterChainProxy.java:233) ~[spring-security-web-6.5.6.jar:6.5.6]
	at org.springframework.security.web.FilterChainProxy.doFilter(FilterChainProxy.java:191) ~[spring-security-web-6.5.6.jar:6.5.6]
	at org.springframework.web.filter.CompositeFilter$VirtualFilterChain.doFilter(CompositeFilter.java:113) ~[spring-web-6.2.12.jar:6.2.12]
	at org.springframework.web.filter.ServletRequestPathFilter.doFilter(ServletRequestPathFilter.java:52) ~[spring-web-6.2.12.jar:6.2.12]
	at org.springframework.web.filter.CompositeFilter$VirtualFilterChain.doFilter(CompositeFilter.java:113) ~[spring-web-6.2.12.jar:6.2.12]
	at org.springframework.web.filter.CompositeFilter.doFilter(CompositeFilter.java:74) ~[spring-web-6.2.12.jar:6.2.12]
	at org.springframework.security.config.annotation.web.configuration.WebSecurityConfiguration$CompositeFilterChainProxy.doFilter(WebSecurityConfiguration.java:319) ~[spring-security-config-6.5.6.jar:6.5.6]
	at org.springframework.web.filter.CompositeFilter$VirtualFilterChain.doFilter(CompositeFilter.java:113) ~[spring-web-6.2.12.jar:6.2.12]
	at org.springframework.web.servlet.handler.HandlerMappingIntrospector.lambda$createCacheFilter$4(HandlerMappingIntrospector.java:267) ~[spring-webmvc-6.2.12.jar:6.2.12]
	at org.springframework.web.filter.CompositeFilter$VirtualFilterChain.doFilter(CompositeFilter.java:113) ~[spring-web-6.2.12.jar:6.2.12]
	at org.springframework.web.filter.CompositeFilter.doFilter(CompositeFilter.java:74) ~[spring-web-6.2.12.jar:6.2.12]
	at org.springframework.security.config.annotation.web.configuration.WebMvcSecurityConfiguration$CompositeFilterChainProxy.doFilter(WebMvcSecurityConfiguration.java:240) ~[spring-security-config-6.5.6.jar:6.5.6]
	at org.springframework.web.filter.DelegatingFilterProxy.invokeDelegate(DelegatingFilterProxy.java:362) ~[spring-web-6.2.12.jar:6.2.12]
	at org.springframework.web.filter.DelegatingFilterProxy.doFilter(DelegatingFilterProxy.java:278) ~[spring-web-6.2.12.jar:6.2.12]
	at org.apache.catalina.core.ApplicationFilterChain.internalDoFilter(ApplicationFilterChain.java:162) ~[tomcat-embed-core-10.1.48.jar:10.1.48]
	at org.apache.catalina.core.ApplicationFilterChain.doFilter(ApplicationFilterChain.java:138) ~[tomcat-embed-core-10.1.48.jar:10.1.48]
	at org.springframework.web.filter.RequestContextFilter.doFilterInternal(RequestContextFilter.java:100) ~[spring-web-6.2.12.jar:6.2.12]
	at org.springframework.web.filter.OncePerRequestFilter.doFilter(OncePerRequestFilter.java:116) ~[spring-web-6.2.12.jar:6.2.12]
	at org.apache.catalina.core.ApplicationFilterChain.internalDoFilter(ApplicationFilterChain.java:162) ~[tomcat-embed-core-10.1.48.jar:10.1.48]
	at org.apache.catalina.core.ApplicationFilterChain.doFilter(ApplicationFilterChain.java:138) ~[tomcat-embed-core-10.1.48.jar:10.1.48]
	at org.springframework.web.filter.FormContentFilter.doFilterInternal(FormContentFilter.java:93) ~[spring-web-6.2.12.jar:6.2.12]
	at org.springframework.web.filter.OncePerRequestFilter.doFilter(OncePerRequestFilter.java:116) ~[spring-web-6.2.12.jar:6.2.12]
	at org.apache.catalina.core.ApplicationFilterChain.internalDoFilter(ApplicationFilterChain.java:162) ~[tomcat-embed-core-10.1.48.jar:10.1.48]
	at org.apache.catalina.core.ApplicationFilterChain.doFilter(ApplicationFilterChain.java:138) ~[tomcat-embed-core-10.1.48.jar:10.1.48]
	at org.springframework.web.filter.ServerHttpObservationFilter.doFilterInternal(ServerHttpObservationFilter.java:110) ~[spring-web-6.2.12.jar:6.2.12]
	at org.springframework.web.filter.OncePerRequestFilter.doFilter(OncePerRequestFilter.java:116) ~[spring-web-6.2.12.jar:6.2.12]
	at org.apache.catalina.core.ApplicationFilterChain.internalDoFilter(ApplicationFilterChain.java:162) ~[tomcat-embed-core-10.1.48.jar:10.1.48]
	at org.apache.catalina.core.ApplicationFilterChain.doFilter(ApplicationFilterChain.java:138) ~[tomcat-embed-core-10.1.48.jar:10.1.48]
	at org.springframework.web.filter.CharacterEncodingFilter.doFilterInternal(CharacterEncodingFilter.java:201) ~[spring-web-6.2.12.jar:6.2.12]
	at org.springframework.web.filter.OncePerRequestFilter.doFilter(OncePerRequestFilter.java:116) ~[spring-web-6.2.12.jar:6.2.12]
	at org.apache.catalina.core.ApplicationFilterChain.internalDoFilter(ApplicationFilterChain.java:162) ~[tomcat-embed-core-10.1.48.jar:10.1.48]
	at org.apache.catalina.core.ApplicationFilterChain.doFilter(ApplicationFilterChain.java:138) ~[tomcat-embed-core-10.1.48.jar:10.1.48]
	at org.apache.catalina.core.StandardWrapperValve.invoke(StandardWrapperValve.java:165) ~[tomcat-embed-core-10.1.48.jar:10.1.48]
	at org.apache.catalina.core.StandardContextValve.invoke(StandardContextValve.java:88) ~[tomcat-embed-core-10.1.48.jar:10.1.48]
	at org.apache.catalina.authenticator.AuthenticatorBase.invoke(AuthenticatorBase.java:482) ~[tomcat-embed-core-10.1.48.jar:10.1.48]
	at org.apache.catalina.core.StandardHostValve.invoke(StandardHostValve.java:113) ~[tomcat-embed-core-10.1.48.jar:10.1.48]
	at org.apache.catalina.valves.ErrorReportValve.invoke(ErrorReportValve.java:83) ~[tomcat-embed-core-10.1.48.jar:10.1.48]
	at org.apache.catalina.core.StandardEngineValve.invoke(StandardEngineValve.java:72) ~[tomcat-embed-core-10.1.48.jar:10.1.48]
	at org.apache.catalina.connector.CoyoteAdapter.service(CoyoteAdapter.java:342) ~[tomcat-embed-core-10.1.48.jar:10.1.48]
	at org.apache.coyote.http11.Http11Processor.service(Http11Processor.java:399) ~[tomcat-embed-core-10.1.48.jar:10.1.48]
	at org.apache.coyote.AbstractProcessorLight.process(AbstractProcessorLight.java:63) ~[tomcat-embed-core-10.1.48.jar:10.1.48]
	at org.apache.coyote.AbstractProtocol$ConnectionHandler.process(AbstractProtocol.java:903) ~[tomcat-embed-core-10.1.48.jar:10.1.48]
	at org.apache.tomcat.util.net.NioEndpoint$SocketProcessor.doRun(NioEndpoint.java:1774) ~[tomcat-embed-core-10.1.48.jar:10.1.48]
	at org.apache.tomcat.util.net.SocketProcessorBase.run(SocketProcessorBase.java:52) ~[tomcat-embed-core-10.1.48.jar:10.1.48]
	at org.apache.tomcat.util.threads.ThreadPoolExecutor.runWorker(ThreadPoolExecutor.java:973) ~[tomcat-embed-core-10.1.48.jar:10.1.48]
	at org.apache.tomcat.util.threads.ThreadPoolExecutor$Worker.run(ThreadPoolExecutor.java:491) ~[tomcat-embed-core-10.1.48.jar:10.1.48]
	at org.apache.tomcat.util.threads.TaskThread$WrappingRunnable.run(TaskThread.java:63) ~[tomcat-embed-core-10.1.48.jar:10.1.48]
	at java.base/java.lang.Thread.run(Thread.java:1474) ~[na:na]

2025-11-10T11:49:48.588-05:00 ERROR 67390 --- [reservation] [http-nio-8080-exec-7] o.a.c.c.C.[.[.[/].[dispatcherServlet]    : Servlet.service() for servlet [dispatcherServlet] in context with path [] threw exception [Request processing failed: java.lang.IllegalArgumentException: IATA code must be 3 uppercase letters] with root cause

java.lang.IllegalArgumentException: IATA code must be 3 uppercase letters
	at com.airline.reservation.external.FlightOffersService.validateIata(FlightOffersService.java:120) ~[classes/:na]
	at com.airline.reservation.external.FlightOffersService.search(FlightOffersService.java:33) ~[classes/:na]
	at java.base/jdk.internal.reflect.DirectMethodHandleAccessor.invoke(DirectMethodHandleAccessor.java:104) ~[na:na]
	at java.base/java.lang.reflect.Method.invoke(Method.java:565) ~[na:na]
	at org.springframework.aop.support.AopUtils.invokeJoinpointUsingReflection(AopUtils.java:360) ~[spring-aop-6.2.12.jar:6.2.12]
	at org.springframework.aop.framework.ReflectiveMethodInvocation.invokeJoinpoint(ReflectiveMethodInvocation.java:196) ~[spring-aop-6.2.12.jar:6.2.12]
	at org.springframework.aop.framework.ReflectiveMethodInvocation.proceed(ReflectiveMethodInvocation.java:163) ~[spring-aop-6.2.12.jar:6.2.12]
	at org.springframework.cache.interceptor.CacheInterceptor.lambda$invoke$0(CacheInterceptor.java:55) ~[spring-context-6.2.12.jar:6.2.12]
	at org.springframework.cache.interceptor.CacheAspectSupport.invokeOperation(CacheAspectSupport.java:431) ~[spring-context-6.2.12.jar:6.2.12]
	at org.springframework.cache.interceptor.CacheAspectSupport.evaluate(CacheAspectSupport.java:601) ~[spring-context-6.2.12.jar:6.2.12]
	at org.springframework.cache.interceptor.CacheAspectSupport.execute(CacheAspectSupport.java:448) ~[spring-context-6.2.12.jar:6.2.12]
	at org.springframework.cache.interceptor.CacheAspectSupport.execute(CacheAspectSupport.java:410) ~[spring-context-6.2.12.jar:6.2.12]
	at org.springframework.cache.interceptor.CacheInterceptor.invoke(CacheInterceptor.java:65) ~[spring-context-6.2.12.jar:6.2.12]
	at org.springframework.aop.framework.ReflectiveMethodInvocation.proceed(ReflectiveMethodInvocation.java:184) ~[spring-aop-6.2.12.jar:6.2.12]
	at org.springframework.aop.framework.CglibAopProxy$DynamicAdvisedInterceptor.intercept(CglibAopProxy.java:728) ~[spring-aop-6.2.12.jar:6.2.12]
	at com.airline.reservation.external.FlightOffersService$$SpringCGLIB$$0.search(<generated>) ~[classes/:na]
	at com.airline.reservation.external.FlightSearchController.search(FlightSearchController.java:45) ~[classes/:na]
	at java.base/jdk.internal.reflect.DirectMethodHandleAccessor.invoke(DirectMethodHandleAccessor.java:104) ~[na:na]
	at java.base/java.lang.reflect.Method.invoke(Method.java:565) ~[na:na]
	at org.springframework.web.method.support.InvocableHandlerMethod.doInvoke(InvocableHandlerMethod.java:258) ~[spring-web-6.2.12.jar:6.2.12]
	at org.springframework.web.method.support.InvocableHandlerMethod.invokeForRequest(InvocableHandlerMethod.java:191) ~[spring-web-6.2.12.jar:6.2.12]
	at org.springframework.web.servlet.mvc.method.annotation.ServletInvocableHandlerMethod.invokeAndHandle(ServletInvocableHandlerMethod.java:118) ~[spring-webmvc-6.2.12.jar:6.2.12]
	at org.springframework.web.servlet.mvc.method.annotation.RequestMappingHandlerAdapter.invokeHandlerMethod(RequestMappingHandlerAdapter.java:991) ~[spring-webmvc-6.2.12.jar:6.2.12]
	at org.springframework.web.servlet.mvc.method.annotation.RequestMappingHandlerAdapter.handleInternal(RequestMappingHandlerAdapter.java:896) ~[spring-webmvc-6.2.12.jar:6.2.12]
	at org.springframework.web.servlet.mvc.method.AbstractHandlerMethodAdapter.handle(AbstractHandlerMethodAdapter.java:87) ~[spring-webmvc-6.2.12.jar:6.2.12]
	at org.springframework.web.servlet.DispatcherServlet.doDispatch(DispatcherServlet.java:1089) ~[spring-webmvc-6.2.12.jar:6.2.12]
	at org.springframework.web.servlet.DispatcherServlet.doService(DispatcherServlet.java:979) ~[spring-webmvc-6.2.12.jar:6.2.12]
	at org.springframework.web.servlet.FrameworkServlet.processRequest(FrameworkServlet.java:1014) ~[spring-webmvc-6.2.12.jar:6.2.12]
	at org.springframework.web.servlet.FrameworkServlet.doGet(FrameworkServlet.java:903) ~[spring-webmvc-6.2.12.jar:6.2.12]
	at jakarta.servlet.http.HttpServlet.service(HttpServlet.java:564) ~[tomcat-embed-core-10.1.48.jar:6.0]
	at org.springframework.web.servlet.FrameworkServlet.service(FrameworkServlet.java:885) ~[spring-webmvc-6.2.12.jar:6.2.12]
	at jakarta.servlet.http.HttpServlet.service(HttpServlet.java:658) ~[tomcat-embed-core-10.1.48.jar:6.0]
	at org.apache.catalina.core.ApplicationFilterChain.internalDoFilter(ApplicationFilterChain.java:193) ~[tomcat-embed-core-10.1.48.jar:10.1.48]
	at org.apache.catalina.core.ApplicationFilterChain.doFilter(ApplicationFilterChain.java:138) ~[tomcat-embed-core-10.1.48.jar:10.1.48]
	at org.apache.tomcat.websocket.server.WsFilter.doFilter(WsFilter.java:51) ~[tomcat-embed-websocket-10.1.48.jar:10.1.48]
	at org.apache.catalina.core.ApplicationFilterChain.internalDoFilter(ApplicationFilterChain.java:162) ~[tomcat-embed-core-10.1.48.jar:10.1.48]
	at org.apache.catalina.core.ApplicationFilterChain.doFilter(ApplicationFilterChain.java:138) ~[tomcat-embed-core-10.1.48.jar:10.1.48]
	at org.springframework.web.filter.OncePerRequestFilter.doFilter(OncePerRequestFilter.java:110) ~[spring-web-6.2.12.jar:6.2.12]
	at org.apache.catalina.core.ApplicationFilterChain.internalDoFilter(ApplicationFilterChain.java:162) ~[tomcat-embed-core-10.1.48.jar:10.1.48]
	at org.apache.catalina.core.ApplicationFilterChain.doFilter(ApplicationFilterChain.java:138) ~[tomcat-embed-core-10.1.48.jar:10.1.48]
	at org.springframework.web.filter.CompositeFilter$VirtualFilterChain.doFilter(CompositeFilter.java:108) ~[spring-web-6.2.12.jar:6.2.12]
	at org.springframework.web.filter.CompositeFilter$VirtualFilterChain.doFilter(CompositeFilter.java:108) ~[spring-web-6.2.12.jar:6.2.12]
	at org.springframework.security.web.FilterChainProxy.lambda$doFilterInternal$3(FilterChainProxy.java:231) ~[spring-security-web-6.5.6.jar:6.5.6]
	at org.springframework.security.web.ObservationFilterChainDecorator$FilterObservation$SimpleFilterObservation.lambda$wrap$1(ObservationFilterChainDecorator.java:490) ~[spring-security-web-6.5.6.jar:6.5.6]
	at org.springframework.security.web.ObservationFilterChainDecorator$AroundFilterObservation$SimpleAroundFilterObservation.lambda$wrap$1(ObservationFilterChainDecorator.java:351) ~[spring-security-web-6.5.6.jar:6.5.6]
	at org.springframework.security.web.ObservationFilterChainDecorator.lambda$wrapSecured$0(ObservationFilterChainDecorator.java:83) ~[spring-security-web-6.5.6.jar:6.5.6]
	at org.springframework.security.web.ObservationFilterChainDecorator$VirtualFilterChain.doFilter(ObservationFilterChainDecorator.java:129) ~[spring-security-web-6.5.6.jar:6.5.6]
	at org.springframework.security.web.access.intercept.AuthorizationFilter.doFilter(AuthorizationFilter.java:101) ~[spring-security-web-6.5.6.jar:6.5.6]
	at org.springframework.security.web.ObservationFilterChainDecorator$ObservationFilter.wrapFilter(ObservationFilterChainDecorator.java:241) ~[spring-security-web-6.5.6.jar:6.5.6]
	at org.springframework.security.web.ObservationFilterChainDecorator$ObservationFilter.doFilter(ObservationFilterChainDecorator.java:228) ~[spring-security-web-6.5.6.jar:6.5.6]
	at org.springframework.security.web.ObservationFilterChainDecorator$VirtualFilterChain.doFilter(ObservationFilterChainDecorator.java:138) ~[spring-security-web-6.5.6.jar:6.5.6]
	at org.springframework.security.web.access.ExceptionTranslationFilter.doFilter(ExceptionTranslationFilter.java:125) ~[spring-security-web-6.5.6.jar:6.5.6]
	at org.springframework.security.web.access.ExceptionTranslationFilter.doFilter(ExceptionTranslationFilter.java:119) ~[spring-security-web-6.5.6.jar:6.5.6]
	at org.springframework.security.web.ObservationFilterChainDecorator$ObservationFilter.wrapFilter(ObservationFilterChainDecorator.java:241) ~[spring-security-web-6.5.6.jar:6.5.6]
	at org.springframework.security.web.ObservationFilterChainDecorator$ObservationFilter.doFilter(ObservationFilterChainDecorator.java:228) ~[spring-security-web-6.5.6.jar:6.5.6]
	at org.springframework.security.web.ObservationFilterChainDecorator$VirtualFilterChain.doFilter(ObservationFilterChainDecorator.java:138) ~[spring-security-web-6.5.6.jar:6.5.6]
	at org.springframework.security.web.authentication.AnonymousAuthenticationFilter.doFilter(AnonymousAuthenticationFilter.java:100) ~[spring-security-web-6.5.6.jar:6.5.6]
	at org.springframework.security.web.ObservationFilterChainDecorator$ObservationFilter.wrapFilter(ObservationFilterChainDecorator.java:241) ~[spring-security-web-6.5.6.jar:6.5.6]
	at org.springframework.security.web.ObservationFilterChainDecorator$ObservationFilter.doFilter(ObservationFilterChainDecorator.java:228) ~[spring-security-web-6.5.6.jar:6.5.6]
	at org.springframework.security.web.ObservationFilterChainDecorator$VirtualFilterChain.doFilter(ObservationFilterChainDecorator.java:138) ~[spring-security-web-6.5.6.jar:6.5.6]
	at org.springframework.security.web.servletapi.SecurityContextHolderAwareRequestFilter.doFilter(SecurityContextHolderAwareRequestFilter.java:179) ~[spring-security-web-6.5.6.jar:6.5.6]
	at org.springframework.security.web.ObservationFilterChainDecorator$ObservationFilter.wrapFilter(ObservationFilterChainDecorator.java:241) ~[spring-security-web-6.5.6.jar:6.5.6]
	at org.springframework.security.web.ObservationFilterChainDecorator$ObservationFilter.doFilter(ObservationFilterChainDecorator.java:228) ~[spring-security-web-6.5.6.jar:6.5.6]
	at org.springframework.security.web.ObservationFilterChainDecorator$VirtualFilterChain.doFilter(ObservationFilterChainDecorator.java:138) ~[spring-security-web-6.5.6.jar:6.5.6]
	at org.springframework.security.web.savedrequest.RequestCacheAwareFilter.doFilter(RequestCacheAwareFilter.java:63) ~[spring-security-web-6.5.6.jar:6.5.6]
	at org.springframework.security.web.ObservationFilterChainDecorator$ObservationFilter.wrapFilter(ObservationFilterChainDecorator.java:241) ~[spring-security-web-6.5.6.jar:6.5.6]
	at org.springframework.security.web.ObservationFilterChainDecorator$ObservationFilter.doFilter(ObservationFilterChainDecorator.java:228) ~[spring-security-web-6.5.6.jar:6.5.6]
	at org.springframework.security.web.ObservationFilterChainDecorator$VirtualFilterChain.doFilter(ObservationFilterChainDecorator.java:138) ~[spring-security-web-6.5.6.jar:6.5.6]
	at org.springframework.security.web.authentication.logout.LogoutFilter.doFilter(LogoutFilter.java:107) ~[spring-security-web-6.5.6.jar:6.5.6]
	at org.springframework.security.web.authentication.logout.LogoutFilter.doFilter(LogoutFilter.java:93) ~[spring-security-web-6.5.6.jar:6.5.6]
	at org.springframework.security.web.ObservationFilterChainDecorator$ObservationFilter.wrapFilter(ObservationFilterChainDecorator.java:241) ~[spring-security-web-6.5.6.jar:6.5.6]
	at org.springframework.security.web.ObservationFilterChainDecorator$ObservationFilter.doFilter(ObservationFilterChainDecorator.java:228) ~[spring-security-web-6.5.6.jar:6.5.6]
	at org.springframework.security.web.ObservationFilterChainDecorator$VirtualFilterChain.doFilter(ObservationFilterChainDecorator.java:138) ~[spring-security-web-6.5.6.jar:6.5.6]
	at org.springframework.web.filter.CorsFilter.doFilterInternal(CorsFilter.java:91) ~[spring-web-6.2.12.jar:6.2.12]
	at org.springframework.web.filter.OncePerRequestFilter.doFilter(OncePerRequestFilter.java:116) ~[spring-web-6.2.12.jar:6.2.12]
	at org.springframework.security.web.ObservationFilterChainDecorator$ObservationFilter.wrapFilter(ObservationFilterChainDecorator.java:241) ~[spring-security-web-6.5.6.jar:6.5.6]
	at org.springframework.security.web.ObservationFilterChainDecorator$ObservationFilter.doFilter(ObservationFilterChainDecorator.java:228) ~[spring-security-web-6.5.6.jar:6.5.6]
	at org.springframework.security.web.ObservationFilterChainDecorator$VirtualFilterChain.doFilter(ObservationFilterChainDecorator.java:138) ~[spring-security-web-6.5.6.jar:6.5.6]
	at org.springframework.security.web.header.HeaderWriterFilter.doHeadersAfter(HeaderWriterFilter.java:90) ~[spring-security-web-6.5.6.jar:6.5.6]
	at org.springframework.security.web.header.HeaderWriterFilter.doFilterInternal(HeaderWriterFilter.java:75) ~[spring-security-web-6.5.6.jar:6.5.6]
	at org.springframework.web.filter.OncePerRequestFilter.doFilter(OncePerRequestFilter.java:116) ~[spring-web-6.2.12.jar:6.2.12]
	at org.springframework.security.web.ObservationFilterChainDecorator$ObservationFilter.wrapFilter(ObservationFilterChainDecorator.java:241) ~[spring-security-web-6.5.6.jar:6.5.6]
	at org.springframework.security.web.ObservationFilterChainDecorator$ObservationFilter.doFilter(ObservationFilterChainDecorator.java:228) ~[spring-security-web-6.5.6.jar:6.5.6]
	at org.springframework.security.web.ObservationFilterChainDecorator$VirtualFilterChain.doFilter(ObservationFilterChainDecorator.java:138) ~[spring-security-web-6.5.6.jar:6.5.6]
	at org.springframework.security.web.context.SecurityContextHolderFilter.doFilter(SecurityContextHolderFilter.java:82) ~[spring-security-web-6.5.6.jar:6.5.6]
	at org.springframework.security.web.context.SecurityContextHolderFilter.doFilter(SecurityContextHolderFilter.java:69) ~[spring-security-web-6.5.6.jar:6.5.6]
	at org.springframework.security.web.ObservationFilterChainDecorator$ObservationFilter.wrapFilter(ObservationFilterChainDecorator.java:241) ~[spring-security-web-6.5.6.jar:6.5.6]
	at org.springframework.security.web.ObservationFilterChainDecorator$ObservationFilter.doFilter(ObservationFilterChainDecorator.java:228) ~[spring-security-web-6.5.6.jar:6.5.6]
	at org.springframework.security.web.ObservationFilterChainDecorator$VirtualFilterChain.doFilter(ObservationFilterChainDecorator.java:138) ~[spring-security-web-6.5.6.jar:6.5.6]
	at org.springframework.security.web.context.request.async.WebAsyncManagerIntegrationFilter.doFilterInternal(WebAsyncManagerIntegrationFilter.java:62) ~[spring-security-web-6.5.6.jar:6.5.6]
	at org.springframework.web.filter.OncePerRequestFilter.doFilter(OncePerRequestFilter.java:116) ~[spring-web-6.2.12.jar:6.2.12]
	at org.springframework.security.web.ObservationFilterChainDecorator$ObservationFilter.wrapFilter(ObservationFilterChainDecorator.java:241) ~[spring-security-web-6.5.6.jar:6.5.6]
	at org.springframework.security.web.ObservationFilterChainDecorator$ObservationFilter.doFilter(ObservationFilterChainDecorator.java:228) ~[spring-security-web-6.5.6.jar:6.5.6]
	at org.springframework.security.web.ObservationFilterChainDecorator$VirtualFilterChain.doFilter(ObservationFilterChainDecorator.java:138) ~[spring-security-web-6.5.6.jar:6.5.6]
	at org.springframework.security.web.session.DisableEncodeUrlFilter.doFilterInternal(DisableEncodeUrlFilter.java:42) ~[spring-security-web-6.5.6.jar:6.5.6]
	at org.springframework.web.filter.OncePerRequestFilter.doFilter(OncePerRequestFilter.java:116) ~[spring-web-6.2.12.jar:6.2.12]
	at org.springframework.security.web.ObservationFilterChainDecorator$ObservationFilter.wrapFilter(ObservationFilterChainDecorator.java:241) ~[spring-security-web-6.5.6.jar:6.5.6]
	at org.springframework.security.web.ObservationFilterChainDecorator$AroundFilterObservation$SimpleAroundFilterObservation.lambda$wrap$0(ObservationFilterChainDecorator.java:334) ~[spring-security-web-6.5.6.jar:6.5.6]
	at org.springframework.security.web.ObservationFilterChainDecorator$ObservationFilter.doFilter(ObservationFilterChainDecorator.java:225) ~[spring-security-web-6.5.6.jar:6.5.6]
	at org.springframework.security.web.ObservationFilterChainDecorator$VirtualFilterChain.doFilter(ObservationFilterChainDecorator.java:138) ~[spring-security-web-6.5.6.jar:6.5.6]
	at org.springframework.security.web.FilterChainProxy.doFilterInternal(FilterChainProxy.java:233) ~[spring-security-web-6.5.6.jar:6.5.6]
	at org.springframework.security.web.FilterChainProxy.doFilter(FilterChainProxy.java:191) ~[spring-security-web-6.5.6.jar:6.5.6]
	at org.springframework.web.filter.CompositeFilter$VirtualFilterChain.doFilter(CompositeFilter.java:113) ~[spring-web-6.2.12.jar:6.2.12]
	at org.springframework.web.filter.ServletRequestPathFilter.doFilter(ServletRequestPathFilter.java:52) ~[spring-web-6.2.12.jar:6.2.12]
	at org.springframework.web.filter.CompositeFilter$VirtualFilterChain.doFilter(CompositeFilter.java:113) ~[spring-web-6.2.12.jar:6.2.12]
	at org.springframework.web.filter.CompositeFilter.doFilter(CompositeFilter.java:74) ~[spring-web-6.2.12.jar:6.2.12]
	at org.springframework.security.config.annotation.web.configuration.WebSecurityConfiguration$CompositeFilterChainProxy.doFilter(WebSecurityConfiguration.java:319) ~[spring-security-config-6.5.6.jar:6.5.6]
	at org.springframework.web.filter.CompositeFilter$VirtualFilterChain.doFilter(CompositeFilter.java:113) ~[spring-web-6.2.12.jar:6.2.12]
	at org.springframework.web.servlet.handler.HandlerMappingIntrospector.lambda$createCacheFilter$4(HandlerMappingIntrospector.java:267) ~[spring-webmvc-6.2.12.jar:6.2.12]
	at org.springframework.web.filter.CompositeFilter$VirtualFilterChain.doFilter(CompositeFilter.java:113) ~[spring-web-6.2.12.jar:6.2.12]
	at org.springframework.web.filter.CompositeFilter.doFilter(CompositeFilter.java:74) ~[spring-web-6.2.12.jar:6.2.12]
	at org.springframework.security.config.annotation.web.configuration.WebMvcSecurityConfiguration$CompositeFilterChainProxy.doFilter(WebMvcSecurityConfiguration.java:240) ~[spring-security-config-6.5.6.jar:6.5.6]
	at org.springframework.web.filter.DelegatingFilterProxy.invokeDelegate(DelegatingFilterProxy.java:362) ~[spring-web-6.2.12.jar:6.2.12]
	at org.springframework.web.filter.DelegatingFilterProxy.doFilter(DelegatingFilterProxy.java:278) ~[spring-web-6.2.12.jar:6.2.12]
	at org.apache.catalina.core.ApplicationFilterChain.internalDoFilter(ApplicationFilterChain.java:162) ~[tomcat-embed-core-10.1.48.jar:10.1.48]
	at org.apache.catalina.core.ApplicationFilterChain.doFilter(ApplicationFilterChain.java:138) ~[tomcat-embed-core-10.1.48.jar:10.1.48]
	at org.springframework.web.filter.RequestContextFilter.doFilterInternal(RequestContextFilter.java:100) ~[spring-web-6.2.12.jar:6.2.12]
	at org.springframework.web.filter.OncePerRequestFilter.doFilter(OncePerRequestFilter.java:116) ~[spring-web-6.2.12.jar:6.2.12]
	at org.apache.catalina.core.ApplicationFilterChain.internalDoFilter(ApplicationFilterChain.java:162) ~[tomcat-embed-core-10.1.48.jar:10.1.48]
	at org.apache.catalina.core.ApplicationFilterChain.doFilter(ApplicationFilterChain.java:138) ~[tomcat-embed-core-10.1.48.jar:10.1.48]
	at org.springframework.web.filter.FormContentFilter.doFilterInternal(FormContentFilter.java:93) ~[spring-web-6.2.12.jar:6.2.12]
	at org.springframework.web.filter.OncePerRequestFilter.doFilter(OncePerRequestFilter.java:116) ~[spring-web-6.2.12.jar:6.2.12]
	at org.apache.catalina.core.ApplicationFilterChain.internalDoFilter(ApplicationFilterChain.java:162) ~[tomcat-embed-core-10.1.48.jar:10.1.48]
	at org.apache.catalina.core.ApplicationFilterChain.doFilter(ApplicationFilterChain.java:138) ~[tomcat-embed-core-10.1.48.jar:10.1.48]
	at org.springframework.web.filter.ServerHttpObservationFilter.doFilterInternal(ServerHttpObservationFilter.java:110) ~[spring-web-6.2.12.jar:6.2.12]
	at org.springframework.web.filter.OncePerRequestFilter.doFilter(OncePerRequestFilter.java:116) ~[spring-web-6.2.12.jar:6.2.12]
	at org.apache.catalina.core.ApplicationFilterChain.internalDoFilter(ApplicationFilterChain.java:162) ~[tomcat-embed-core-10.1.48.jar:10.1.48]
	at org.apache.catalina.core.ApplicationFilterChain.doFilter(ApplicationFilterChain.java:138) ~[tomcat-embed-core-10.1.48.jar:10.1.48]
	at org.springframework.web.filter.CharacterEncodingFilter.doFilterInternal(CharacterEncodingFilter.java:201) ~[spring-web-6.2.12.jar:6.2.12]
	at org.springframework.web.filter.OncePerRequestFilter.doFilter(OncePerRequestFilter.java:116) ~[spring-web-6.2.12.jar:6.2.12]
	at org.apache.catalina.core.ApplicationFilterChain.internalDoFilter(ApplicationFilterChain.java:162) ~[tomcat-embed-core-10.1.48.jar:10.1.48]
	at org.apache.catalina.core.ApplicationFilterChain.doFilter(ApplicationFilterChain.java:138) ~[tomcat-embed-core-10.1.48.jar:10.1.48]
	at org.apache.catalina.core.StandardWrapperValve.invoke(StandardWrapperValve.java:165) ~[tomcat-embed-core-10.1.48.jar:10.1.48]
	at org.apache.catalina.core.StandardContextValve.invoke(StandardContextValve.java:88) ~[tomcat-embed-core-10.1.48.jar:10.1.48]
	at org.apache.catalina.authenticator.AuthenticatorBase.invoke(AuthenticatorBase.java:482) ~[tomcat-embed-core-10.1.48.jar:10.1.48]
	at org.apache.catalina.core.StandardHostValve.invoke(StandardHostValve.java:113) ~[tomcat-embed-core-10.1.48.jar:10.1.48]
	at org.apache.catalina.valves.ErrorReportValve.invoke(ErrorReportValve.java:83) ~[tomcat-embed-core-10.1.48.jar:10.1.48]
	at org.apache.catalina.core.StandardEngineValve.invoke(StandardEngineValve.java:72) ~[tomcat-embed-core-10.1.48.jar:10.1.48]
	at org.apache.catalina.connector.CoyoteAdapter.service(CoyoteAdapter.java:342) ~[tomcat-embed-core-10.1.48.jar:10.1.48]
	at org.apache.coyote.http11.Http11Processor.service(Http11Processor.java:399) ~[tomcat-embed-core-10.1.48.jar:10.1.48]
	at org.apache.coyote.AbstractProcessorLight.process(AbstractProcessorLight.java:63) ~[tomcat-embed-core-10.1.48.jar:10.1.48]
	at org.apache.coyote.AbstractProtocol$ConnectionHandler.process(AbstractProtocol.java:903) ~[tomcat-embed-core-10.1.48.jar:10.1.48]
	at org.apache.tomcat.util.net.NioEndpoint$SocketProcessor.doRun(NioEndpoint.java:1774) ~[tomcat-embed-core-10.1.48.jar:10.1.48]
	at org.apache.tomcat.util.net.SocketProcessorBase.run(SocketProcessorBase.java:52) ~[tomcat-embed-core-10.1.48.jar:10.1.48]
	at org.apache.tomcat.util.threads.ThreadPoolExecutor.runWorker(ThreadPoolExecutor.java:973) ~[tomcat-embed-core-10.1.48.jar:10.1.48]
	at org.apache.tomcat.util.threads.ThreadPoolExecutor$Worker.run(ThreadPoolExecutor.java:491) ~[tomcat-embed-core-10.1.48.jar:10.1.48]
	at org.apache.tomcat.util.threads.TaskThread$WrappingRunnable.run(TaskThread.java:63) ~[tomcat-embed-core-10.1.48.jar:10.1.48]
	at java.base/java.lang.Thread.run(Thread.java:1474) ~[na:na]

2025-11-10T11:49:48.956-05:00  INFO 67390 --- [reservation] [http-nio-8080-exec-8] c.a.r.external.FlightOffersService       : Amadeus GET /v2/shopping/flight-offers?originLocationCode=JFK&destinationLocationCode=IST&departureDate=2025-11-13&adults=1&nonStop=true&max=20&currencyCode=USD&travelClass=ECONOMY
2025-11-10T11:50:14.694-05:00 ERROR 67390 --- [reservation] [http-nio-8080-exec-10] o.a.c.c.C.[.[.[/].[dispatcherServlet]    : Servlet.service() for servlet [dispatcherServlet] in context with path [] threw exception [Request processing failed: java.lang.IllegalArgumentException: IATA code must be 3 uppercase letters] with root cause

java.lang.IllegalArgumentException: IATA code must be 3 uppercase letters
	at com.airline.reservation.external.FlightOffersService.validateIata(FlightOffersService.java:120) ~[classes/:na]
	at com.airline.reservation.external.FlightOffersService.search(FlightOffersService.java:33) ~[classes/:na]
	at java.base/jdk.internal.reflect.DirectMethodHandleAccessor.invoke(DirectMethodHandleAccessor.java:104) ~[na:na]
	at java.base/java.lang.reflect.Method.invoke(Method.java:565) ~[na:na]
	at org.springframework.aop.support.AopUtils.invokeJoinpointUsingReflection(AopUtils.java:360) ~[spring-aop-6.2.12.jar:6.2.12]
	at org.springframework.aop.framework.ReflectiveMethodInvocation.invokeJoinpoint(ReflectiveMethodInvocation.java:196) ~[spring-aop-6.2.12.jar:6.2.12]
	at org.springframework.aop.framework.ReflectiveMethodInvocation.proceed(ReflectiveMethodInvocation.java:163) ~[spring-aop-6.2.12.jar:6.2.12]
	at org.springframework.cache.interceptor.CacheInterceptor.lambda$invoke$0(CacheInterceptor.java:55) ~[spring-context-6.2.12.jar:6.2.12]
	at org.springframework.cache.interceptor.CacheAspectSupport.invokeOperation(CacheAspectSupport.java:431) ~[spring-context-6.2.12.jar:6.2.12]
	at org.springframework.cache.interceptor.CacheAspectSupport.evaluate(CacheAspectSupport.java:601) ~[spring-context-6.2.12.jar:6.2.12]
	at org.springframework.cache.interceptor.CacheAspectSupport.execute(CacheAspectSupport.java:448) ~[spring-context-6.2.12.jar:6.2.12]
	at org.springframework.cache.interceptor.CacheAspectSupport.execute(CacheAspectSupport.java:410) ~[spring-context-6.2.12.jar:6.2.12]
	at org.springframework.cache.interceptor.CacheInterceptor.invoke(CacheInterceptor.java:65) ~[spring-context-6.2.12.jar:6.2.12]
	at org.springframework.aop.framework.ReflectiveMethodInvocation.proceed(ReflectiveMethodInvocation.java:184) ~[spring-aop-6.2.12.jar:6.2.12]
	at org.springframework.aop.framework.CglibAopProxy$DynamicAdvisedInterceptor.intercept(CglibAopProxy.java:728) ~[spring-aop-6.2.12.jar:6.2.12]
	at com.airline.reservation.external.FlightOffersService$$SpringCGLIB$$0.search(<generated>) ~[classes/:na]
	at com.airline.reservation.external.FlightSearchController.search(FlightSearchController.java:45) ~[classes/:na]
	at java.base/jdk.internal.reflect.DirectMethodHandleAccessor.invoke(DirectMethodHandleAccessor.java:104) ~[na:na]
	at java.base/java.lang.reflect.Method.invoke(Method.java:565) ~[na:na]
	at org.springframework.web.method.support.InvocableHandlerMethod.doInvoke(InvocableHandlerMethod.java:258) ~[spring-web-6.2.12.jar:6.2.12]
	at org.springframework.web.method.support.InvocableHandlerMethod.invokeForRequest(InvocableHandlerMethod.java:191) ~[spring-web-6.2.12.jar:6.2.12]
	at org.springframework.web.servlet.mvc.method.annotation.ServletInvocableHandlerMethod.invokeAndHandle(ServletInvocableHandlerMethod.java:118) ~[spring-webmvc-6.2.12.jar:6.2.12]
	at org.springframework.web.servlet.mvc.method.annotation.RequestMappingHandlerAdapter.invokeHandlerMethod(RequestMappingHandlerAdapter.java:991) ~[spring-webmvc-6.2.12.jar:6.2.12]
	at org.springframework.web.servlet.mvc.method.annotation.RequestMappingHandlerAdapter.handleInternal(RequestMappingHandlerAdapter.java:896) ~[spring-webmvc-6.2.12.jar:6.2.12]
	at org.springframework.web.servlet.mvc.method.AbstractHandlerMethodAdapter.handle(AbstractHandlerMethodAdapter.java:87) ~[spring-webmvc-6.2.12.jar:6.2.12]
	at org.springframework.web.servlet.DispatcherServlet.doDispatch(DispatcherServlet.java:1089) ~[spring-webmvc-6.2.12.jar:6.2.12]
	at org.springframework.web.servlet.DispatcherServlet.doService(DispatcherServlet.java:979) ~[spring-webmvc-6.2.12.jar:6.2.12]
	at org.springframework.web.servlet.FrameworkServlet.processRequest(FrameworkServlet.java:1014) ~[spring-webmvc-6.2.12.jar:6.2.12]
	at org.springframework.web.servlet.FrameworkServlet.doGet(FrameworkServlet.java:903) ~[spring-webmvc-6.2.12.jar:6.2.12]
	at jakarta.servlet.http.HttpServlet.service(HttpServlet.java:564) ~[tomcat-embed-core-10.1.48.jar:6.0]
	at org.springframework.web.servlet.FrameworkServlet.service(FrameworkServlet.java:885) ~[spring-webmvc-6.2.12.jar:6.2.12]
	at jakarta.servlet.http.HttpServlet.service(HttpServlet.java:658) ~[tomcat-embed-core-10.1.48.jar:6.0]
	at org.apache.catalina.core.ApplicationFilterChain.internalDoFilter(ApplicationFilterChain.java:193) ~[tomcat-embed-core-10.1.48.jar:10.1.48]
	at org.apache.catalina.core.ApplicationFilterChain.doFilter(ApplicationFilterChain.java:138) ~[tomcat-embed-core-10.1.48.jar:10.1.48]
	at org.apache.tomcat.websocket.server.WsFilter.doFilter(WsFilter.java:51) ~[tomcat-embed-websocket-10.1.48.jar:10.1.48]
	at org.apache.catalina.core.ApplicationFilterChain.internalDoFilter(ApplicationFilterChain.java:162) ~[tomcat-embed-core-10.1.48.jar:10.1.48]
	at org.apache.catalina.core.ApplicationFilterChain.doFilter(ApplicationFilterChain.java:138) ~[tomcat-embed-core-10.1.48.jar:10.1.48]
	at org.springframework.web.filter.OncePerRequestFilter.doFilter(OncePerRequestFilter.java:110) ~[spring-web-6.2.12.jar:6.2.12]
	at org.apache.catalina.core.ApplicationFilterChain.internalDoFilter(ApplicationFilterChain.java:162) ~[tomcat-embed-core-10.1.48.jar:10.1.48]
	at org.apache.catalina.core.ApplicationFilterChain.doFilter(ApplicationFilterChain.java:138) ~[tomcat-embed-core-10.1.48.jar:10.1.48]
	at org.springframework.web.filter.CompositeFilter$VirtualFilterChain.doFilter(CompositeFilter.java:108) ~[spring-web-6.2.12.jar:6.2.12]
	at org.springframework.web.filter.CompositeFilter$VirtualFilterChain.doFilter(CompositeFilter.java:108) ~[spring-web-6.2.12.jar:6.2.12]
	at org.springframework.security.web.FilterChainProxy.lambda$doFilterInternal$3(FilterChainProxy.java:231) ~[spring-security-web-6.5.6.jar:6.5.6]
	at org.springframework.security.web.ObservationFilterChainDecorator$FilterObservation$SimpleFilterObservation.lambda$wrap$1(ObservationFilterChainDecorator.java:490) ~[spring-security-web-6.5.6.jar:6.5.6]
	at org.springframework.security.web.ObservationFilterChainDecorator$AroundFilterObservation$SimpleAroundFilterObservation.lambda$wrap$1(ObservationFilterChainDecorator.java:351) ~[spring-security-web-6.5.6.jar:6.5.6]
	at org.springframework.security.web.ObservationFilterChainDecorator.lambda$wrapSecured$0(ObservationFilterChainDecorator.java:83) ~[spring-security-web-6.5.6.jar:6.5.6]
	at org.springframework.security.web.ObservationFilterChainDecorator$VirtualFilterChain.doFilter(ObservationFilterChainDecorator.java:129) ~[spring-security-web-6.5.6.jar:6.5.6]
	at org.springframework.security.web.access.intercept.AuthorizationFilter.doFilter(AuthorizationFilter.java:101) ~[spring-security-web-6.5.6.jar:6.5.6]
	at org.springframework.security.web.ObservationFilterChainDecorator$ObservationFilter.wrapFilter(ObservationFilterChainDecorator.java:241) ~[spring-security-web-6.5.6.jar:6.5.6]
	at org.springframework.security.web.ObservationFilterChainDecorator$ObservationFilter.doFilter(ObservationFilterChainDecorator.java:228) ~[spring-security-web-6.5.6.jar:6.5.6]
	at org.springframework.security.web.ObservationFilterChainDecorator$VirtualFilterChain.doFilter(ObservationFilterChainDecorator.java:138) ~[spring-security-web-6.5.6.jar:6.5.6]
	at org.springframework.security.web.access.ExceptionTranslationFilter.doFilter(ExceptionTranslationFilter.java:125) ~[spring-security-web-6.5.6.jar:6.5.6]
	at org.springframework.security.web.access.ExceptionTranslationFilter.doFilter(ExceptionTranslationFilter.java:119) ~[spring-security-web-6.5.6.jar:6.5.6]
	at org.springframework.security.web.ObservationFilterChainDecorator$ObservationFilter.wrapFilter(ObservationFilterChainDecorator.java:241) ~[spring-security-web-6.5.6.jar:6.5.6]
	at org.springframework.security.web.ObservationFilterChainDecorator$ObservationFilter.doFilter(ObservationFilterChainDecorator.java:228) ~[spring-security-web-6.5.6.jar:6.5.6]
	at org.springframework.security.web.ObservationFilterChainDecorator$VirtualFilterChain.doFilter(ObservationFilterChainDecorator.java:138) ~[spring-security-web-6.5.6.jar:6.5.6]
	at org.springframework.security.web.authentication.AnonymousAuthenticationFilter.doFilter(AnonymousAuthenticationFilter.java:100) ~[spring-security-web-6.5.6.jar:6.5.6]
	at org.springframework.security.web.ObservationFilterChainDecorator$ObservationFilter.wrapFilter(ObservationFilterChainDecorator.java:241) ~[spring-security-web-6.5.6.jar:6.5.6]
	at org.springframework.security.web.ObservationFilterChainDecorator$ObservationFilter.doFilter(ObservationFilterChainDecorator.java:228) ~[spring-security-web-6.5.6.jar:6.5.6]
	at org.springframework.security.web.ObservationFilterChainDecorator$VirtualFilterChain.doFilter(ObservationFilterChainDecorator.java:138) ~[spring-security-web-6.5.6.jar:6.5.6]
	at org.springframework.security.web.servletapi.SecurityContextHolderAwareRequestFilter.doFilter(SecurityContextHolderAwareRequestFilter.java:179) ~[spring-security-web-6.5.6.jar:6.5.6]
	at org.springframework.security.web.ObservationFilterChainDecorator$ObservationFilter.wrapFilter(ObservationFilterChainDecorator.java:241) ~[spring-security-web-6.5.6.jar:6.5.6]
	at org.springframework.security.web.ObservationFilterChainDecorator$ObservationFilter.doFilter(ObservationFilterChainDecorator.java:228) ~[spring-security-web-6.5.6.jar:6.5.6]
	at org.springframework.security.web.ObservationFilterChainDecorator$VirtualFilterChain.doFilter(ObservationFilterChainDecorator.java:138) ~[spring-security-web-6.5.6.jar:6.5.6]
	at org.springframework.security.web.savedrequest.RequestCacheAwareFilter.doFilter(RequestCacheAwareFilter.java:63) ~[spring-security-web-6.5.6.jar:6.5.6]
	at org.springframework.security.web.ObservationFilterChainDecorator$ObservationFilter.wrapFilter(ObservationFilterChainDecorator.java:241) ~[spring-security-web-6.5.6.jar:6.5.6]
	at org.springframework.security.web.ObservationFilterChainDecorator$ObservationFilter.doFilter(ObservationFilterChainDecorator.java:228) ~[spring-security-web-6.5.6.jar:6.5.6]
	at org.springframework.security.web.ObservationFilterChainDecorator$VirtualFilterChain.doFilter(ObservationFilterChainDecorator.java:138) ~[spring-security-web-6.5.6.jar:6.5.6]
	at org.springframework.security.web.authentication.logout.LogoutFilter.doFilter(LogoutFilter.java:107) ~[spring-security-web-6.5.6.jar:6.5.6]
	at org.springframework.security.web.authentication.logout.LogoutFilter.doFilter(LogoutFilter.java:93) ~[spring-security-web-6.5.6.jar:6.5.6]
	at org.springframework.security.web.ObservationFilterChainDecorator$ObservationFilter.wrapFilter(ObservationFilterChainDecorator.java:241) ~[spring-security-web-6.5.6.jar:6.5.6]
	at org.springframework.security.web.ObservationFilterChainDecorator$ObservationFilter.doFilter(ObservationFilterChainDecorator.java:228) ~[spring-security-web-6.5.6.jar:6.5.6]
	at org.springframework.security.web.ObservationFilterChainDecorator$VirtualFilterChain.doFilter(ObservationFilterChainDecorator.java:138) ~[spring-security-web-6.5.6.jar:6.5.6]
	at org.springframework.web.filter.CorsFilter.doFilterInternal(CorsFilter.java:91) ~[spring-web-6.2.12.jar:6.2.12]
	at org.springframework.web.filter.OncePerRequestFilter.doFilter(OncePerRequestFilter.java:116) ~[spring-web-6.2.12.jar:6.2.12]
	at org.springframework.security.web.ObservationFilterChainDecorator$ObservationFilter.wrapFilter(ObservationFilterChainDecorator.java:241) ~[spring-security-web-6.5.6.jar:6.5.6]
	at org.springframework.security.web.ObservationFilterChainDecorator$ObservationFilter.doFilter(ObservationFilterChainDecorator.java:228) ~[spring-security-web-6.5.6.jar:6.5.6]
	at org.springframework.security.web.ObservationFilterChainDecorator$VirtualFilterChain.doFilter(ObservationFilterChainDecorator.java:138) ~[spring-security-web-6.5.6.jar:6.5.6]
	at org.springframework.security.web.header.HeaderWriterFilter.doHeadersAfter(HeaderWriterFilter.java:90) ~[spring-security-web-6.5.6.jar:6.5.6]
	at org.springframework.security.web.header.HeaderWriterFilter.doFilterInternal(HeaderWriterFilter.java:75) ~[spring-security-web-6.5.6.jar:6.5.6]
	at org.springframework.web.filter.OncePerRequestFilter.doFilter(OncePerRequestFilter.java:116) ~[spring-web-6.2.12.jar:6.2.12]
	at org.springframework.security.web.ObservationFilterChainDecorator$ObservationFilter.wrapFilter(ObservationFilterChainDecorator.java:241) ~[spring-security-web-6.5.6.jar:6.5.6]
	at org.springframework.security.web.ObservationFilterChainDecorator$ObservationFilter.doFilter(ObservationFilterChainDecorator.java:228) ~[spring-security-web-6.5.6.jar:6.5.6]
	at org.springframework.security.web.ObservationFilterChainDecorator$VirtualFilterChain.doFilter(ObservationFilterChainDecorator.java:138) ~[spring-security-web-6.5.6.jar:6.5.6]
	at org.springframework.security.web.context.SecurityContextHolderFilter.doFilter(SecurityContextHolderFilter.java:82) ~[spring-security-web-6.5.6.jar:6.5.6]
	at org.springframework.security.web.context.SecurityContextHolderFilter.doFilter(SecurityContextHolderFilter.java:69) ~[spring-security-web-6.5.6.jar:6.5.6]
	at org.springframework.security.web.ObservationFilterChainDecorator$ObservationFilter.wrapFilter(ObservationFilterChainDecorator.java:241) ~[spring-security-web-6.5.6.jar:6.5.6]
	at org.springframework.security.web.ObservationFilterChainDecorator$ObservationFilter.doFilter(ObservationFilterChainDecorator.java:228) ~[spring-security-web-6.5.6.jar:6.5.6]
	at org.springframework.security.web.ObservationFilterChainDecorator$VirtualFilterChain.doFilter(ObservationFilterChainDecorator.java:138) ~[spring-security-web-6.5.6.jar:6.5.6]
	at org.springframework.security.web.context.request.async.WebAsyncManagerIntegrationFilter.doFilterInternal(WebAsyncManagerIntegrationFilter.java:62) ~[spring-security-web-6.5.6.jar:6.5.6]
	at org.springframework.web.filter.OncePerRequestFilter.doFilter(OncePerRequestFilter.java:116) ~[spring-web-6.2.12.jar:6.2.12]
	at org.springframework.security.web.ObservationFilterChainDecorator$ObservationFilter.wrapFilter(ObservationFilterChainDecorator.java:241) ~[spring-security-web-6.5.6.jar:6.5.6]
	at org.springframework.security.web.ObservationFilterChainDecorator$ObservationFilter.doFilter(ObservationFilterChainDecorator.java:228) ~[spring-security-web-6.5.6.jar:6.5.6]
	at org.springframework.security.web.ObservationFilterChainDecorator$VirtualFilterChain.doFilter(ObservationFilterChainDecorator.java:138) ~[spring-security-web-6.5.6.jar:6.5.6]
	at org.springframework.security.web.session.DisableEncodeUrlFilter.doFilterInternal(DisableEncodeUrlFilter.java:42) ~[spring-security-web-6.5.6.jar:6.5.6]
	at org.springframework.web.filter.OncePerRequestFilter.doFilter(OncePerRequestFilter.java:116) ~[spring-web-6.2.12.jar:6.2.12]
	at org.springframework.security.web.ObservationFilterChainDecorator$ObservationFilter.wrapFilter(ObservationFilterChainDecorator.java:241) ~[spring-security-web-6.5.6.jar:6.5.6]
	at org.springframework.security.web.ObservationFilterChainDecorator$AroundFilterObservation$SimpleAroundFilterObservation.lambda$wrap$0(ObservationFilterChainDecorator.java:334) ~[spring-security-web-6.5.6.jar:6.5.6]
	at org.springframework.security.web.ObservationFilterChainDecorator$ObservationFilter.doFilter(ObservationFilterChainDecorator.java:225) ~[spring-security-web-6.5.6.jar:6.5.6]
	at org.springframework.security.web.ObservationFilterChainDecorator$VirtualFilterChain.doFilter(ObservationFilterChainDecorator.java:138) ~[spring-security-web-6.5.6.jar:6.5.6]
	at org.springframework.security.web.FilterChainProxy.doFilterInternal(FilterChainProxy.java:233) ~[spring-security-web-6.5.6.jar:6.5.6]
	at org.springframework.security.web.FilterChainProxy.doFilter(FilterChainProxy.java:191) ~[spring-security-web-6.5.6.jar:6.5.6]
	at org.springframework.web.filter.CompositeFilter$VirtualFilterChain.doFilter(CompositeFilter.java:113) ~[spring-web-6.2.12.jar:6.2.12]
	at org.springframework.web.filter.ServletRequestPathFilter.doFilter(ServletRequestPathFilter.java:52) ~[spring-web-6.2.12.jar:6.2.12]
	at org.springframework.web.filter.CompositeFilter$VirtualFilterChain.doFilter(CompositeFilter.java:113) ~[spring-web-6.2.12.jar:6.2.12]
	at org.springframework.web.filter.CompositeFilter.doFilter(CompositeFilter.java:74) ~[spring-web-6.2.12.jar:6.2.12]
	at org.springframework.security.config.annotation.web.configuration.WebSecurityConfiguration$CompositeFilterChainProxy.doFilter(WebSecurityConfiguration.java:319) ~[spring-security-config-6.5.6.jar:6.5.6]
	at org.springframework.web.filter.CompositeFilter$VirtualFilterChain.doFilter(CompositeFilter.java:113) ~[spring-web-6.2.12.jar:6.2.12]
	at org.springframework.web.servlet.handler.HandlerMappingIntrospector.lambda$createCacheFilter$4(HandlerMappingIntrospector.java:267) ~[spring-webmvc-6.2.12.jar:6.2.12]
	at org.springframework.web.filter.CompositeFilter$VirtualFilterChain.doFilter(CompositeFilter.java:113) ~[spring-web-6.2.12.jar:6.2.12]
	at org.springframework.web.filter.CompositeFilter.doFilter(CompositeFilter.java:74) ~[spring-web-6.2.12.jar:6.2.12]
	at org.springframework.security.config.annotation.web.configuration.WebMvcSecurityConfiguration$CompositeFilterChainProxy.doFilter(WebMvcSecurityConfiguration.java:240) ~[spring-security-config-6.5.6.jar:6.5.6]
	at org.springframework.web.filter.DelegatingFilterProxy.invokeDelegate(DelegatingFilterProxy.java:362) ~[spring-web-6.2.12.jar:6.2.12]
	at org.springframework.web.filter.DelegatingFilterProxy.doFilter(DelegatingFilterProxy.java:278) ~[spring-web-6.2.12.jar:6.2.12]
	at org.apache.catalina.core.ApplicationFilterChain.internalDoFilter(ApplicationFilterChain.java:162) ~[tomcat-embed-core-10.1.48.jar:10.1.48]
	at org.apache.catalina.core.ApplicationFilterChain.doFilter(ApplicationFilterChain.java:138) ~[tomcat-embed-core-10.1.48.jar:10.1.48]
	at org.springframework.web.filter.RequestContextFilter.doFilterInternal(RequestContextFilter.java:100) ~[spring-web-6.2.12.jar:6.2.12]
	at org.springframework.web.filter.OncePerRequestFilter.doFilter(OncePerRequestFilter.java:116) ~[spring-web-6.2.12.jar:6.2.12]
	at org.apache.catalina.core.ApplicationFilterChain.internalDoFilter(ApplicationFilterChain.java:162) ~[tomcat-embed-core-10.1.48.jar:10.1.48]
	at org.apache.catalina.core.ApplicationFilterChain.doFilter(ApplicationFilterChain.java:138) ~[tomcat-embed-core-10.1.48.jar:10.1.48]
	at org.springframework.web.filter.FormContentFilter.doFilterInternal(FormContentFilter.java:93) ~[spring-web-6.2.12.jar:6.2.12]
	at org.springframework.web.filter.OncePerRequestFilter.doFilter(OncePerRequestFilter.java:116) ~[spring-web-6.2.12.jar:6.2.12]
	at org.apache.catalina.core.ApplicationFilterChain.internalDoFilter(ApplicationFilterChain.java:162) ~[tomcat-embed-core-10.1.48.jar:10.1.48]
	at org.apache.catalina.core.ApplicationFilterChain.doFilter(ApplicationFilterChain.java:138) ~[tomcat-embed-core-10.1.48.jar:10.1.48]
	at org.springframework.web.filter.ServerHttpObservationFilter.doFilterInternal(ServerHttpObservationFilter.java:110) ~[spring-web-6.2.12.jar:6.2.12]
	at org.springframework.web.filter.OncePerRequestFilter.doFilter(OncePerRequestFilter.java:116) ~[spring-web-6.2.12.jar:6.2.12]
	at org.apache.catalina.core.ApplicationFilterChain.internalDoFilter(ApplicationFilterChain.java:162) ~[tomcat-embed-core-10.1.48.jar:10.1.48]
	at org.apache.catalina.core.ApplicationFilterChain.doFilter(ApplicationFilterChain.java:138) ~[tomcat-embed-core-10.1.48.jar:10.1.48]
	at org.springframework.web.filter.CharacterEncodingFilter.doFilterInternal(CharacterEncodingFilter.java:201) ~[spring-web-6.2.12.jar:6.2.12]
	at org.springframework.web.filter.OncePerRequestFilter.doFilter(OncePerRequestFilter.java:116) ~[spring-web-6.2.12.jar:6.2.12]
	at org.apache.catalina.core.ApplicationFilterChain.internalDoFilter(ApplicationFilterChain.java:162) ~[tomcat-embed-core-10.1.48.jar:10.1.48]
	at org.apache.catalina.core.ApplicationFilterChain.doFilter(ApplicationFilterChain.java:138) ~[tomcat-embed-core-10.1.48.jar:10.1.48]
	at org.apache.catalina.core.StandardWrapperValve.invoke(StandardWrapperValve.java:165) ~[tomcat-embed-core-10.1.48.jar:10.1.48]
	at org.apache.catalina.core.StandardContextValve.invoke(StandardContextValve.java:88) ~[tomcat-embed-core-10.1.48.jar:10.1.48]
	at org.apache.catalina.authenticator.AuthenticatorBase.invoke(AuthenticatorBase.java:482) ~[tomcat-embed-core-10.1.48.jar:10.1.48]
	at org.apache.catalina.core.StandardHostValve.invoke(StandardHostValve.java:113) ~[tomcat-embed-core-10.1.48.jar:10.1.48]
	at org.apache.catalina.valves.ErrorReportValve.invoke(ErrorReportValve.java:83) ~[tomcat-embed-core-10.1.48.jar:10.1.48]
	at org.apache.catalina.core.StandardEngineValve.invoke(StandardEngineValve.java:72) ~[tomcat-embed-core-10.1.48.jar:10.1.48]
	at org.apache.catalina.connector.CoyoteAdapter.service(CoyoteAdapter.java:342) ~[tomcat-embed-core-10.1.48.jar:10.1.48]
	at org.apache.coyote.http11.Http11Processor.service(Http11Processor.java:399) ~[tomcat-embed-core-10.1.48.jar:10.1.48]
	at org.apache.coyote.AbstractProcessorLight.process(AbstractProcessorLight.java:63) ~[tomcat-embed-core-10.1.48.jar:10.1.48]
	at org.apache.coyote.AbstractProtocol$ConnectionHandler.process(AbstractProtocol.java:903) ~[tomcat-embed-core-10.1.48.jar:10.1.48]
	at org.apache.tomcat.util.net.NioEndpoint$SocketProcessor.doRun(NioEndpoint.java:1774) ~[tomcat-embed-core-10.1.48.jar:10.1.48]
	at org.apache.tomcat.util.net.SocketProcessorBase.run(SocketProcessorBase.java:52) ~[tomcat-embed-core-10.1.48.jar:10.1.48]
	at org.apache.tomcat.util.threads.ThreadPoolExecutor.runWorker(ThreadPoolExecutor.java:973) ~[tomcat-embed-core-10.1.48.jar:10.1.48]
	at org.apache.tomcat.util.threads.ThreadPoolExecutor$Worker.run(ThreadPoolExecutor.java:491) ~[tomcat-embed-core-10.1.48.jar:10.1.48]
	at org.apache.tomcat.util.threads.TaskThread$WrappingRunnable.run(TaskThread.java:63) ~[tomcat-embed-core-10.1.48.jar:10.1.48]
	at java.base/java.lang.Thread.run(Thread.java:1474) ~[na:na]

2025-11-10T11:50:14.858-05:00 ERROR 67390 --- [reservation] [http-nio-8080-exec-1] o.a.c.c.C.[.[.[/].[dispatcherServlet]    : Servlet.service() for servlet [dispatcherServlet] in context with path [] threw exception [Request processing failed: java.lang.IllegalArgumentException: IATA code must be 3 uppercase letters] with root cause

java.lang.IllegalArgumentException: IATA code must be 3 uppercase letters
	at com.airline.reservation.external.FlightOffersService.validateIata(FlightOffersService.java:120) ~[classes/:na]
	at com.airline.reservation.external.FlightOffersService.search(FlightOffersService.java:33) ~[classes/:na]
	at java.base/jdk.internal.reflect.DirectMethodHandleAccessor.invoke(DirectMethodHandleAccessor.java:104) ~[na:na]
	at java.base/java.lang.reflect.Method.invoke(Method.java:565) ~[na:na]
	at org.springframework.aop.support.AopUtils.invokeJoinpointUsingReflection(AopUtils.java:360) ~[spring-aop-6.2.12.jar:6.2.12]
	at org.springframework.aop.framework.ReflectiveMethodInvocation.invokeJoinpoint(ReflectiveMethodInvocation.java:196) ~[spring-aop-6.2.12.jar:6.2.12]
	at org.springframework.aop.framework.ReflectiveMethodInvocation.proceed(ReflectiveMethodInvocation.java:163) ~[spring-aop-6.2.12.jar:6.2.12]
	at org.springframework.cache.interceptor.CacheInterceptor.lambda$invoke$0(CacheInterceptor.java:55) ~[spring-context-6.2.12.jar:6.2.12]
	at org.springframework.cache.interceptor.CacheAspectSupport.invokeOperation(CacheAspectSupport.java:431) ~[spring-context-6.2.12.jar:6.2.12]
	at org.springframework.cache.interceptor.CacheAspectSupport.evaluate(CacheAspectSupport.java:601) ~[spring-context-6.2.12.jar:6.2.12]
	at org.springframework.cache.interceptor.CacheAspectSupport.execute(CacheAspectSupport.java:448) ~[spring-context-6.2.12.jar:6.2.12]
	at org.springframework.cache.interceptor.CacheAspectSupport.execute(CacheAspectSupport.java:410) ~[spring-context-6.2.12.jar:6.2.12]
	at org.springframework.cache.interceptor.CacheInterceptor.invoke(CacheInterceptor.java:65) ~[spring-context-6.2.12.jar:6.2.12]
	at org.springframework.aop.framework.ReflectiveMethodInvocation.proceed(ReflectiveMethodInvocation.java:184) ~[spring-aop-6.2.12.jar:6.2.12]
	at org.springframework.aop.framework.CglibAopProxy$DynamicAdvisedInterceptor.intercept(CglibAopProxy.java:728) ~[spring-aop-6.2.12.jar:6.2.12]
	at com.airline.reservation.external.FlightOffersService$$SpringCGLIB$$0.search(<generated>) ~[classes/:na]
	at com.airline.reservation.external.FlightSearchController.search(FlightSearchController.java:45) ~[classes/:na]
	at java.base/jdk.internal.reflect.DirectMethodHandleAccessor.invoke(DirectMethodHandleAccessor.java:104) ~[na:na]
	at java.base/java.lang.reflect.Method.invoke(Method.java:565) ~[na:na]
	at org.springframework.web.method.support.InvocableHandlerMethod.doInvoke(InvocableHandlerMethod.java:258) ~[spring-web-6.2.12.jar:6.2.12]
	at org.springframework.web.method.support.InvocableHandlerMethod.invokeForRequest(InvocableHandlerMethod.java:191) ~[spring-web-6.2.12.jar:6.2.12]
	at org.springframework.web.servlet.mvc.method.annotation.ServletInvocableHandlerMethod.invokeAndHandle(ServletInvocableHandlerMethod.java:118) ~[spring-webmvc-6.2.12.jar:6.2.12]
	at org.springframework.web.servlet.mvc.method.annotation.RequestMappingHandlerAdapter.invokeHandlerMethod(RequestMappingHandlerAdapter.java:991) ~[spring-webmvc-6.2.12.jar:6.2.12]
	at org.springframework.web.servlet.mvc.method.annotation.RequestMappingHandlerAdapter.handleInternal(RequestMappingHandlerAdapter.java:896) ~[spring-webmvc-6.2.12.jar:6.2.12]
	at org.springframework.web.servlet.mvc.method.AbstractHandlerMethodAdapter.handle(AbstractHandlerMethodAdapter.java:87) ~[spring-webmvc-6.2.12.jar:6.2.12]
	at org.springframework.web.servlet.DispatcherServlet.doDispatch(DispatcherServlet.java:1089) ~[spring-webmvc-6.2.12.jar:6.2.12]
	at org.springframework.web.servlet.DispatcherServlet.doService(DispatcherServlet.java:979) ~[spring-webmvc-6.2.12.jar:6.2.12]
	at org.springframework.web.servlet.FrameworkServlet.processRequest(FrameworkServlet.java:1014) ~[spring-webmvc-6.2.12.jar:6.2.12]
	at org.springframework.web.servlet.FrameworkServlet.doGet(FrameworkServlet.java:903) ~[spring-webmvc-6.2.12.jar:6.2.12]
	at jakarta.servlet.http.HttpServlet.service(HttpServlet.java:564) ~[tomcat-embed-core-10.1.48.jar:6.0]
	at org.springframework.web.servlet.FrameworkServlet.service(FrameworkServlet.java:885) ~[spring-webmvc-6.2.12.jar:6.2.12]
	at jakarta.servlet.http.HttpServlet.service(HttpServlet.java:658) ~[tomcat-embed-core-10.1.48.jar:6.0]
	at org.apache.catalina.core.ApplicationFilterChain.internalDoFilter(ApplicationFilterChain.java:193) ~[tomcat-embed-core-10.1.48.jar:10.1.48]
	at org.apache.catalina.core.ApplicationFilterChain.doFilter(ApplicationFilterChain.java:138) ~[tomcat-embed-core-10.1.48.jar:10.1.48]
	at org.apache.tomcat.websocket.server.WsFilter.doFilter(WsFilter.java:51) ~[tomcat-embed-websocket-10.1.48.jar:10.1.48]
	at org.apache.catalina.core.ApplicationFilterChain.internalDoFilter(ApplicationFilterChain.java:162) ~[tomcat-embed-core-10.1.48.jar:10.1.48]
	at org.apache.catalina.core.ApplicationFilterChain.doFilter(ApplicationFilterChain.java:138) ~[tomcat-embed-core-10.1.48.jar:10.1.48]
	at org.springframework.web.filter.OncePerRequestFilter.doFilter(OncePerRequestFilter.java:110) ~[spring-web-6.2.12.jar:6.2.12]
	at org.apache.catalina.core.ApplicationFilterChain.internalDoFilter(ApplicationFilterChain.java:162) ~[tomcat-embed-core-10.1.48.jar:10.1.48]
	at org.apache.catalina.core.ApplicationFilterChain.doFilter(ApplicationFilterChain.java:138) ~[tomcat-embed-core-10.1.48.jar:10.1.48]
	at org.springframework.web.filter.CompositeFilter$VirtualFilterChain.doFilter(CompositeFilter.java:108) ~[spring-web-6.2.12.jar:6.2.12]
	at org.springframework.web.filter.CompositeFilter$VirtualFilterChain.doFilter(CompositeFilter.java:108) ~[spring-web-6.2.12.jar:6.2.12]
	at org.springframework.security.web.FilterChainProxy.lambda$doFilterInternal$3(FilterChainProxy.java:231) ~[spring-security-web-6.5.6.jar:6.5.6]
	at org.springframework.security.web.ObservationFilterChainDecorator$FilterObservation$SimpleFilterObservation.lambda$wrap$1(ObservationFilterChainDecorator.java:490) ~[spring-security-web-6.5.6.jar:6.5.6]
	at org.springframework.security.web.ObservationFilterChainDecorator$AroundFilterObservation$SimpleAroundFilterObservation.lambda$wrap$1(ObservationFilterChainDecorator.java:351) ~[spring-security-web-6.5.6.jar:6.5.6]
	at org.springframework.security.web.ObservationFilterChainDecorator.lambda$wrapSecured$0(ObservationFilterChainDecorator.java:83) ~[spring-security-web-6.5.6.jar:6.5.6]
	at org.springframework.security.web.ObservationFilterChainDecorator$VirtualFilterChain.doFilter(ObservationFilterChainDecorator.java:129) ~[spring-security-web-6.5.6.jar:6.5.6]
	at org.springframework.security.web.access.intercept.AuthorizationFilter.doFilter(AuthorizationFilter.java:101) ~[spring-security-web-6.5.6.jar:6.5.6]
	at org.springframework.security.web.ObservationFilterChainDecorator$ObservationFilter.wrapFilter(ObservationFilterChainDecorator.java:241) ~[spring-security-web-6.5.6.jar:6.5.6]
	at org.springframework.security.web.ObservationFilterChainDecorator$ObservationFilter.doFilter(ObservationFilterChainDecorator.java:228) ~[spring-security-web-6.5.6.jar:6.5.6]
	at org.springframework.security.web.ObservationFilterChainDecorator$VirtualFilterChain.doFilter(ObservationFilterChainDecorator.java:138) ~[spring-security-web-6.5.6.jar:6.5.6]
	at org.springframework.security.web.access.ExceptionTranslationFilter.doFilter(ExceptionTranslationFilter.java:125) ~[spring-security-web-6.5.6.jar:6.5.6]
	at org.springframework.security.web.access.ExceptionTranslationFilter.doFilter(ExceptionTranslationFilter.java:119) ~[spring-security-web-6.5.6.jar:6.5.6]
	at org.springframework.security.web.ObservationFilterChainDecorator$ObservationFilter.wrapFilter(ObservationFilterChainDecorator.java:241) ~[spring-security-web-6.5.6.jar:6.5.6]
	at org.springframework.security.web.ObservationFilterChainDecorator$ObservationFilter.doFilter(ObservationFilterChainDecorator.java:228) ~[spring-security-web-6.5.6.jar:6.5.6]
	at org.springframework.security.web.ObservationFilterChainDecorator$VirtualFilterChain.doFilter(ObservationFilterChainDecorator.java:138) ~[spring-security-web-6.5.6.jar:6.5.6]
	at org.springframework.security.web.authentication.AnonymousAuthenticationFilter.doFilter(AnonymousAuthenticationFilter.java:100) ~[spring-security-web-6.5.6.jar:6.5.6]
	at org.springframework.security.web.ObservationFilterChainDecorator$ObservationFilter.wrapFilter(ObservationFilterChainDecorator.java:241) ~[spring-security-web-6.5.6.jar:6.5.6]
	at org.springframework.security.web.ObservationFilterChainDecorator$ObservationFilter.doFilter(ObservationFilterChainDecorator.java:228) ~[spring-security-web-6.5.6.jar:6.5.6]
	at org.springframework.security.web.ObservationFilterChainDecorator$VirtualFilterChain.doFilter(ObservationFilterChainDecorator.java:138) ~[spring-security-web-6.5.6.jar:6.5.6]
	at org.springframework.security.web.servletapi.SecurityContextHolderAwareRequestFilter.doFilter(SecurityContextHolderAwareRequestFilter.java:179) ~[spring-security-web-6.5.6.jar:6.5.6]
	at org.springframework.security.web.ObservationFilterChainDecorator$ObservationFilter.wrapFilter(ObservationFilterChainDecorator.java:241) ~[spring-security-web-6.5.6.jar:6.5.6]
	at org.springframework.security.web.ObservationFilterChainDecorator$ObservationFilter.doFilter(ObservationFilterChainDecorator.java:228) ~[spring-security-web-6.5.6.jar:6.5.6]
	at org.springframework.security.web.ObservationFilterChainDecorator$VirtualFilterChain.doFilter(ObservationFilterChainDecorator.java:138) ~[spring-security-web-6.5.6.jar:6.5.6]
	at org.springframework.security.web.savedrequest.RequestCacheAwareFilter.doFilter(RequestCacheAwareFilter.java:63) ~[spring-security-web-6.5.6.jar:6.5.6]
	at org.springframework.security.web.ObservationFilterChainDecorator$ObservationFilter.wrapFilter(ObservationFilterChainDecorator.java:241) ~[spring-security-web-6.5.6.jar:6.5.6]
	at org.springframework.security.web.ObservationFilterChainDecorator$ObservationFilter.doFilter(ObservationFilterChainDecorator.java:228) ~[spring-security-web-6.5.6.jar:6.5.6]
	at org.springframework.security.web.ObservationFilterChainDecorator$VirtualFilterChain.doFilter(ObservationFilterChainDecorator.java:138) ~[spring-security-web-6.5.6.jar:6.5.6]
	at org.springframework.security.web.authentication.logout.LogoutFilter.doFilter(LogoutFilter.java:107) ~[spring-security-web-6.5.6.jar:6.5.6]
	at org.springframework.security.web.authentication.logout.LogoutFilter.doFilter(LogoutFilter.java:93) ~[spring-security-web-6.5.6.jar:6.5.6]
	at org.springframework.security.web.ObservationFilterChainDecorator$ObservationFilter.wrapFilter(ObservationFilterChainDecorator.java:241) ~[spring-security-web-6.5.6.jar:6.5.6]
	at org.springframework.security.web.ObservationFilterChainDecorator$ObservationFilter.doFilter(ObservationFilterChainDecorator.java:228) ~[spring-security-web-6.5.6.jar:6.5.6]
	at org.springframework.security.web.ObservationFilterChainDecorator$VirtualFilterChain.doFilter(ObservationFilterChainDecorator.java:138) ~[spring-security-web-6.5.6.jar:6.5.6]
	at org.springframework.web.filter.CorsFilter.doFilterInternal(CorsFilter.java:91) ~[spring-web-6.2.12.jar:6.2.12]
	at org.springframework.web.filter.OncePerRequestFilter.doFilter(OncePerRequestFilter.java:116) ~[spring-web-6.2.12.jar:6.2.12]
	at org.springframework.security.web.ObservationFilterChainDecorator$ObservationFilter.wrapFilter(ObservationFilterChainDecorator.java:241) ~[spring-security-web-6.5.6.jar:6.5.6]
	at org.springframework.security.web.ObservationFilterChainDecorator$ObservationFilter.doFilter(ObservationFilterChainDecorator.java:228) ~[spring-security-web-6.5.6.jar:6.5.6]
	at org.springframework.security.web.ObservationFilterChainDecorator$VirtualFilterChain.doFilter(ObservationFilterChainDecorator.java:138) ~[spring-security-web-6.5.6.jar:6.5.6]
	at org.springframework.security.web.header.HeaderWriterFilter.doHeadersAfter(HeaderWriterFilter.java:90) ~[spring-security-web-6.5.6.jar:6.5.6]
	at org.springframework.security.web.header.HeaderWriterFilter.doFilterInternal(HeaderWriterFilter.java:75) ~[spring-security-web-6.5.6.jar:6.5.6]
	at org.springframework.web.filter.OncePerRequestFilter.doFilter(OncePerRequestFilter.java:116) ~[spring-web-6.2.12.jar:6.2.12]
	at org.springframework.security.web.ObservationFilterChainDecorator$ObservationFilter.wrapFilter(ObservationFilterChainDecorator.java:241) ~[spring-security-web-6.5.6.jar:6.5.6]
	at org.springframework.security.web.ObservationFilterChainDecorator$ObservationFilter.doFilter(ObservationFilterChainDecorator.java:228) ~[spring-security-web-6.5.6.jar:6.5.6]
	at org.springframework.security.web.ObservationFilterChainDecorator$VirtualFilterChain.doFilter(ObservationFilterChainDecorator.java:138) ~[spring-security-web-6.5.6.jar:6.5.6]
	at org.springframework.security.web.context.SecurityContextHolderFilter.doFilter(SecurityContextHolderFilter.java:82) ~[spring-security-web-6.5.6.jar:6.5.6]
	at org.springframework.security.web.context.SecurityContextHolderFilter.doFilter(SecurityContextHolderFilter.java:69) ~[spring-security-web-6.5.6.jar:6.5.6]
	at org.springframework.security.web.ObservationFilterChainDecorator$ObservationFilter.wrapFilter(ObservationFilterChainDecorator.java:241) ~[spring-security-web-6.5.6.jar:6.5.6]
	at org.springframework.security.web.ObservationFilterChainDecorator$ObservationFilter.doFilter(ObservationFilterChainDecorator.java:228) ~[spring-security-web-6.5.6.jar:6.5.6]
	at org.springframework.security.web.ObservationFilterChainDecorator$VirtualFilterChain.doFilter(ObservationFilterChainDecorator.java:138) ~[spring-security-web-6.5.6.jar:6.5.6]
	at org.springframework.security.web.context.request.async.WebAsyncManagerIntegrationFilter.doFilterInternal(WebAsyncManagerIntegrationFilter.java:62) ~[spring-security-web-6.5.6.jar:6.5.6]
	at org.springframework.web.filter.OncePerRequestFilter.doFilter(OncePerRequestFilter.java:116) ~[spring-web-6.2.12.jar:6.2.12]
	at org.springframework.security.web.ObservationFilterChainDecorator$ObservationFilter.wrapFilter(ObservationFilterChainDecorator.java:241) ~[spring-security-web-6.5.6.jar:6.5.6]
	at org.springframework.security.web.ObservationFilterChainDecorator$ObservationFilter.doFilter(ObservationFilterChainDecorator.java:228) ~[spring-security-web-6.5.6.jar:6.5.6]
	at org.springframework.security.web.ObservationFilterChainDecorator$VirtualFilterChain.doFilter(ObservationFilterChainDecorator.java:138) ~[spring-security-web-6.5.6.jar:6.5.6]
	at org.springframework.security.web.session.DisableEncodeUrlFilter.doFilterInternal(DisableEncodeUrlFilter.java:42) ~[spring-security-web-6.5.6.jar:6.5.6]
	at org.springframework.web.filter.OncePerRequestFilter.doFilter(OncePerRequestFilter.java:116) ~[spring-web-6.2.12.jar:6.2.12]
	at org.springframework.security.web.ObservationFilterChainDecorator$ObservationFilter.wrapFilter(ObservationFilterChainDecorator.java:241) ~[spring-security-web-6.5.6.jar:6.5.6]
	at org.springframework.security.web.ObservationFilterChainDecorator$AroundFilterObservation$SimpleAroundFilterObservation.lambda$wrap$0(ObservationFilterChainDecorator.java:334) ~[spring-security-web-6.5.6.jar:6.5.6]
	at org.springframework.security.web.ObservationFilterChainDecorator$ObservationFilter.doFilter(ObservationFilterChainDecorator.java:225) ~[spring-security-web-6.5.6.jar:6.5.6]
	at org.springframework.security.web.ObservationFilterChainDecorator$VirtualFilterChain.doFilter(ObservationFilterChainDecorator.java:138) ~[spring-security-web-6.5.6.jar:6.5.6]
	at org.springframework.security.web.FilterChainProxy.doFilterInternal(FilterChainProxy.java:233) ~[spring-security-web-6.5.6.jar:6.5.6]
	at org.springframework.security.web.FilterChainProxy.doFilter(FilterChainProxy.java:191) ~[spring-security-web-6.5.6.jar:6.5.6]
	at org.springframework.web.filter.CompositeFilter$VirtualFilterChain.doFilter(CompositeFilter.java:113) ~[spring-web-6.2.12.jar:6.2.12]
	at org.springframework.web.filter.ServletRequestPathFilter.doFilter(ServletRequestPathFilter.java:52) ~[spring-web-6.2.12.jar:6.2.12]
	at org.springframework.web.filter.CompositeFilter$VirtualFilterChain.doFilter(CompositeFilter.java:113) ~[spring-web-6.2.12.jar:6.2.12]
	at org.springframework.web.filter.CompositeFilter.doFilter(CompositeFilter.java:74) ~[spring-web-6.2.12.jar:6.2.12]
	at org.springframework.security.config.annotation.web.configuration.WebSecurityConfiguration$CompositeFilterChainProxy.doFilter(WebSecurityConfiguration.java:319) ~[spring-security-config-6.5.6.jar:6.5.6]
	at org.springframework.web.filter.CompositeFilter$VirtualFilterChain.doFilter(CompositeFilter.java:113) ~[spring-web-6.2.12.jar:6.2.12]
	at org.springframework.web.servlet.handler.HandlerMappingIntrospector.lambda$createCacheFilter$4(HandlerMappingIntrospector.java:267) ~[spring-webmvc-6.2.12.jar:6.2.12]
	at org.springframework.web.filter.CompositeFilter$VirtualFilterChain.doFilter(CompositeFilter.java:113) ~[spring-web-6.2.12.jar:6.2.12]
	at org.springframework.web.filter.CompositeFilter.doFilter(CompositeFilter.java:74) ~[spring-web-6.2.12.jar:6.2.12]
	at org.springframework.security.config.annotation.web.configuration.WebMvcSecurityConfiguration$CompositeFilterChainProxy.doFilter(WebMvcSecurityConfiguration.java:240) ~[spring-security-config-6.5.6.jar:6.5.6]
	at org.springframework.web.filter.DelegatingFilterProxy.invokeDelegate(DelegatingFilterProxy.java:362) ~[spring-web-6.2.12.jar:6.2.12]
	at org.springframework.web.filter.DelegatingFilterProxy.doFilter(DelegatingFilterProxy.java:278) ~[spring-web-6.2.12.jar:6.2.12]
	at org.apache.catalina.core.ApplicationFilterChain.internalDoFilter(ApplicationFilterChain.java:162) ~[tomcat-embed-core-10.1.48.jar:10.1.48]
	at org.apache.catalina.core.ApplicationFilterChain.doFilter(ApplicationFilterChain.java:138) ~[tomcat-embed-core-10.1.48.jar:10.1.48]
	at org.springframework.web.filter.RequestContextFilter.doFilterInternal(RequestContextFilter.java:100) ~[spring-web-6.2.12.jar:6.2.12]
	at org.springframework.web.filter.OncePerRequestFilter.doFilter(OncePerRequestFilter.java:116) ~[spring-web-6.2.12.jar:6.2.12]
	at org.apache.catalina.core.ApplicationFilterChain.internalDoFilter(ApplicationFilterChain.java:162) ~[tomcat-embed-core-10.1.48.jar:10.1.48]
	at org.apache.catalina.core.ApplicationFilterChain.doFilter(ApplicationFilterChain.java:138) ~[tomcat-embed-core-10.1.48.jar:10.1.48]
	at org.springframework.web.filter.FormContentFilter.doFilterInternal(FormContentFilter.java:93) ~[spring-web-6.2.12.jar:6.2.12]
	at org.springframework.web.filter.OncePerRequestFilter.doFilter(OncePerRequestFilter.java:116) ~[spring-web-6.2.12.jar:6.2.12]
	at org.apache.catalina.core.ApplicationFilterChain.internalDoFilter(ApplicationFilterChain.java:162) ~[tomcat-embed-core-10.1.48.jar:10.1.48]
	at org.apache.catalina.core.ApplicationFilterChain.doFilter(ApplicationFilterChain.java:138) ~[tomcat-embed-core-10.1.48.jar:10.1.48]
	at org.springframework.web.filter.ServerHttpObservationFilter.doFilterInternal(ServerHttpObservationFilter.java:110) ~[spring-web-6.2.12.jar:6.2.12]
	at org.springframework.web.filter.OncePerRequestFilter.doFilter(OncePerRequestFilter.java:116) ~[spring-web-6.2.12.jar:6.2.12]
	at org.apache.catalina.core.ApplicationFilterChain.internalDoFilter(ApplicationFilterChain.java:162) ~[tomcat-embed-core-10.1.48.jar:10.1.48]
	at org.apache.catalina.core.ApplicationFilterChain.doFilter(ApplicationFilterChain.java:138) ~[tomcat-embed-core-10.1.48.jar:10.1.48]
	at org.springframework.web.filter.CharacterEncodingFilter.doFilterInternal(CharacterEncodingFilter.java:201) ~[spring-web-6.2.12.jar:6.2.12]
	at org.springframework.web.filter.OncePerRequestFilter.doFilter(OncePerRequestFilter.java:116) ~[spring-web-6.2.12.jar:6.2.12]
	at org.apache.catalina.core.ApplicationFilterChain.internalDoFilter(ApplicationFilterChain.java:162) ~[tomcat-embed-core-10.1.48.jar:10.1.48]
	at org.apache.catalina.core.ApplicationFilterChain.doFilter(ApplicationFilterChain.java:138) ~[tomcat-embed-core-10.1.48.jar:10.1.48]
	at org.apache.catalina.core.StandardWrapperValve.invoke(StandardWrapperValve.java:165) ~[tomcat-embed-core-10.1.48.jar:10.1.48]
	at org.apache.catalina.core.StandardContextValve.invoke(StandardContextValve.java:88) ~[tomcat-embed-core-10.1.48.jar:10.1.48]
	at org.apache.catalina.authenticator.AuthenticatorBase.invoke(AuthenticatorBase.java:482) ~[tomcat-embed-core-10.1.48.jar:10.1.48]
	at org.apache.catalina.core.StandardHostValve.invoke(StandardHostValve.java:113) ~[tomcat-embed-core-10.1.48.jar:10.1.48]
	at org.apache.catalina.valves.ErrorReportValve.invoke(ErrorReportValve.java:83) ~[tomcat-embed-core-10.1.48.jar:10.1.48]
	at org.apache.catalina.core.StandardEngineValve.invoke(StandardEngineValve.java:72) ~[tomcat-embed-core-10.1.48.jar:10.1.48]
	at org.apache.catalina.connector.CoyoteAdapter.service(CoyoteAdapter.java:342) ~[tomcat-embed-core-10.1.48.jar:10.1.48]
	at org.apache.coyote.http11.Http11Processor.service(Http11Processor.java:399) ~[tomcat-embed-core-10.1.48.jar:10.1.48]
	at org.apache.coyote.AbstractProcessorLight.process(AbstractProcessorLight.java:63) ~[tomcat-embed-core-10.1.48.jar:10.1.48]
	at org.apache.coyote.AbstractProtocol$ConnectionHandler.process(AbstractProtocol.java:903) ~[tomcat-embed-core-10.1.48.jar:10.1.48]
	at org.apache.tomcat.util.net.NioEndpoint$SocketProcessor.doRun(NioEndpoint.java:1774) ~[tomcat-embed-core-10.1.48.jar:10.1.48]
	at org.apache.tomcat.util.net.SocketProcessorBase.run(SocketProcessorBase.java:52) ~[tomcat-embed-core-10.1.48.jar:10.1.48]
	at org.apache.tomcat.util.threads.ThreadPoolExecutor.runWorker(ThreadPoolExecutor.java:973) ~[tomcat-embed-core-10.1.48.jar:10.1.48]
	at org.apache.tomcat.util.threads.ThreadPoolExecutor$Worker.run(ThreadPoolExecutor.java:491) ~[tomcat-embed-core-10.1.48.jar:10.1.48]
	at org.apache.tomcat.util.threads.TaskThread$WrappingRunnable.run(TaskThread.java:63) ~[tomcat-embed-core-10.1.48.jar:10.1.48]
	at java.base/java.lang.Thread.run(Thread.java:1474) ~[na:na]

2025-11-10T11:50:16.018-05:00 ERROR 67390 --- [reservation] [http-nio-8080-exec-2] o.a.c.c.C.[.[.[/].[dispatcherServlet]    : Servlet.service() for servlet [dispatcherServlet] in context with path [] threw exception [Request processing failed: java.lang.IllegalArgumentException: IATA code must be 3 uppercase letters] with root cause

java.lang.IllegalArgumentException: IATA code must be 3 uppercase letters
	at com.airline.reservation.external.FlightOffersService.validateIata(FlightOffersService.java:120) ~[classes/:na]
	at com.airline.reservation.external.FlightOffersService.search(FlightOffersService.java:33) ~[classes/:na]
	at java.base/jdk.internal.reflect.DirectMethodHandleAccessor.invoke(DirectMethodHandleAccessor.java:104) ~[na:na]
	at java.base/java.lang.reflect.Method.invoke(Method.java:565) ~[na:na]
	at org.springframework.aop.support.AopUtils.invokeJoinpointUsingReflection(AopUtils.java:360) ~[spring-aop-6.2.12.jar:6.2.12]
	at org.springframework.aop.framework.ReflectiveMethodInvocation.invokeJoinpoint(ReflectiveMethodInvocation.java:196) ~[spring-aop-6.2.12.jar:6.2.12]
	at org.springframework.aop.framework.ReflectiveMethodInvocation.proceed(ReflectiveMethodInvocation.java:163) ~[spring-aop-6.2.12.jar:6.2.12]
	at org.springframework.cache.interceptor.CacheInterceptor.lambda$invoke$0(CacheInterceptor.java:55) ~[spring-context-6.2.12.jar:6.2.12]
	at org.springframework.cache.interceptor.CacheAspectSupport.invokeOperation(CacheAspectSupport.java:431) ~[spring-context-6.2.12.jar:6.2.12]
	at org.springframework.cache.interceptor.CacheAspectSupport.evaluate(CacheAspectSupport.java:601) ~[spring-context-6.2.12.jar:6.2.12]
	at org.springframework.cache.interceptor.CacheAspectSupport.execute(CacheAspectSupport.java:448) ~[spring-context-6.2.12.jar:6.2.12]
	at org.springframework.cache.interceptor.CacheAspectSupport.execute(CacheAspectSupport.java:410) ~[spring-context-6.2.12.jar:6.2.12]
	at org.springframework.cache.interceptor.CacheInterceptor.invoke(CacheInterceptor.java:65) ~[spring-context-6.2.12.jar:6.2.12]
	at org.springframework.aop.framework.ReflectiveMethodInvocation.proceed(ReflectiveMethodInvocation.java:184) ~[spring-aop-6.2.12.jar:6.2.12]
	at org.springframework.aop.framework.CglibAopProxy$DynamicAdvisedInterceptor.intercept(CglibAopProxy.java:728) ~[spring-aop-6.2.12.jar:6.2.12]
	at com.airline.reservation.external.FlightOffersService$$SpringCGLIB$$0.search(<generated>) ~[classes/:na]
	at com.airline.reservation.external.FlightSearchController.search(FlightSearchController.java:45) ~[classes/:na]
	at java.base/jdk.internal.reflect.DirectMethodHandleAccessor.invoke(DirectMethodHandleAccessor.java:104) ~[na:na]
	at java.base/java.lang.reflect.Method.invoke(Method.java:565) ~[na:na]
	at org.springframework.web.method.support.InvocableHandlerMethod.doInvoke(InvocableHandlerMethod.java:258) ~[spring-web-6.2.12.jar:6.2.12]
	at org.springframework.web.method.support.InvocableHandlerMethod.invokeForRequest(InvocableHandlerMethod.java:191) ~[spring-web-6.2.12.jar:6.2.12]
	at org.springframework.web.servlet.mvc.method.annotation.ServletInvocableHandlerMethod.invokeAndHandle(ServletInvocableHandlerMethod.java:118) ~[spring-webmvc-6.2.12.jar:6.2.12]
	at org.springframework.web.servlet.mvc.method.annotation.RequestMappingHandlerAdapter.invokeHandlerMethod(RequestMappingHandlerAdapter.java:991) ~[spring-webmvc-6.2.12.jar:6.2.12]
	at org.springframework.web.servlet.mvc.method.annotation.RequestMappingHandlerAdapter.handleInternal(RequestMappingHandlerAdapter.java:896) ~[spring-webmvc-6.2.12.jar:6.2.12]
	at org.springframework.web.servlet.mvc.method.AbstractHandlerMethodAdapter.handle(AbstractHandlerMethodAdapter.java:87) ~[spring-webmvc-6.2.12.jar:6.2.12]
	at org.springframework.web.servlet.DispatcherServlet.doDispatch(DispatcherServlet.java:1089) ~[spring-webmvc-6.2.12.jar:6.2.12]
	at org.springframework.web.servlet.DispatcherServlet.doService(DispatcherServlet.java:979) ~[spring-webmvc-6.2.12.jar:6.2.12]
	at org.springframework.web.servlet.FrameworkServlet.processRequest(FrameworkServlet.java:1014) ~[spring-webmvc-6.2.12.jar:6.2.12]
	at org.springframework.web.servlet.FrameworkServlet.doGet(FrameworkServlet.java:903) ~[spring-webmvc-6.2.12.jar:6.2.12]
	at jakarta.servlet.http.HttpServlet.service(HttpServlet.java:564) ~[tomcat-embed-core-10.1.48.jar:6.0]
	at org.springframework.web.servlet.FrameworkServlet.service(FrameworkServlet.java:885) ~[spring-webmvc-6.2.12.jar:6.2.12]
	at jakarta.servlet.http.HttpServlet.service(HttpServlet.java:658) ~[tomcat-embed-core-10.1.48.jar:6.0]
	at org.apache.catalina.core.ApplicationFilterChain.internalDoFilter(ApplicationFilterChain.java:193) ~[tomcat-embed-core-10.1.48.jar:10.1.48]
	at org.apache.catalina.core.ApplicationFilterChain.doFilter(ApplicationFilterChain.java:138) ~[tomcat-embed-core-10.1.48.jar:10.1.48]
	at org.apache.tomcat.websocket.server.WsFilter.doFilter(WsFilter.java:51) ~[tomcat-embed-websocket-10.1.48.jar:10.1.48]
	at org.apache.catalina.core.ApplicationFilterChain.internalDoFilter(ApplicationFilterChain.java:162) ~[tomcat-embed-core-10.1.48.jar:10.1.48]
	at org.apache.catalina.core.ApplicationFilterChain.doFilter(ApplicationFilterChain.java:138) ~[tomcat-embed-core-10.1.48.jar:10.1.48]
	at org.springframework.web.filter.OncePerRequestFilter.doFilter(OncePerRequestFilter.java:110) ~[spring-web-6.2.12.jar:6.2.12]
	at org.apache.catalina.core.ApplicationFilterChain.internalDoFilter(ApplicationFilterChain.java:162) ~[tomcat-embed-core-10.1.48.jar:10.1.48]
	at org.apache.catalina.core.ApplicationFilterChain.doFilter(ApplicationFilterChain.java:138) ~[tomcat-embed-core-10.1.48.jar:10.1.48]
	at org.springframework.web.filter.CompositeFilter$VirtualFilterChain.doFilter(CompositeFilter.java:108) ~[spring-web-6.2.12.jar:6.2.12]
	at org.springframework.web.filter.CompositeFilter$VirtualFilterChain.doFilter(CompositeFilter.java:108) ~[spring-web-6.2.12.jar:6.2.12]
	at org.springframework.security.web.FilterChainProxy.lambda$doFilterInternal$3(FilterChainProxy.java:231) ~[spring-security-web-6.5.6.jar:6.5.6]
	at org.springframework.security.web.ObservationFilterChainDecorator$FilterObservation$SimpleFilterObservation.lambda$wrap$1(ObservationFilterChainDecorator.java:490) ~[spring-security-web-6.5.6.jar:6.5.6]
	at org.springframework.security.web.ObservationFilterChainDecorator$AroundFilterObservation$SimpleAroundFilterObservation.lambda$wrap$1(ObservationFilterChainDecorator.java:351) ~[spring-security-web-6.5.6.jar:6.5.6]
	at org.springframework.security.web.ObservationFilterChainDecorator.lambda$wrapSecured$0(ObservationFilterChainDecorator.java:83) ~[spring-security-web-6.5.6.jar:6.5.6]
	at org.springframework.security.web.ObservationFilterChainDecorator$VirtualFilterChain.doFilter(ObservationFilterChainDecorator.java:129) ~[spring-security-web-6.5.6.jar:6.5.6]
	at org.springframework.security.web.access.intercept.AuthorizationFilter.doFilter(AuthorizationFilter.java:101) ~[spring-security-web-6.5.6.jar:6.5.6]
	at org.springframework.security.web.ObservationFilterChainDecorator$ObservationFilter.wrapFilter(ObservationFilterChainDecorator.java:241) ~[spring-security-web-6.5.6.jar:6.5.6]
	at org.springframework.security.web.ObservationFilterChainDecorator$ObservationFilter.doFilter(ObservationFilterChainDecorator.java:228) ~[spring-security-web-6.5.6.jar:6.5.6]
	at org.springframework.security.web.ObservationFilterChainDecorator$VirtualFilterChain.doFilter(ObservationFilterChainDecorator.java:138) ~[spring-security-web-6.5.6.jar:6.5.6]
	at org.springframework.security.web.access.ExceptionTranslationFilter.doFilter(ExceptionTranslationFilter.java:125) ~[spring-security-web-6.5.6.jar:6.5.6]
	at org.springframework.security.web.access.ExceptionTranslationFilter.doFilter(ExceptionTranslationFilter.java:119) ~[spring-security-web-6.5.6.jar:6.5.6]
	at org.springframework.security.web.ObservationFilterChainDecorator$ObservationFilter.wrapFilter(ObservationFilterChainDecorator.java:241) ~[spring-security-web-6.5.6.jar:6.5.6]
	at org.springframework.security.web.ObservationFilterChainDecorator$ObservationFilter.doFilter(ObservationFilterChainDecorator.java:228) ~[spring-security-web-6.5.6.jar:6.5.6]
	at org.springframework.security.web.ObservationFilterChainDecorator$VirtualFilterChain.doFilter(ObservationFilterChainDecorator.java:138) ~[spring-security-web-6.5.6.jar:6.5.6]
	at org.springframework.security.web.authentication.AnonymousAuthenticationFilter.doFilter(AnonymousAuthenticationFilter.java:100) ~[spring-security-web-6.5.6.jar:6.5.6]
	at org.springframework.security.web.ObservationFilterChainDecorator$ObservationFilter.wrapFilter(ObservationFilterChainDecorator.java:241) ~[spring-security-web-6.5.6.jar:6.5.6]
	at org.springframework.security.web.ObservationFilterChainDecorator$ObservationFilter.doFilter(ObservationFilterChainDecorator.java:228) ~[spring-security-web-6.5.6.jar:6.5.6]
	at org.springframework.security.web.ObservationFilterChainDecorator$VirtualFilterChain.doFilter(ObservationFilterChainDecorator.java:138) ~[spring-security-web-6.5.6.jar:6.5.6]
	at org.springframework.security.web.servletapi.SecurityContextHolderAwareRequestFilter.doFilter(SecurityContextHolderAwareRequestFilter.java:179) ~[spring-security-web-6.5.6.jar:6.5.6]
	at org.springframework.security.web.ObservationFilterChainDecorator$ObservationFilter.wrapFilter(ObservationFilterChainDecorator.java:241) ~[spring-security-web-6.5.6.jar:6.5.6]
	at org.springframework.security.web.ObservationFilterChainDecorator$ObservationFilter.doFilter(ObservationFilterChainDecorator.java:228) ~[spring-security-web-6.5.6.jar:6.5.6]
	at org.springframework.security.web.ObservationFilterChainDecorator$VirtualFilterChain.doFilter(ObservationFilterChainDecorator.java:138) ~[spring-security-web-6.5.6.jar:6.5.6]
	at org.springframework.security.web.savedrequest.RequestCacheAwareFilter.doFilter(RequestCacheAwareFilter.java:63) ~[spring-security-web-6.5.6.jar:6.5.6]
	at org.springframework.security.web.ObservationFilterChainDecorator$ObservationFilter.wrapFilter(ObservationFilterChainDecorator.java:241) ~[spring-security-web-6.5.6.jar:6.5.6]
	at org.springframework.security.web.ObservationFilterChainDecorator$ObservationFilter.doFilter(ObservationFilterChainDecorator.java:228) ~[spring-security-web-6.5.6.jar:6.5.6]
	at org.springframework.security.web.ObservationFilterChainDecorator$VirtualFilterChain.doFilter(ObservationFilterChainDecorator.java:138) ~[spring-security-web-6.5.6.jar:6.5.6]
	at org.springframework.security.web.authentication.logout.LogoutFilter.doFilter(LogoutFilter.java:107) ~[spring-security-web-6.5.6.jar:6.5.6]
	at org.springframework.security.web.authentication.logout.LogoutFilter.doFilter(LogoutFilter.java:93) ~[spring-security-web-6.5.6.jar:6.5.6]
	at org.springframework.security.web.ObservationFilterChainDecorator$ObservationFilter.wrapFilter(ObservationFilterChainDecorator.java:241) ~[spring-security-web-6.5.6.jar:6.5.6]
	at org.springframework.security.web.ObservationFilterChainDecorator$ObservationFilter.doFilter(ObservationFilterChainDecorator.java:228) ~[spring-security-web-6.5.6.jar:6.5.6]
	at org.springframework.security.web.ObservationFilterChainDecorator$VirtualFilterChain.doFilter(ObservationFilterChainDecorator.java:138) ~[spring-security-web-6.5.6.jar:6.5.6]
	at org.springframework.web.filter.CorsFilter.doFilterInternal(CorsFilter.java:91) ~[spring-web-6.2.12.jar:6.2.12]
	at org.springframework.web.filter.OncePerRequestFilter.doFilter(OncePerRequestFilter.java:116) ~[spring-web-6.2.12.jar:6.2.12]
	at org.springframework.security.web.ObservationFilterChainDecorator$ObservationFilter.wrapFilter(ObservationFilterChainDecorator.java:241) ~[spring-security-web-6.5.6.jar:6.5.6]
	at org.springframework.security.web.ObservationFilterChainDecorator$ObservationFilter.doFilter(ObservationFilterChainDecorator.java:228) ~[spring-security-web-6.5.6.jar:6.5.6]
	at org.springframework.security.web.ObservationFilterChainDecorator$VirtualFilterChain.doFilter(ObservationFilterChainDecorator.java:138) ~[spring-security-web-6.5.6.jar:6.5.6]
	at org.springframework.security.web.header.HeaderWriterFilter.doHeadersAfter(HeaderWriterFilter.java:90) ~[spring-security-web-6.5.6.jar:6.5.6]
	at org.springframework.security.web.header.HeaderWriterFilter.doFilterInternal(HeaderWriterFilter.java:75) ~[spring-security-web-6.5.6.jar:6.5.6]
	at org.springframework.web.filter.OncePerRequestFilter.doFilter(OncePerRequestFilter.java:116) ~[spring-web-6.2.12.jar:6.2.12]
	at org.springframework.security.web.ObservationFilterChainDecorator$ObservationFilter.wrapFilter(ObservationFilterChainDecorator.java:241) ~[spring-security-web-6.5.6.jar:6.5.6]
	at org.springframework.security.web.ObservationFilterChainDecorator$ObservationFilter.doFilter(ObservationFilterChainDecorator.java:228) ~[spring-security-web-6.5.6.jar:6.5.6]
	at org.springframework.security.web.ObservationFilterChainDecorator$VirtualFilterChain.doFilter(ObservationFilterChainDecorator.java:138) ~[spring-security-web-6.5.6.jar:6.5.6]
	at org.springframework.security.web.context.SecurityContextHolderFilter.doFilter(SecurityContextHolderFilter.java:82) ~[spring-security-web-6.5.6.jar:6.5.6]
	at org.springframework.security.web.context.SecurityContextHolderFilter.doFilter(SecurityContextHolderFilter.java:69) ~[spring-security-web-6.5.6.jar:6.5.6]
	at org.springframework.security.web.ObservationFilterChainDecorator$ObservationFilter.wrapFilter(ObservationFilterChainDecorator.java:241) ~[spring-security-web-6.5.6.jar:6.5.6]
	at org.springframework.security.web.ObservationFilterChainDecorator$ObservationFilter.doFilter(ObservationFilterChainDecorator.java:228) ~[spring-security-web-6.5.6.jar:6.5.6]
	at org.springframework.security.web.ObservationFilterChainDecorator$VirtualFilterChain.doFilter(ObservationFilterChainDecorator.java:138) ~[spring-security-web-6.5.6.jar:6.5.6]
	at org.springframework.security.web.context.request.async.WebAsyncManagerIntegrationFilter.doFilterInternal(WebAsyncManagerIntegrationFilter.java:62) ~[spring-security-web-6.5.6.jar:6.5.6]
	at org.springframework.web.filter.OncePerRequestFilter.doFilter(OncePerRequestFilter.java:116) ~[spring-web-6.2.12.jar:6.2.12]
	at org.springframework.security.web.ObservationFilterChainDecorator$ObservationFilter.wrapFilter(ObservationFilterChainDecorator.java:241) ~[spring-security-web-6.5.6.jar:6.5.6]
	at org.springframework.security.web.ObservationFilterChainDecorator$ObservationFilter.doFilter(ObservationFilterChainDecorator.java:228) ~[spring-security-web-6.5.6.jar:6.5.6]
	at org.springframework.security.web.ObservationFilterChainDecorator$VirtualFilterChain.doFilter(ObservationFilterChainDecorator.java:138) ~[spring-security-web-6.5.6.jar:6.5.6]
	at org.springframework.security.web.session.DisableEncodeUrlFilter.doFilterInternal(DisableEncodeUrlFilter.java:42) ~[spring-security-web-6.5.6.jar:6.5.6]
	at org.springframework.web.filter.OncePerRequestFilter.doFilter(OncePerRequestFilter.java:116) ~[spring-web-6.2.12.jar:6.2.12]
	at org.springframework.security.web.ObservationFilterChainDecorator$ObservationFilter.wrapFilter(ObservationFilterChainDecorator.java:241) ~[spring-security-web-6.5.6.jar:6.5.6]
	at org.springframework.security.web.ObservationFilterChainDecorator$AroundFilterObservation$SimpleAroundFilterObservation.lambda$wrap$0(ObservationFilterChainDecorator.java:334) ~[spring-security-web-6.5.6.jar:6.5.6]
	at org.springframework.security.web.ObservationFilterChainDecorator$ObservationFilter.doFilter(ObservationFilterChainDecorator.java:225) ~[spring-security-web-6.5.6.jar:6.5.6]
	at org.springframework.security.web.ObservationFilterChainDecorator$VirtualFilterChain.doFilter(ObservationFilterChainDecorator.java:138) ~[spring-security-web-6.5.6.jar:6.5.6]
	at org.springframework.security.web.FilterChainProxy.doFilterInternal(FilterChainProxy.java:233) ~[spring-security-web-6.5.6.jar:6.5.6]
	at org.springframework.security.web.FilterChainProxy.doFilter(FilterChainProxy.java:191) ~[spring-security-web-6.5.6.jar:6.5.6]
	at org.springframework.web.filter.CompositeFilter$VirtualFilterChain.doFilter(CompositeFilter.java:113) ~[spring-web-6.2.12.jar:6.2.12]
	at org.springframework.web.filter.ServletRequestPathFilter.doFilter(ServletRequestPathFilter.java:52) ~[spring-web-6.2.12.jar:6.2.12]
	at org.springframework.web.filter.CompositeFilter$VirtualFilterChain.doFilter(CompositeFilter.java:113) ~[spring-web-6.2.12.jar:6.2.12]
	at org.springframework.web.filter.CompositeFilter.doFilter(CompositeFilter.java:74) ~[spring-web-6.2.12.jar:6.2.12]
	at org.springframework.security.config.annotation.web.configuration.WebSecurityConfiguration$CompositeFilterChainProxy.doFilter(WebSecurityConfiguration.java:319) ~[spring-security-config-6.5.6.jar:6.5.6]
	at org.springframework.web.filter.CompositeFilter$VirtualFilterChain.doFilter(CompositeFilter.java:113) ~[spring-web-6.2.12.jar:6.2.12]
	at org.springframework.web.servlet.handler.HandlerMappingIntrospector.lambda$createCacheFilter$4(HandlerMappingIntrospector.java:267) ~[spring-webmvc-6.2.12.jar:6.2.12]
	at org.springframework.web.filter.CompositeFilter$VirtualFilterChain.doFilter(CompositeFilter.java:113) ~[spring-web-6.2.12.jar:6.2.12]
	at org.springframework.web.filter.CompositeFilter.doFilter(CompositeFilter.java:74) ~[spring-web-6.2.12.jar:6.2.12]
	at org.springframework.security.config.annotation.web.configuration.WebMvcSecurityConfiguration$CompositeFilterChainProxy.doFilter(WebMvcSecurityConfiguration.java:240) ~[spring-security-config-6.5.6.jar:6.5.6]
	at org.springframework.web.filter.DelegatingFilterProxy.invokeDelegate(DelegatingFilterProxy.java:362) ~[spring-web-6.2.12.jar:6.2.12]
	at org.springframework.web.filter.DelegatingFilterProxy.doFilter(DelegatingFilterProxy.java:278) ~[spring-web-6.2.12.jar:6.2.12]
	at org.apache.catalina.core.ApplicationFilterChain.internalDoFilter(ApplicationFilterChain.java:162) ~[tomcat-embed-core-10.1.48.jar:10.1.48]
	at org.apache.catalina.core.ApplicationFilterChain.doFilter(ApplicationFilterChain.java:138) ~[tomcat-embed-core-10.1.48.jar:10.1.48]
	at org.springframework.web.filter.RequestContextFilter.doFilterInternal(RequestContextFilter.java:100) ~[spring-web-6.2.12.jar:6.2.12]
	at org.springframework.web.filter.OncePerRequestFilter.doFilter(OncePerRequestFilter.java:116) ~[spring-web-6.2.12.jar:6.2.12]
	at org.apache.catalina.core.ApplicationFilterChain.internalDoFilter(ApplicationFilterChain.java:162) ~[tomcat-embed-core-10.1.48.jar:10.1.48]
	at org.apache.catalina.core.ApplicationFilterChain.doFilter(ApplicationFilterChain.java:138) ~[tomcat-embed-core-10.1.48.jar:10.1.48]
	at org.springframework.web.filter.FormContentFilter.doFilterInternal(FormContentFilter.java:93) ~[spring-web-6.2.12.jar:6.2.12]
	at org.springframework.web.filter.OncePerRequestFilter.doFilter(OncePerRequestFilter.java:116) ~[spring-web-6.2.12.jar:6.2.12]
	at org.apache.catalina.core.ApplicationFilterChain.internalDoFilter(ApplicationFilterChain.java:162) ~[tomcat-embed-core-10.1.48.jar:10.1.48]
	at org.apache.catalina.core.ApplicationFilterChain.doFilter(ApplicationFilterChain.java:138) ~[tomcat-embed-core-10.1.48.jar:10.1.48]
	at org.springframework.web.filter.ServerHttpObservationFilter.doFilterInternal(ServerHttpObservationFilter.java:110) ~[spring-web-6.2.12.jar:6.2.12]
	at org.springframework.web.filter.OncePerRequestFilter.doFilter(OncePerRequestFilter.java:116) ~[spring-web-6.2.12.jar:6.2.12]
	at org.apache.catalina.core.ApplicationFilterChain.internalDoFilter(ApplicationFilterChain.java:162) ~[tomcat-embed-core-10.1.48.jar:10.1.48]
	at org.apache.catalina.core.ApplicationFilterChain.doFilter(ApplicationFilterChain.java:138) ~[tomcat-embed-core-10.1.48.jar:10.1.48]
	at org.springframework.web.filter.CharacterEncodingFilter.doFilterInternal(CharacterEncodingFilter.java:201) ~[spring-web-6.2.12.jar:6.2.12]
	at org.springframework.web.filter.OncePerRequestFilter.doFilter(OncePerRequestFilter.java:116) ~[spring-web-6.2.12.jar:6.2.12]
	at org.apache.catalina.core.ApplicationFilterChain.internalDoFilter(ApplicationFilterChain.java:162) ~[tomcat-embed-core-10.1.48.jar:10.1.48]
	at org.apache.catalina.core.ApplicationFilterChain.doFilter(ApplicationFilterChain.java:138) ~[tomcat-embed-core-10.1.48.jar:10.1.48]
	at org.apache.catalina.core.StandardWrapperValve.invoke(StandardWrapperValve.java:165) ~[tomcat-embed-core-10.1.48.jar:10.1.48]
	at org.apache.catalina.core.StandardContextValve.invoke(StandardContextValve.java:88) ~[tomcat-embed-core-10.1.48.jar:10.1.48]
	at org.apache.catalina.authenticator.AuthenticatorBase.invoke(AuthenticatorBase.java:482) ~[tomcat-embed-core-10.1.48.jar:10.1.48]
	at org.apache.catalina.core.StandardHostValve.invoke(StandardHostValve.java:113) ~[tomcat-embed-core-10.1.48.jar:10.1.48]
	at org.apache.catalina.valves.ErrorReportValve.invoke(ErrorReportValve.java:83) ~[tomcat-embed-core-10.1.48.jar:10.1.48]
	at org.apache.catalina.core.StandardEngineValve.invoke(StandardEngineValve.java:72) ~[tomcat-embed-core-10.1.48.jar:10.1.48]
	at org.apache.catalina.connector.CoyoteAdapter.service(CoyoteAdapter.java:342) ~[tomcat-embed-core-10.1.48.jar:10.1.48]
	at org.apache.coyote.http11.Http11Processor.service(Http11Processor.java:399) ~[tomcat-embed-core-10.1.48.jar:10.1.48]
	at org.apache.coyote.AbstractProcessorLight.process(AbstractProcessorLight.java:63) ~[tomcat-embed-core-10.1.48.jar:10.1.48]
	at org.apache.coyote.AbstractProtocol$ConnectionHandler.process(AbstractProtocol.java:903) ~[tomcat-embed-core-10.1.48.jar:10.1.48]
	at org.apache.tomcat.util.net.NioEndpoint$SocketProcessor.doRun(NioEndpoint.java:1774) ~[tomcat-embed-core-10.1.48.jar:10.1.48]
	at org.apache.tomcat.util.net.SocketProcessorBase.run(SocketProcessorBase.java:52) ~[tomcat-embed-core-10.1.48.jar:10.1.48]
	at org.apache.tomcat.util.threads.ThreadPoolExecutor.runWorker(ThreadPoolExecutor.java:973) ~[tomcat-embed-core-10.1.48.jar:10.1.48]
	at org.apache.tomcat.util.threads.ThreadPoolExecutor$Worker.run(ThreadPoolExecutor.java:491) ~[tomcat-embed-core-10.1.48.jar:10.1.48]
	at org.apache.tomcat.util.threads.TaskThread$WrappingRunnable.run(TaskThread.java:63) ~[tomcat-embed-core-10.1.48.jar:10.1.48]
	at java.base/java.lang.Thread.run(Thread.java:1474) ~[na:na]

2025-11-10T11:50:16.055-05:00 ERROR 67390 --- [reservation] [http-nio-8080-exec-3] o.a.c.c.C.[.[.[/].[dispatcherServlet]    : Servlet.service() for servlet [dispatcherServlet] in context with path [] threw exception [Request processing failed: java.lang.IllegalArgumentException: IATA code must be 3 uppercase letters] with root cause

java.lang.IllegalArgumentException: IATA code must be 3 uppercase letters
	at com.airline.reservation.external.FlightOffersService.validateIata(FlightOffersService.java:120) ~[classes/:na]
	at com.airline.reservation.external.FlightOffersService.search(FlightOffersService.java:33) ~[classes/:na]
	at java.base/jdk.internal.reflect.DirectMethodHandleAccessor.invoke(DirectMethodHandleAccessor.java:104) ~[na:na]
	at java.base/java.lang.reflect.Method.invoke(Method.java:565) ~[na:na]
	at org.springframework.aop.support.AopUtils.invokeJoinpointUsingReflection(AopUtils.java:360) ~[spring-aop-6.2.12.jar:6.2.12]
	at org.springframework.aop.framework.ReflectiveMethodInvocation.invokeJoinpoint(ReflectiveMethodInvocation.java:196) ~[spring-aop-6.2.12.jar:6.2.12]
	at org.springframework.aop.framework.ReflectiveMethodInvocation.proceed(ReflectiveMethodInvocation.java:163) ~[spring-aop-6.2.12.jar:6.2.12]
	at org.springframework.cache.interceptor.CacheInterceptor.lambda$invoke$0(CacheInterceptor.java:55) ~[spring-context-6.2.12.jar:6.2.12]
	at org.springframework.cache.interceptor.CacheAspectSupport.invokeOperation(CacheAspectSupport.java:431) ~[spring-context-6.2.12.jar:6.2.12]
	at org.springframework.cache.interceptor.CacheAspectSupport.evaluate(CacheAspectSupport.java:601) ~[spring-context-6.2.12.jar:6.2.12]
	at org.springframework.cache.interceptor.CacheAspectSupport.execute(CacheAspectSupport.java:448) ~[spring-context-6.2.12.jar:6.2.12]
	at org.springframework.cache.interceptor.CacheAspectSupport.execute(CacheAspectSupport.java:410) ~[spring-context-6.2.12.jar:6.2.12]
	at org.springframework.cache.interceptor.CacheInterceptor.invoke(CacheInterceptor.java:65) ~[spring-context-6.2.12.jar:6.2.12]
	at org.springframework.aop.framework.ReflectiveMethodInvocation.proceed(ReflectiveMethodInvocation.java:184) ~[spring-aop-6.2.12.jar:6.2.12]
	at org.springframework.aop.framework.CglibAopProxy$DynamicAdvisedInterceptor.intercept(CglibAopProxy.java:728) ~[spring-aop-6.2.12.jar:6.2.12]
	at com.airline.reservation.external.FlightOffersService$$SpringCGLIB$$0.search(<generated>) ~[classes/:na]
	at com.airline.reservation.external.FlightSearchController.search(FlightSearchController.java:45) ~[classes/:na]
	at java.base/jdk.internal.reflect.DirectMethodHandleAccessor.invoke(DirectMethodHandleAccessor.java:104) ~[na:na]
	at java.base/java.lang.reflect.Method.invoke(Method.java:565) ~[na:na]
	at org.springframework.web.method.support.InvocableHandlerMethod.doInvoke(InvocableHandlerMethod.java:258) ~[spring-web-6.2.12.jar:6.2.12]
	at org.springframework.web.method.support.InvocableHandlerMethod.invokeForRequest(InvocableHandlerMethod.java:191) ~[spring-web-6.2.12.jar:6.2.12]
	at org.springframework.web.servlet.mvc.method.annotation.ServletInvocableHandlerMethod.invokeAndHandle(ServletInvocableHandlerMethod.java:118) ~[spring-webmvc-6.2.12.jar:6.2.12]
	at org.springframework.web.servlet.mvc.method.annotation.RequestMappingHandlerAdapter.invokeHandlerMethod(RequestMappingHandlerAdapter.java:991) ~[spring-webmvc-6.2.12.jar:6.2.12]
	at org.springframework.web.servlet.mvc.method.annotation.RequestMappingHandlerAdapter.handleInternal(RequestMappingHandlerAdapter.java:896) ~[spring-webmvc-6.2.12.jar:6.2.12]
	at org.springframework.web.servlet.mvc.method.AbstractHandlerMethodAdapter.handle(AbstractHandlerMethodAdapter.java:87) ~[spring-webmvc-6.2.12.jar:6.2.12]
	at org.springframework.web.servlet.DispatcherServlet.doDispatch(DispatcherServlet.java:1089) ~[spring-webmvc-6.2.12.jar:6.2.12]
	at org.springframework.web.servlet.DispatcherServlet.doService(DispatcherServlet.java:979) ~[spring-webmvc-6.2.12.jar:6.2.12]
	at org.springframework.web.servlet.FrameworkServlet.processRequest(FrameworkServlet.java:1014) ~[spring-webmvc-6.2.12.jar:6.2.12]
	at org.springframework.web.servlet.FrameworkServlet.doGet(FrameworkServlet.java:903) ~[spring-webmvc-6.2.12.jar:6.2.12]
	at jakarta.servlet.http.HttpServlet.service(HttpServlet.java:564) ~[tomcat-embed-core-10.1.48.jar:6.0]
	at org.springframework.web.servlet.FrameworkServlet.service(FrameworkServlet.java:885) ~[spring-webmvc-6.2.12.jar:6.2.12]
	at jakarta.servlet.http.HttpServlet.service(HttpServlet.java:658) ~[tomcat-embed-core-10.1.48.jar:6.0]
	at org.apache.catalina.core.ApplicationFilterChain.internalDoFilter(ApplicationFilterChain.java:193) ~[tomcat-embed-core-10.1.48.jar:10.1.48]
	at org.apache.catalina.core.ApplicationFilterChain.doFilter(ApplicationFilterChain.java:138) ~[tomcat-embed-core-10.1.48.jar:10.1.48]
	at org.apache.tomcat.websocket.server.WsFilter.doFilter(WsFilter.java:51) ~[tomcat-embed-websocket-10.1.48.jar:10.1.48]
	at org.apache.catalina.core.ApplicationFilterChain.internalDoFilter(ApplicationFilterChain.java:162) ~[tomcat-embed-core-10.1.48.jar:10.1.48]
	at org.apache.catalina.core.ApplicationFilterChain.doFilter(ApplicationFilterChain.java:138) ~[tomcat-embed-core-10.1.48.jar:10.1.48]
	at org.springframework.web.filter.OncePerRequestFilter.doFilter(OncePerRequestFilter.java:110) ~[spring-web-6.2.12.jar:6.2.12]
	at org.apache.catalina.core.ApplicationFilterChain.internalDoFilter(ApplicationFilterChain.java:162) ~[tomcat-embed-core-10.1.48.jar:10.1.48]
	at org.apache.catalina.core.ApplicationFilterChain.doFilter(ApplicationFilterChain.java:138) ~[tomcat-embed-core-10.1.48.jar:10.1.48]
	at org.springframework.web.filter.CompositeFilter$VirtualFilterChain.doFilter(CompositeFilter.java:108) ~[spring-web-6.2.12.jar:6.2.12]
	at org.springframework.web.filter.CompositeFilter$VirtualFilterChain.doFilter(CompositeFilter.java:108) ~[spring-web-6.2.12.jar:6.2.12]
	at org.springframework.security.web.FilterChainProxy.lambda$doFilterInternal$3(FilterChainProxy.java:231) ~[spring-security-web-6.5.6.jar:6.5.6]
	at org.springframework.security.web.ObservationFilterChainDecorator$FilterObservation$SimpleFilterObservation.lambda$wrap$1(ObservationFilterChainDecorator.java:490) ~[spring-security-web-6.5.6.jar:6.5.6]
	at org.springframework.security.web.ObservationFilterChainDecorator$AroundFilterObservation$SimpleAroundFilterObservation.lambda$wrap$1(ObservationFilterChainDecorator.java:351) ~[spring-security-web-6.5.6.jar:6.5.6]
	at org.springframework.security.web.ObservationFilterChainDecorator.lambda$wrapSecured$0(ObservationFilterChainDecorator.java:83) ~[spring-security-web-6.5.6.jar:6.5.6]
	at org.springframework.security.web.ObservationFilterChainDecorator$VirtualFilterChain.doFilter(ObservationFilterChainDecorator.java:129) ~[spring-security-web-6.5.6.jar:6.5.6]
	at org.springframework.security.web.access.intercept.AuthorizationFilter.doFilter(AuthorizationFilter.java:101) ~[spring-security-web-6.5.6.jar:6.5.6]
	at org.springframework.security.web.ObservationFilterChainDecorator$ObservationFilter.wrapFilter(ObservationFilterChainDecorator.java:241) ~[spring-security-web-6.5.6.jar:6.5.6]
	at org.springframework.security.web.ObservationFilterChainDecorator$ObservationFilter.doFilter(ObservationFilterChainDecorator.java:228) ~[spring-security-web-6.5.6.jar:6.5.6]
	at org.springframework.security.web.ObservationFilterChainDecorator$VirtualFilterChain.doFilter(ObservationFilterChainDecorator.java:138) ~[spring-security-web-6.5.6.jar:6.5.6]
	at org.springframework.security.web.access.ExceptionTranslationFilter.doFilter(ExceptionTranslationFilter.java:125) ~[spring-security-web-6.5.6.jar:6.5.6]
	at org.springframework.security.web.access.ExceptionTranslationFilter.doFilter(ExceptionTranslationFilter.java:119) ~[spring-security-web-6.5.6.jar:6.5.6]
	at org.springframework.security.web.ObservationFilterChainDecorator$ObservationFilter.wrapFilter(ObservationFilterChainDecorator.java:241) ~[spring-security-web-6.5.6.jar:6.5.6]
	at org.springframework.security.web.ObservationFilterChainDecorator$ObservationFilter.doFilter(ObservationFilterChainDecorator.java:228) ~[spring-security-web-6.5.6.jar:6.5.6]
	at org.springframework.security.web.ObservationFilterChainDecorator$VirtualFilterChain.doFilter(ObservationFilterChainDecorator.java:138) ~[spring-security-web-6.5.6.jar:6.5.6]
	at org.springframework.security.web.authentication.AnonymousAuthenticationFilter.doFilter(AnonymousAuthenticationFilter.java:100) ~[spring-security-web-6.5.6.jar:6.5.6]
	at org.springframework.security.web.ObservationFilterChainDecorator$ObservationFilter.wrapFilter(ObservationFilterChainDecorator.java:241) ~[spring-security-web-6.5.6.jar:6.5.6]
	at org.springframework.security.web.ObservationFilterChainDecorator$ObservationFilter.doFilter(ObservationFilterChainDecorator.java:228) ~[spring-security-web-6.5.6.jar:6.5.6]
	at org.springframework.security.web.ObservationFilterChainDecorator$VirtualFilterChain.doFilter(ObservationFilterChainDecorator.java:138) ~[spring-security-web-6.5.6.jar:6.5.6]
	at org.springframework.security.web.servletapi.SecurityContextHolderAwareRequestFilter.doFilter(SecurityContextHolderAwareRequestFilter.java:179) ~[spring-security-web-6.5.6.jar:6.5.6]
	at org.springframework.security.web.ObservationFilterChainDecorator$ObservationFilter.wrapFilter(ObservationFilterChainDecorator.java:241) ~[spring-security-web-6.5.6.jar:6.5.6]
	at org.springframework.security.web.ObservationFilterChainDecorator$ObservationFilter.doFilter(ObservationFilterChainDecorator.java:228) ~[spring-security-web-6.5.6.jar:6.5.6]
	at org.springframework.security.web.ObservationFilterChainDecorator$VirtualFilterChain.doFilter(ObservationFilterChainDecorator.java:138) ~[spring-security-web-6.5.6.jar:6.5.6]
	at org.springframework.security.web.savedrequest.RequestCacheAwareFilter.doFilter(RequestCacheAwareFilter.java:63) ~[spring-security-web-6.5.6.jar:6.5.6]
	at org.springframework.security.web.ObservationFilterChainDecorator$ObservationFilter.wrapFilter(ObservationFilterChainDecorator.java:241) ~[spring-security-web-6.5.6.jar:6.5.6]
	at org.springframework.security.web.ObservationFilterChainDecorator$ObservationFilter.doFilter(ObservationFilterChainDecorator.java:228) ~[spring-security-web-6.5.6.jar:6.5.6]
	at org.springframework.security.web.ObservationFilterChainDecorator$VirtualFilterChain.doFilter(ObservationFilterChainDecorator.java:138) ~[spring-security-web-6.5.6.jar:6.5.6]
	at org.springframework.security.web.authentication.logout.LogoutFilter.doFilter(LogoutFilter.java:107) ~[spring-security-web-6.5.6.jar:6.5.6]
	at org.springframework.security.web.authentication.logout.LogoutFilter.doFilter(LogoutFilter.java:93) ~[spring-security-web-6.5.6.jar:6.5.6]
	at org.springframework.security.web.ObservationFilterChainDecorator$ObservationFilter.wrapFilter(ObservationFilterChainDecorator.java:241) ~[spring-security-web-6.5.6.jar:6.5.6]
	at org.springframework.security.web.ObservationFilterChainDecorator$ObservationFilter.doFilter(ObservationFilterChainDecorator.java:228) ~[spring-security-web-6.5.6.jar:6.5.6]
	at org.springframework.security.web.ObservationFilterChainDecorator$VirtualFilterChain.doFilter(ObservationFilterChainDecorator.java:138) ~[spring-security-web-6.5.6.jar:6.5.6]
	at org.springframework.web.filter.CorsFilter.doFilterInternal(CorsFilter.java:91) ~[spring-web-6.2.12.jar:6.2.12]
	at org.springframework.web.filter.OncePerRequestFilter.doFilter(OncePerRequestFilter.java:116) ~[spring-web-6.2.12.jar:6.2.12]
	at org.springframework.security.web.ObservationFilterChainDecorator$ObservationFilter.wrapFilter(ObservationFilterChainDecorator.java:241) ~[spring-security-web-6.5.6.jar:6.5.6]
	at org.springframework.security.web.ObservationFilterChainDecorator$ObservationFilter.doFilter(ObservationFilterChainDecorator.java:228) ~[spring-security-web-6.5.6.jar:6.5.6]
	at org.springframework.security.web.ObservationFilterChainDecorator$VirtualFilterChain.doFilter(ObservationFilterChainDecorator.java:138) ~[spring-security-web-6.5.6.jar:6.5.6]
	at org.springframework.security.web.header.HeaderWriterFilter.doHeadersAfter(HeaderWriterFilter.java:90) ~[spring-security-web-6.5.6.jar:6.5.6]
	at org.springframework.security.web.header.HeaderWriterFilter.doFilterInternal(HeaderWriterFilter.java:75) ~[spring-security-web-6.5.6.jar:6.5.6]
	at org.springframework.web.filter.OncePerRequestFilter.doFilter(OncePerRequestFilter.java:116) ~[spring-web-6.2.12.jar:6.2.12]
	at org.springframework.security.web.ObservationFilterChainDecorator$ObservationFilter.wrapFilter(ObservationFilterChainDecorator.java:241) ~[spring-security-web-6.5.6.jar:6.5.6]
	at org.springframework.security.web.ObservationFilterChainDecorator$ObservationFilter.doFilter(ObservationFilterChainDecorator.java:228) ~[spring-security-web-6.5.6.jar:6.5.6]
	at org.springframework.security.web.ObservationFilterChainDecorator$VirtualFilterChain.doFilter(ObservationFilterChainDecorator.java:138) ~[spring-security-web-6.5.6.jar:6.5.6]
	at org.springframework.security.web.context.SecurityContextHolderFilter.doFilter(SecurityContextHolderFilter.java:82) ~[spring-security-web-6.5.6.jar:6.5.6]
	at org.springframework.security.web.context.SecurityContextHolderFilter.doFilter(SecurityContextHolderFilter.java:69) ~[spring-security-web-6.5.6.jar:6.5.6]
	at org.springframework.security.web.ObservationFilterChainDecorator$ObservationFilter.wrapFilter(ObservationFilterChainDecorator.java:241) ~[spring-security-web-6.5.6.jar:6.5.6]
	at org.springframework.security.web.ObservationFilterChainDecorator$ObservationFilter.doFilter(ObservationFilterChainDecorator.java:228) ~[spring-security-web-6.5.6.jar:6.5.6]
	at org.springframework.security.web.ObservationFilterChainDecorator$VirtualFilterChain.doFilter(ObservationFilterChainDecorator.java:138) ~[spring-security-web-6.5.6.jar:6.5.6]
	at org.springframework.security.web.context.request.async.WebAsyncManagerIntegrationFilter.doFilterInternal(WebAsyncManagerIntegrationFilter.java:62) ~[spring-security-web-6.5.6.jar:6.5.6]
	at org.springframework.web.filter.OncePerRequestFilter.doFilter(OncePerRequestFilter.java:116) ~[spring-web-6.2.12.jar:6.2.12]
	at org.springframework.security.web.ObservationFilterChainDecorator$ObservationFilter.wrapFilter(ObservationFilterChainDecorator.java:241) ~[spring-security-web-6.5.6.jar:6.5.6]
	at org.springframework.security.web.ObservationFilterChainDecorator$ObservationFilter.doFilter(ObservationFilterChainDecorator.java:228) ~[spring-security-web-6.5.6.jar:6.5.6]
	at org.springframework.security.web.ObservationFilterChainDecorator$VirtualFilterChain.doFilter(ObservationFilterChainDecorator.java:138) ~[spring-security-web-6.5.6.jar:6.5.6]
	at org.springframework.security.web.session.DisableEncodeUrlFilter.doFilterInternal(DisableEncodeUrlFilter.java:42) ~[spring-security-web-6.5.6.jar:6.5.6]
	at org.springframework.web.filter.OncePerRequestFilter.doFilter(OncePerRequestFilter.java:116) ~[spring-web-6.2.12.jar:6.2.12]
	at org.springframework.security.web.ObservationFilterChainDecorator$ObservationFilter.wrapFilter(ObservationFilterChainDecorator.java:241) ~[spring-security-web-6.5.6.jar:6.5.6]
	at org.springframework.security.web.ObservationFilterChainDecorator$AroundFilterObservation$SimpleAroundFilterObservation.lambda$wrap$0(ObservationFilterChainDecorator.java:334) ~[spring-security-web-6.5.6.jar:6.5.6]
	at org.springframework.security.web.ObservationFilterChainDecorator$ObservationFilter.doFilter(ObservationFilterChainDecorator.java:225) ~[spring-security-web-6.5.6.jar:6.5.6]
	at org.springframework.security.web.ObservationFilterChainDecorator$VirtualFilterChain.doFilter(ObservationFilterChainDecorator.java:138) ~[spring-security-web-6.5.6.jar:6.5.6]
	at org.springframework.security.web.FilterChainProxy.doFilterInternal(FilterChainProxy.java:233) ~[spring-security-web-6.5.6.jar:6.5.6]
	at org.springframework.security.web.FilterChainProxy.doFilter(FilterChainProxy.java:191) ~[spring-security-web-6.5.6.jar:6.5.6]
	at org.springframework.web.filter.CompositeFilter$VirtualFilterChain.doFilter(CompositeFilter.java:113) ~[spring-web-6.2.12.jar:6.2.12]
	at org.springframework.web.filter.ServletRequestPathFilter.doFilter(ServletRequestPathFilter.java:52) ~[spring-web-6.2.12.jar:6.2.12]
	at org.springframework.web.filter.CompositeFilter$VirtualFilterChain.doFilter(CompositeFilter.java:113) ~[spring-web-6.2.12.jar:6.2.12]
	at org.springframework.web.filter.CompositeFilter.doFilter(CompositeFilter.java:74) ~[spring-web-6.2.12.jar:6.2.12]
	at org.springframework.security.config.annotation.web.configuration.WebSecurityConfiguration$CompositeFilterChainProxy.doFilter(WebSecurityConfiguration.java:319) ~[spring-security-config-6.5.6.jar:6.5.6]
	at org.springframework.web.filter.CompositeFilter$VirtualFilterChain.doFilter(CompositeFilter.java:113) ~[spring-web-6.2.12.jar:6.2.12]
	at org.springframework.web.servlet.handler.HandlerMappingIntrospector.lambda$createCacheFilter$4(HandlerMappingIntrospector.java:267) ~[spring-webmvc-6.2.12.jar:6.2.12]
	at org.springframework.web.filter.CompositeFilter$VirtualFilterChain.doFilter(CompositeFilter.java:113) ~[spring-web-6.2.12.jar:6.2.12]
	at org.springframework.web.filter.CompositeFilter.doFilter(CompositeFilter.java:74) ~[spring-web-6.2.12.jar:6.2.12]
	at org.springframework.security.config.annotation.web.configuration.WebMvcSecurityConfiguration$CompositeFilterChainProxy.doFilter(WebMvcSecurityConfiguration.java:240) ~[spring-security-config-6.5.6.jar:6.5.6]
	at org.springframework.web.filter.DelegatingFilterProxy.invokeDelegate(DelegatingFilterProxy.java:362) ~[spring-web-6.2.12.jar:6.2.12]
	at org.springframework.web.filter.DelegatingFilterProxy.doFilter(DelegatingFilterProxy.java:278) ~[spring-web-6.2.12.jar:6.2.12]
	at org.apache.catalina.core.ApplicationFilterChain.internalDoFilter(ApplicationFilterChain.java:162) ~[tomcat-embed-core-10.1.48.jar:10.1.48]
	at org.apache.catalina.core.ApplicationFilterChain.doFilter(ApplicationFilterChain.java:138) ~[tomcat-embed-core-10.1.48.jar:10.1.48]
	at org.springframework.web.filter.RequestContextFilter.doFilterInternal(RequestContextFilter.java:100) ~[spring-web-6.2.12.jar:6.2.12]
	at org.springframework.web.filter.OncePerRequestFilter.doFilter(OncePerRequestFilter.java:116) ~[spring-web-6.2.12.jar:6.2.12]
	at org.apache.catalina.core.ApplicationFilterChain.internalDoFilter(ApplicationFilterChain.java:162) ~[tomcat-embed-core-10.1.48.jar:10.1.48]
	at org.apache.catalina.core.ApplicationFilterChain.doFilter(ApplicationFilterChain.java:138) ~[tomcat-embed-core-10.1.48.jar:10.1.48]
	at org.springframework.web.filter.FormContentFilter.doFilterInternal(FormContentFilter.java:93) ~[spring-web-6.2.12.jar:6.2.12]
	at org.springframework.web.filter.OncePerRequestFilter.doFilter(OncePerRequestFilter.java:116) ~[spring-web-6.2.12.jar:6.2.12]
	at org.apache.catalina.core.ApplicationFilterChain.internalDoFilter(ApplicationFilterChain.java:162) ~[tomcat-embed-core-10.1.48.jar:10.1.48]
	at org.apache.catalina.core.ApplicationFilterChain.doFilter(ApplicationFilterChain.java:138) ~[tomcat-embed-core-10.1.48.jar:10.1.48]
	at org.springframework.web.filter.ServerHttpObservationFilter.doFilterInternal(ServerHttpObservationFilter.java:110) ~[spring-web-6.2.12.jar:6.2.12]
	at org.springframework.web.filter.OncePerRequestFilter.doFilter(OncePerRequestFilter.java:116) ~[spring-web-6.2.12.jar:6.2.12]
	at org.apache.catalina.core.ApplicationFilterChain.internalDoFilter(ApplicationFilterChain.java:162) ~[tomcat-embed-core-10.1.48.jar:10.1.48]
	at org.apache.catalina.core.ApplicationFilterChain.doFilter(ApplicationFilterChain.java:138) ~[tomcat-embed-core-10.1.48.jar:10.1.48]
	at org.springframework.web.filter.CharacterEncodingFilter.doFilterInternal(CharacterEncodingFilter.java:201) ~[spring-web-6.2.12.jar:6.2.12]
	at org.springframework.web.filter.OncePerRequestFilter.doFilter(OncePerRequestFilter.java:116) ~[spring-web-6.2.12.jar:6.2.12]
	at org.apache.catalina.core.ApplicationFilterChain.internalDoFilter(ApplicationFilterChain.java:162) ~[tomcat-embed-core-10.1.48.jar:10.1.48]
	at org.apache.catalina.core.ApplicationFilterChain.doFilter(ApplicationFilterChain.java:138) ~[tomcat-embed-core-10.1.48.jar:10.1.48]
	at org.apache.catalina.core.StandardWrapperValve.invoke(StandardWrapperValve.java:165) ~[tomcat-embed-core-10.1.48.jar:10.1.48]
	at org.apache.catalina.core.StandardContextValve.invoke(StandardContextValve.java:88) ~[tomcat-embed-core-10.1.48.jar:10.1.48]
	at org.apache.catalina.authenticator.AuthenticatorBase.invoke(AuthenticatorBase.java:482) ~[tomcat-embed-core-10.1.48.jar:10.1.48]
	at org.apache.catalina.core.StandardHostValve.invoke(StandardHostValve.java:113) ~[tomcat-embed-core-10.1.48.jar:10.1.48]
	at org.apache.catalina.valves.ErrorReportValve.invoke(ErrorReportValve.java:83) ~[tomcat-embed-core-10.1.48.jar:10.1.48]
	at org.apache.catalina.core.StandardEngineValve.invoke(StandardEngineValve.java:72) ~[tomcat-embed-core-10.1.48.jar:10.1.48]
	at org.apache.catalina.connector.CoyoteAdapter.service(CoyoteAdapter.java:342) ~[tomcat-embed-core-10.1.48.jar:10.1.48]
	at org.apache.coyote.http11.Http11Processor.service(Http11Processor.java:399) ~[tomcat-embed-core-10.1.48.jar:10.1.48]
	at org.apache.coyote.AbstractProcessorLight.process(AbstractProcessorLight.java:63) ~[tomcat-embed-core-10.1.48.jar:10.1.48]
	at org.apache.coyote.AbstractProtocol$ConnectionHandler.process(AbstractProtocol.java:903) ~[tomcat-embed-core-10.1.48.jar:10.1.48]
	at org.apache.tomcat.util.net.NioEndpoint$SocketProcessor.doRun(NioEndpoint.java:1774) ~[tomcat-embed-core-10.1.48.jar:10.1.48]
	at org.apache.tomcat.util.net.SocketProcessorBase.run(SocketProcessorBase.java:52) ~[tomcat-embed-core-10.1.48.jar:10.1.48]
	at org.apache.tomcat.util.threads.ThreadPoolExecutor.runWorker(ThreadPoolExecutor.java:973) ~[tomcat-embed-core-10.1.48.jar:10.1.48]
	at org.apache.tomcat.util.threads.ThreadPoolExecutor$Worker.run(ThreadPoolExecutor.java:491) ~[tomcat-embed-core-10.1.48.jar:10.1.48]
	at org.apache.tomcat.util.threads.TaskThread$WrappingRunnable.run(TaskThread.java:63) ~[tomcat-embed-core-10.1.48.jar:10.1.48]
	at java.base/java.lang.Thread.run(Thread.java:1474) ~[na:na]

2025-11-10T11:50:16.330-05:00  INFO 67390 --- [reservation] [http-nio-8080-exec-4] c.a.r.external.FlightOffersService       : Amadeus GET /v2/shopping/flight-offers?originLocationCode=JFK&destinationLocationCode=LAX&departureDate=2025-11-13&adults=1&nonStop=true&max=20&currencyCode=USD&travelClass=ECONOMY
2025-11-10T12:00:26.874-05:00 DEBUG 67390 --- [reservation] [http-nio-8080-exec-6] org.hibernate.SQL                        : 
    select
        a1_0.id,
        a1_0.city,
        a1_0.code,
        a1_0.country,
        a1_0.name 
    from
        airports a1_0
2025-11-10T12:03:07.393-05:00 DEBUG 67390 --- [reservation] [http-nio-8080-exec-8] org.hibernate.SQL                        : 
    select
        a1_0.id,
        a1_0.city,
        a1_0.code,
        a1_0.country,
        a1_0.name 
    from
        airports a1_0
2025-11-10T12:04:28.772-05:00  WARN 67390 --- [reservation] [HikariPool-1:housekeeper] com.zaxxer.hikari.pool.HikariPool        : HikariPool-1 - Thread starvation or clock leap detected (housekeeper delta=4m3s938ms).
2025-11-10T12:05:55.967-05:00 DEBUG 67390 --- [reservation] [http-nio-8080-exec-10] org.hibernate.SQL                        : 
    select
        a1_0.id,
        a1_0.city,
        a1_0.code,
        a1_0.country,
        a1_0.name 
    from
        airports a1_0
2025-11-10T12:06:07.529-05:00  WARN 67390 --- [reservation] [HikariPool-1:housekeeper] com.zaxxer.hikari.pool.HikariPool        : HikariPool-1 - Thread starvation or clock leap detected (housekeeper delta=1m38s758ms).
2025-11-10T12:06:57.874-05:00 DEBUG 67390 --- [reservation] [http-nio-8080-exec-2] org.hibernate.SQL                        : 
    select
        a1_0.id,
        a1_0.city,
        a1_0.code,
        a1_0.country,
        a1_0.name 
    from
        airports a1_0
2025-11-10T12:07:03.585-05:00  WARN 67390 --- [reservation] [HikariPool-1:housekeeper] com.zaxxer.hikari.pool.HikariPool        : HikariPool-1 - Thread starvation or clock leap detected (housekeeper delta=56s56ms).
2025-11-10T12:31:56.155-05:00  WARN 67390 --- [reservation] [HikariPool-1:housekeeper] com.zaxxer.hikari.pool.HikariPool        : HikariPool-1 - Thread starvation or clock leap detected (housekeeper delta=1m52s420ms).
2025-11-10T12:49:41.598-05:00  WARN 67390 --- [reservation] [HikariPool-1:housekeeper] com.zaxxer.hikari.pool.HikariPool        : HikariPool-1 - Thread starvation or clock leap detected (housekeeper delta=17m45s443ms).
2025-11-10T13:06:18.195-05:00  WARN 67390 --- [reservation] [HikariPool-1:housekeeper] com.zaxxer.hikari.pool.HikariPool        : HikariPool-1 - Thread starvation or clock leap detected (housekeeper delta=16m36s597ms).
2025-11-10T13:45:46.537-05:00  WARN 67390 --- [reservation] [HikariPool-1:housekeeper] com.zaxxer.hikari.pool.HikariPool        : HikariPool-1 - Thread starvation or clock leap detected (housekeeper delta=32m58s284ms).
2025-11-10T13:52:54.638-05:00  WARN 67390 --- [reservation] [HikariPool-1:housekeeper] com.zaxxer.hikari.pool.HikariPool        : HikariPool-1 - Thread starvation or clock leap detected (housekeeper delta=7m8s105ms).
2025-11-10T14:02:47.570-05:00  WARN 67390 --- [reservation] [HikariPool-1:housekeeper] com.zaxxer.hikari.pool.HikariPool        : HikariPool-1 - Thread starvation or clock leap detected (housekeeper delta=6m22s897ms).
2025-11-10T14:10:09.376-05:00  WARN 67390 --- [reservation] [HikariPool-1:housekeeper] com.zaxxer.hikari.pool.HikariPool        : HikariPool-1 - Thread starvation or clock leap detected (housekeeper delta=4m51s788ms).
2025-11-10T15:09:28.152-05:00  WARN 67390 --- [reservation] [HikariPool-1:housekeeper] com.zaxxer.hikari.pool.HikariPool        : HikariPool-1 - Thread starvation or clock leap detected (housekeeper delta=2m18s343ms).
2025-11-10T15:16:06.535-05:00  WARN 67390 --- [reservation] [HikariPool-1:housekeeper] com.zaxxer.hikari.pool.HikariPool        : HikariPool-1 - Thread starvation or clock leap detected (housekeeper delta=6m38s386ms).
2025-11-10T15:25:06.100-05:00  WARN 67390 --- [reservation] [HikariPool-1:housekeeper] com.zaxxer.hikari.pool.HikariPool        : HikariPool-1 - Thread starvation or clock leap detected (housekeeper delta=59s514ms).
2025-11-10T15:26:11.089-05:00 DEBUG 67390 --- [reservation] [http-nio-8080-exec-4] org.hibernate.SQL                        : 
    select
        a1_0.id,
        a1_0.city,
        a1_0.code,
        a1_0.country,
        a1_0.name 
    from
        airports a1_0
2025-11-10T15:33:35.128-05:00 DEBUG 67390 --- [reservation] [http-nio-8080-exec-6] org.hibernate.SQL                        : 
    select
        a1_0.id,
        a1_0.city,
        a1_0.code,
        a1_0.country,
        a1_0.name 
    from
        airports a1_0
2025-11-10T15:57:28.923-05:00 DEBUG 67390 --- [reservation] [http-nio-8080-exec-8] org.hibernate.SQL                        : 
    select
        a1_0.id,
        a1_0.city,
        a1_0.code,
        a1_0.country,
        a1_0.name 
    from
        airports a1_0
2025-11-10T15:57:30.224-05:00  WARN 67390 --- [reservation] [HikariPool-1:housekeeper] com.zaxxer.hikari.pool.HikariPool        : HikariPool-1 - Thread starvation or clock leap detected (housekeeper delta=23m54s62ms).
2025-11-10T16:22:50.692-05:00 DEBUG 67390 --- [reservation] [http-nio-8080-exec-10] org.hibernate.SQL                        : 
    select
        a1_0.id,
        a1_0.city,
        a1_0.code,
        a1_0.country,
        a1_0.name 
    from
        airports a1_0
2025-11-10T16:22:53.558-05:00 DEBUG 67390 --- [reservation] [http-nio-8080-exec-1] org.hibernate.SQL                        : 
    select
        a1_0.id,
        a1_0.city,
        a1_0.code,
        a1_0.country,
        a1_0.name 
    from
        airports a1_0
2025-11-10T16:23:00.072-05:00  INFO 67390 --- [reservation] [http-nio-8080-exec-2] c.a.r.external.FlightOffersService       : Amadeus GET /v2/shopping/flight-offers?originLocationCode=JFK&destinationLocationCode=LAX&departureDate=2025-11-25&adults=1&nonStop=true&max=20&currencyCode=USD&travelClass=ECONOMY
2025-11-10T16:25:44.379-05:00 DEBUG 67390 --- [reservation] [http-nio-8080-exec-4] org.hibernate.SQL                        : 
    select
        b1_0.id,
        b1_0.booking_date,
        b1_0.flight_id,
        b1_0.passenger_id,
        b1_0.seat_number,
        b1_0.status,
        b1_0.version 
    from
        bookings b1_0
2025-11-10T16:25:45.059-05:00 DEBUG 67390 --- [reservation] [http-nio-8080-exec-5] org.hibernate.SQL                        : 
    select
        f1_0.id,
        f1_0.arrival_time,
        f1_0.available_seats,
        f1_0.currency,
        f1_0.departure_time,
        f1_0.destination_id,
        f1_0.flight_number,
        f1_0.origin_id,
        f1_0.price,
        f1_0.total_seats 
    from
        flights f1_0 
    offset
        ? rows 
    fetch
        first ? rows only
2025-11-10T16:25:45.066-05:00 DEBUG 67390 --- [reservation] [http-nio-8080-exec-5] org.hibernate.SQL                        : 
    select
        a1_0.id,
        a1_0.city,
        a1_0.code,
        a1_0.country,
        a1_0.name 
    from
        airports a1_0 
    where
        a1_0.id=?
2025-11-10T16:25:45.070-05:00 DEBUG 67390 --- [reservation] [http-nio-8080-exec-5] org.hibernate.SQL                        : 
    select
        a1_0.id,
        a1_0.city,
        a1_0.code,
        a1_0.country,
        a1_0.name 
    from
        airports a1_0 
    where
        a1_0.id=?
2025-11-10T16:25:45.072-05:00 DEBUG 67390 --- [reservation] [http-nio-8080-exec-5] org.hibernate.SQL                        : 
    select
        a1_0.id,
        a1_0.city,
        a1_0.code,
        a1_0.country,
        a1_0.name 
    from
        airports a1_0 
    where
        a1_0.id=?
2025-11-10T16:25:46.338-05:00 DEBUG 67390 --- [reservation] [http-nio-8080-exec-6] org.hibernate.SQL                        : 
    select
        a1_0.id,
        a1_0.city,
        a1_0.code,
        a1_0.country,
        a1_0.name 
    from
        airports a1_0
2025-11-10T16:34:59.984-05:00  WARN 67390 --- [reservation] [HikariPool-1:housekeeper] com.zaxxer.hikari.pool.HikariPool        : HikariPool-1 - Retrograde clock change detected (housekeeper delta=29s502ms), soft-evicting connections from pool.
2025-11-10T16:35:41.922-05:00 DEBUG 67390 --- [reservation] [http-nio-8080-exec-8] org.hibernate.SQL                        : 
    select
        f1_0.id,
        f1_0.arrival_time,
        f1_0.available_seats,
        f1_0.currency,
        f1_0.departure_time,
        f1_0.destination_id,
        f1_0.flight_number,
        f1_0.origin_id,
        f1_0.price,
        f1_0.total_seats 
    from
        flights f1_0 
    offset
        ? rows 
    fetch
        first ? rows only
2025-11-10T16:35:41.933-05:00 DEBUG 67390 --- [reservation] [http-nio-8080-exec-8] org.hibernate.SQL                        : 
    select
        a1_0.id,
        a1_0.city,
        a1_0.code,
        a1_0.country,
        a1_0.name 
    from
        airports a1_0 
    where
        a1_0.id=?
2025-11-10T16:35:41.935-05:00 DEBUG 67390 --- [reservation] [http-nio-8080-exec-8] org.hibernate.SQL                        : 
    select
        a1_0.id,
        a1_0.city,
        a1_0.code,
        a1_0.country,
        a1_0.name 
    from
        airports a1_0 
    where
        a1_0.id=?
2025-11-10T16:35:41.936-05:00 DEBUG 67390 --- [reservation] [http-nio-8080-exec-8] org.hibernate.SQL                        : 
    select
        a1_0.id,
        a1_0.city,
        a1_0.code,
        a1_0.country,
        a1_0.name 
    from
        airports a1_0 
    where
        a1_0.id=?
2025-11-10T16:36:42.953-05:00 DEBUG 67390 --- [reservation] [http-nio-8080-exec-10] org.hibernate.SQL                        : 
    select
        f1_0.id,
        f1_0.arrival_time,
        f1_0.available_seats,
        f1_0.currency,
        f1_0.departure_time,
        f1_0.destination_id,
        f1_0.flight_number,
        f1_0.origin_id,
        f1_0.price,
        f1_0.total_seats 
    from
        flights f1_0 
    offset
        ? rows 
    fetch
        first ? rows only
2025-11-10T16:36:42.958-05:00 DEBUG 67390 --- [reservation] [http-nio-8080-exec-10] org.hibernate.SQL                        : 
    select
        a1_0.id,
        a1_0.city,
        a1_0.code,
        a1_0.country,
        a1_0.name 
    from
        airports a1_0 
    where
        a1_0.id=?
2025-11-10T16:36:42.960-05:00 DEBUG 67390 --- [reservation] [http-nio-8080-exec-10] org.hibernate.SQL                        : 
    select
        a1_0.id,
        a1_0.city,
        a1_0.code,
        a1_0.country,
        a1_0.name 
    from
        airports a1_0 
    where
        a1_0.id=?
2025-11-10T16:36:42.962-05:00 DEBUG 67390 --- [reservation] [http-nio-8080-exec-10] org.hibernate.SQL                        : 
    select
        a1_0.id,
        a1_0.city,
        a1_0.code,
        a1_0.country,
        a1_0.name 
    from
        airports a1_0 
    where
        a1_0.id=?
2025-11-10T16:37:35.650-05:00  WARN 67390 --- [reservation] [HikariPool-1:housekeeper] com.zaxxer.hikari.pool.HikariPool        : HikariPool-1 - Thread starvation or clock leap detected (housekeeper delta=2m5s645ms).
2025-11-10T16:39:19.096-05:00 DEBUG 67390 --- [reservation] [http-nio-8080-exec-2] org.hibernate.SQL                        : 
    select
        f1_0.id,
        f1_0.arrival_time,
        f1_0.available_seats,
        f1_0.currency,
        f1_0.departure_time,
        f1_0.destination_id,
        f1_0.flight_number,
        f1_0.origin_id,
        f1_0.price,
        f1_0.total_seats 
    from
        flights f1_0 
    offset
        ? rows 
    fetch
        first ? rows only
2025-11-10T16:39:19.105-05:00 DEBUG 67390 --- [reservation] [http-nio-8080-exec-2] org.hibernate.SQL                        : 
    select
        a1_0.id,
        a1_0.city,
        a1_0.code,
        a1_0.country,
        a1_0.name 
    from
        airports a1_0 
    where
        a1_0.id=?
2025-11-10T16:39:19.108-05:00 DEBUG 67390 --- [reservation] [http-nio-8080-exec-2] org.hibernate.SQL                        : 
    select
        a1_0.id,
        a1_0.city,
        a1_0.code,
        a1_0.country,
        a1_0.name 
    from
        airports a1_0 
    where
        a1_0.id=?
2025-11-10T16:39:19.109-05:00 DEBUG 67390 --- [reservation] [http-nio-8080-exec-2] org.hibernate.SQL                        : 
    select
        a1_0.id,
        a1_0.city,
        a1_0.code,
        a1_0.country,
        a1_0.name 
    from
        airports a1_0 
    where
        a1_0.id=?
2025-11-10T16:39:30.312-05:00  WARN 67390 --- [reservation] [HikariPool-1:housekeeper] com.zaxxer.hikari.pool.HikariPool        : HikariPool-1 - Thread starvation or clock leap detected (housekeeper delta=1m54s662ms).
2025-11-10T16:53:27.253-05:00 DEBUG 67390 --- [reservation] [http-nio-8080-exec-4] org.hibernate.SQL                        : 
    select
        f1_0.id,
        f1_0.arrival_time,
        f1_0.available_seats,
        f1_0.currency,
        f1_0.departure_time,
        f1_0.destination_id,
        f1_0.flight_number,
        f1_0.origin_id,
        f1_0.price,
        f1_0.total_seats 
    from
        flights f1_0 
    offset
        ? rows 
    fetch
        first ? rows only
2025-11-10T16:53:27.265-05:00 DEBUG 67390 --- [reservation] [http-nio-8080-exec-4] org.hibernate.SQL                        : 
    select
        a1_0.id,
        a1_0.city,
        a1_0.code,
        a1_0.country,
        a1_0.name 
    from
        airports a1_0 
    where
        a1_0.id=?
2025-11-10T16:53:27.267-05:00 DEBUG 67390 --- [reservation] [http-nio-8080-exec-4] org.hibernate.SQL                        : 
    select
        a1_0.id,
        a1_0.city,
        a1_0.code,
        a1_0.country,
        a1_0.name 
    from
        airports a1_0 
    where
        a1_0.id=?
2025-11-10T16:53:27.268-05:00 DEBUG 67390 --- [reservation] [http-nio-8080-exec-4] org.hibernate.SQL                        : 
    select
        a1_0.id,
        a1_0.city,
        a1_0.code,
        a1_0.country,
        a1_0.name 
    from
        airports a1_0 
    where
        a1_0.id=?
2025-11-10T17:06:17.183-05:00  WARN 67390 --- [reservation] [HikariPool-1:housekeeper] com.zaxxer.hikari.pool.HikariPool        : HikariPool-1 - Thread starvation or clock leap detected (housekeeper delta=12m46s775ms).
2025-11-10T17:23:19.484-05:00 DEBUG 67390 --- [reservation] [http-nio-8080-exec-6] org.hibernate.SQL                        : 
    select
        f1_0.id,
        f1_0.arrival_time,
        f1_0.available_seats,
        f1_0.currency,
        f1_0.departure_time,
        f1_0.destination_id,
        f1_0.flight_number,
        f1_0.origin_id,
        f1_0.price,
        f1_0.total_seats 
    from
        flights f1_0 
    offset
        ? rows 
    fetch
        first ? rows only
2025-11-10T17:23:19.514-05:00 DEBUG 67390 --- [reservation] [http-nio-8080-exec-6] org.hibernate.SQL                        : 
    select
        a1_0.id,
        a1_0.city,
        a1_0.code,
        a1_0.country,
        a1_0.name 
    from
        airports a1_0 
    where
        a1_0.id=?
2025-11-10T17:23:19.519-05:00 DEBUG 67390 --- [reservation] [http-nio-8080-exec-6] org.hibernate.SQL                        : 
    select
        a1_0.id,
        a1_0.city,
        a1_0.code,
        a1_0.country,
        a1_0.name 
    from
        airports a1_0 
    where
        a1_0.id=?
2025-11-10T17:23:19.525-05:00 DEBUG 67390 --- [reservation] [http-nio-8080-exec-6] org.hibernate.SQL                        : 
    select
        a1_0.id,
        a1_0.city,
        a1_0.code,
        a1_0.country,
        a1_0.name 
    from
        airports a1_0 
    where
        a1_0.id=?
2025-11-10T17:23:23.053-05:00 DEBUG 67390 --- [reservation] [http-nio-8080-exec-7] org.hibernate.SQL                        : 
    select
        f1_0.id,
        f1_0.arrival_time,
        f1_0.available_seats,
        f1_0.currency,
        f1_0.departure_time,
        f1_0.destination_id,
        f1_0.flight_number,
        f1_0.origin_id,
        f1_0.price,
        f1_0.total_seats 
    from
        flights f1_0 
    offset
        ? rows 
    fetch
        first ? rows only
2025-11-10T17:23:23.057-05:00 DEBUG 67390 --- [reservation] [http-nio-8080-exec-7] org.hibernate.SQL                        : 
    select
        a1_0.id,
        a1_0.city,
        a1_0.code,
        a1_0.country,
        a1_0.name 
    from
        airports a1_0 
    where
        a1_0.id=?
2025-11-10T17:23:23.064-05:00 DEBUG 67390 --- [reservation] [http-nio-8080-exec-7] org.hibernate.SQL                        : 
    select
        a1_0.id,
        a1_0.city,
        a1_0.code,
        a1_0.country,
        a1_0.name 
    from
        airports a1_0 
    where
        a1_0.id=?
2025-11-10T17:23:23.075-05:00 DEBUG 67390 --- [reservation] [http-nio-8080-exec-7] org.hibernate.SQL                        : 
    select
        a1_0.id,
        a1_0.city,
        a1_0.code,
        a1_0.country,
        a1_0.name 
    from
        airports a1_0 
    where
        a1_0.id=?
2025-11-10T17:23:24.027-05:00 DEBUG 67390 --- [reservation] [http-nio-8080-exec-8] org.hibernate.SQL                        : 
    select
        a1_0.id,
        a1_0.city,
        a1_0.code,
        a1_0.country,
        a1_0.name 
    from
        airports a1_0
2025-11-10T17:23:38.499-05:00  INFO 67390 --- [reservation] [http-nio-8080-exec-9] c.a.r.external.FlightOffersService       : Amadeus GET /v2/shopping/flight-offers?originLocationCode=JFK&destinationLocationCode=LAX&departureDate=2025-11-18&adults=1&nonStop=true&max=40&currencyCode=USD&travelClass=ECONOMY
2025-11-10T17:24:00.206-05:00  INFO 67390 --- [reservation] [http-nio-8080-exec-10] c.a.r.external.FlightOffersService       : Amadeus GET /v2/shopping/flight-offers?originLocationCode=JFK&destinationLocationCode=LAX&departureDate=2025-11-19&adults=1&nonStop=true&max=40&currencyCode=USD&travelClass=ECONOMY
2025-11-10T17:24:09.379-05:00  INFO 67390 --- [reservation] [http-nio-8080-exec-1] c.a.r.external.FlightOffersService       : Amadeus GET /v2/shopping/flight-offers?originLocationCode=JFK&destinationLocationCode=LAX&departureDate=2025-11-29&adults=1&nonStop=true&max=40&currencyCode=USD&travelClass=ECONOMY
2025-11-10T17:24:15.867-05:00  INFO 67390 --- [reservation] [http-nio-8080-exec-2] c.a.r.external.FlightOffersService       : Amadeus GET /v2/shopping/flight-offers?originLocationCode=JFK&destinationLocationCode=LAX&departureDate=2025-11-10&adults=1&nonStop=true&max=40&currencyCode=USD&travelClass=ECONOMY
2025-11-10T17:24:35.570-05:00 DEBUG 67390 --- [reservation] [http-nio-8080-exec-3] org.hibernate.SQL                        : 
    select
        f1_0.id,
        f1_0.arrival_time,
        f1_0.available_seats,
        f1_0.currency,
        f1_0.departure_time,
        f1_0.destination_id,
        f1_0.flight_number,
        f1_0.origin_id,
        f1_0.price,
        f1_0.total_seats 
    from
        flights f1_0 
    offset
        ? rows 
    fetch
        first ? rows only
2025-11-10T17:24:35.575-05:00 DEBUG 67390 --- [reservation] [http-nio-8080-exec-3] org.hibernate.SQL                        : 
    select
        a1_0.id,
        a1_0.city,
        a1_0.code,
        a1_0.country,
        a1_0.name 
    from
        airports a1_0 
    where
        a1_0.id=?
2025-11-10T17:24:35.576-05:00 DEBUG 67390 --- [reservation] [http-nio-8080-exec-3] org.hibernate.SQL                        : 
    select
        a1_0.id,
        a1_0.city,
        a1_0.code,
        a1_0.country,
        a1_0.name 
    from
        airports a1_0 
    where
        a1_0.id=?
2025-11-10T17:24:35.578-05:00 DEBUG 67390 --- [reservation] [http-nio-8080-exec-3] org.hibernate.SQL                        : 
    select
        a1_0.id,
        a1_0.city,
        a1_0.code,
        a1_0.country,
        a1_0.name 
    from
        airports a1_0 
    where
        a1_0.id=?
2025-11-10T17:24:36.167-05:00 DEBUG 67390 --- [reservation] [http-nio-8080-exec-4] org.hibernate.SQL                        : 
    select
        b1_0.id,
        b1_0.booking_date,
        b1_0.flight_id,
        b1_0.passenger_id,
        b1_0.seat_number,
        b1_0.status,
        b1_0.version 
    from
        bookings b1_0
2025-11-10T17:24:42.010-05:00 DEBUG 67390 --- [reservation] [http-nio-8080-exec-5] org.hibernate.SQL                        : 
    select
        a1_0.id,
        a1_0.city,
        a1_0.code,
        a1_0.country,
        a1_0.name 
    from
        airports a1_0
2025-11-10T17:26:02.090-05:00 DEBUG 67390 --- [reservation] [http-nio-8080-exec-7] org.hibernate.SQL                        : 
    select
        a1_0.id,
        a1_0.city,
        a1_0.code,
        a1_0.country,
        a1_0.name 
    from
        airports a1_0
2025-11-10T17:26:45.709-05:00 DEBUG 67390 --- [reservation] [http-nio-8080-exec-8] org.hibernate.SQL                        : 
    select
        p1_0.id,
        p1_0.created_at,
        p1_0.email,
        p1_0.first_name,
        p1_0.last_name,
        p1_0.passport_number 
    from
        passengers p1_0
2025-11-10T17:26:46.315-05:00 DEBUG 67390 --- [reservation] [http-nio-8080-exec-9] org.hibernate.SQL                        : 
    select
        b1_0.id,
        b1_0.booking_date,
        b1_0.flight_id,
        b1_0.passenger_id,
        b1_0.seat_number,
        b1_0.status,
        b1_0.version 
    from
        bookings b1_0
2025-11-10T17:26:46.821-05:00 DEBUG 67390 --- [reservation] [http-nio-8080-exec-10] org.hibernate.SQL                        : 
    select
        f1_0.id,
        f1_0.arrival_time,
        f1_0.available_seats,
        f1_0.currency,
        f1_0.departure_time,
        f1_0.destination_id,
        f1_0.flight_number,
        f1_0.origin_id,
        f1_0.price,
        f1_0.total_seats 
    from
        flights f1_0 
    offset
        ? rows 
    fetch
        first ? rows only
2025-11-10T17:26:46.825-05:00 DEBUG 67390 --- [reservation] [http-nio-8080-exec-10] org.hibernate.SQL                        : 
    select
        a1_0.id,
        a1_0.city,
        a1_0.code,
        a1_0.country,
        a1_0.name 
    from
        airports a1_0 
    where
        a1_0.id=?
2025-11-10T17:26:46.827-05:00 DEBUG 67390 --- [reservation] [http-nio-8080-exec-10] org.hibernate.SQL                        : 
    select
        a1_0.id,
        a1_0.city,
        a1_0.code,
        a1_0.country,
        a1_0.name 
    from
        airports a1_0 
    where
        a1_0.id=?
2025-11-10T17:26:46.829-05:00 DEBUG 67390 --- [reservation] [http-nio-8080-exec-10] org.hibernate.SQL                        : 
    select
        a1_0.id,
        a1_0.city,
        a1_0.code,
        a1_0.country,
        a1_0.name 
    from
        airports a1_0 
    where
        a1_0.id=?
2025-11-10T17:30:03.695-05:00 DEBUG 67390 --- [reservation] [http-nio-8080-exec-2] org.hibernate.SQL                        : 
    select
        f1_0.id,
        f1_0.arrival_time,
        f1_0.available_seats,
        f1_0.currency,
        f1_0.departure_time,
        f1_0.destination_id,
        f1_0.flight_number,
        f1_0.origin_id,
        f1_0.price,
        f1_0.total_seats 
    from
        flights f1_0 
    offset
        ? rows 
    fetch
        first ? rows only
2025-11-10T17:30:03.700-05:00 DEBUG 67390 --- [reservation] [http-nio-8080-exec-2] org.hibernate.SQL                        : 
    select
        a1_0.id,
        a1_0.city,
        a1_0.code,
        a1_0.country,
        a1_0.name 
    from
        airports a1_0 
    where
        a1_0.id=?
2025-11-10T17:30:03.701-05:00 DEBUG 67390 --- [reservation] [http-nio-8080-exec-2] org.hibernate.SQL                        : 
    select
        a1_0.id,
        a1_0.city,
        a1_0.code,
        a1_0.country,
        a1_0.name 
    from
        airports a1_0 
    where
        a1_0.id=?
2025-11-10T17:30:03.704-05:00 DEBUG 67390 --- [reservation] [http-nio-8080-exec-2] org.hibernate.SQL                        : 
    select
        a1_0.id,
        a1_0.city,
        a1_0.code,
        a1_0.country,
        a1_0.name 
    from
        airports a1_0 
    where
        a1_0.id=?
2025-11-10T17:30:34.293-05:00  WARN 67390 --- [reservation] [HikariPool-1:housekeeper] com.zaxxer.hikari.pool.HikariPool        : HikariPool-1 - Thread starvation or clock leap detected (housekeeper delta=46s624ms).
2025-11-10T17:43:24.289-05:00  INFO 67390 --- [reservation] [SpringApplicationShutdownHook] o.s.b.w.e.tomcat.GracefulShutdown        : Commencing graceful shutdown. Waiting for active requests to complete
2025-11-10T17:43:26.306-05:00  INFO 67390 --- [reservation] [tomcat-shutdown] o.s.b.w.e.tomcat.GracefulShutdown        : Graceful shutdown complete
2025-11-10T17:43:26.327-05:00  INFO 67390 --- [reservation] [SpringApplicationShutdownHook] j.LocalContainerEntityManagerFactoryBean : Closing JPA EntityManagerFactory for persistence unit 'default'
2025-11-10T17:43:26.336-05:00  INFO 67390 --- [reservation] [SpringApplicationShutdownHook] com.zaxxer.hikari.HikariDataSource       : HikariPool-1 - Shutdown initiated...
2025-11-10T17:43:26.337-05:00  INFO 67390 --- [reservation] [SpringApplicationShutdownHook] com.zaxxer.hikari.HikariDataSource       : HikariPool-1 - Shutdown completed.
2025-11-10T17:43:27.911-05:00  INFO 75719 --- [reservation] [main] c.a.reservation.ReservationApplication   : Starting ReservationApplication using Java 25 with PID 75719 (/Users/sodikjonismoilov/Documents/java_projects/reservation/target/classes started by sodikjonismoilov in /Users/sodikjonismoilov/Documents/java_projects/reservation)
2025-11-10T17:43:27.912-05:00  INFO 75719 --- [reservation] [main] c.a.reservation.ReservationApplication   : No active profile set, falling back to 1 default profile: "default"
2025-11-10T17:43:28.401-05:00  INFO 75719 --- [reservation] [main] .s.d.r.c.RepositoryConfigurationDelegate : Bootstrapping Spring Data JPA repositories in DEFAULT mode.
2025-11-10T17:43:28.430-05:00  INFO 75719 --- [reservation] [main] .s.d.r.c.RepositoryConfigurationDelegate : Finished Spring Data repository scanning in 23 ms. Found 4 JPA repository interfaces.
2025-11-10T17:43:28.701-05:00  INFO 75719 --- [reservation] [main] o.s.b.w.embedded.tomcat.TomcatWebServer  : Tomcat initialized with port 8080 (http)
2025-11-10T17:43:28.709-05:00  INFO 75719 --- [reservation] [main] o.apache.catalina.core.StandardService   : Starting service [Tomcat]
2025-11-10T17:43:28.709-05:00  INFO 75719 --- [reservation] [main] o.apache.catalina.core.StandardEngine    : Starting Servlet engine: [Apache Tomcat/10.1.48]
2025-11-10T17:43:28.730-05:00  INFO 75719 --- [reservation] [main] o.a.c.c.C.[Tomcat].[localhost].[/]       : Initializing Spring embedded WebApplicationContext
2025-11-10T17:43:28.730-05:00  INFO 75719 --- [reservation] [main] w.s.c.ServletWebServerApplicationContext : Root WebApplicationContext: initialization completed in 796 ms
2025-11-10T17:43:28.882-05:00  INFO 75719 --- [reservation] [main] o.hibernate.jpa.internal.util.LogHelper  : HHH000204: Processing PersistenceUnitInfo [name: default]
2025-11-10T17:43:28.914-05:00  INFO 75719 --- [reservation] [main] org.hibernate.Version                    : HHH000412: Hibernate ORM core version 6.6.33.Final
2025-11-10T17:43:28.934-05:00  INFO 75719 --- [reservation] [main] o.h.c.internal.RegionFactoryInitiator    : HHH000026: Second-level cache disabled
2025-11-10T17:43:29.076-05:00  INFO 75719 --- [reservation] [main] o.s.o.j.p.SpringPersistenceUnitInfo      : No LoadTimeWeaver setup: ignoring JPA class transformer
2025-11-10T17:43:29.091-05:00  INFO 75719 --- [reservation] [main] com.zaxxer.hikari.HikariDataSource       : HikariPool-1 - Starting...
2025-11-10T17:43:29.724-05:00  INFO 75719 --- [reservation] [main] com.zaxxer.hikari.pool.HikariPool        : HikariPool-1 - Added connection org.postgresql.jdbc.PgConnection@608f310a
2025-11-10T17:43:29.725-05:00  INFO 75719 --- [reservation] [main] com.zaxxer.hikari.HikariDataSource       : HikariPool-1 - Start completed.
2025-11-10T17:43:29.839-05:00  INFO 75719 --- [reservation] [main] org.hibernate.orm.connections.pooling    : HHH10001005: Database info:
	Database JDBC URL [Connecting through datasource 'HikariDataSource (HikariPool-1)']
	Database driver: undefined/unknown
	Database version: 17.5
	Autocommit mode: undefined/unknown
	Isolation level: undefined/unknown
	Minimum pool size: undefined/unknown
	Maximum pool size: undefined/unknown
2025-11-10T17:43:30.348-05:00  INFO 75719 --- [reservation] [main] o.h.e.t.j.p.i.JtaPlatformInitiator       : HHH000489: No JTA platform available (set 'hibernate.transaction.jta.platform' to enable JTA platform integration)
2025-11-10T17:43:30.434-05:00 DEBUG 75719 --- [reservation] [main] org.hibernate.SQL                        : create table airports (id bigint generated by default as identity, city varchar(255) not null, code varchar(5) not null, country varchar(255) not null, name varchar(255) not null, primary key (id))
2025-11-10T17:43:30.467-05:00 DEBUG 75719 --- [reservation] [main] org.hibernate.SQL                        : create table bookings (id bigint generated by default as identity, booking_date timestamp(6) with time zone not null, seat_number varchar(5) not null, status varchar(16) not null check (status in ('CONFIRMED','CANCELLED')), version bigint, flight_id bigint not null, passenger_id bigint not null, primary key (id))
2025-11-10T17:43:30.488-05:00 DEBUG 75719 --- [reservation] [main] org.hibernate.SQL                        : create table flights (id bigint generated by default as identity, arrival_time timestamp(6) not null, available_seats integer not null, currency varchar(3), departure_time timestamp(6) not null, flight_number varchar(10) not null, price numeric(10,2), total_seats integer not null, destination_id bigint not null, origin_id bigint not null, primary key (id))
2025-11-10T17:43:30.509-05:00 DEBUG 75719 --- [reservation] [main] org.hibernate.SQL                        : create table passengers (id bigint generated by default as identity, created_at timestamp(6) with time zone not null, email varchar(255) not null, first_name varchar(100) not null, last_name varchar(100) not null, passport_number varchar(30) not null, primary key (id))
2025-11-10T17:43:30.531-05:00 DEBUG 75719 --- [reservation] [main] org.hibernate.SQL                        : alter table if exists airports drop constraint if exists UK8x5wlokxte7yksdsllxtxbjf0
2025-11-10T17:43:30.547-05:00  WARN 75719 --- [reservation] [main] o.h.engine.jdbc.spi.SqlExceptionHelper   : SQL Warning Code: 0, SQLState: 00000
2025-11-10T17:43:30.548-05:00  WARN 75719 --- [reservation] [main] o.h.engine.jdbc.spi.SqlExceptionHelper   : constraint "uk8x5wlokxte7yksdsllxtxbjf0" of relation "airports" does not exist, skipping
2025-11-10T17:43:30.548-05:00 DEBUG 75719 --- [reservation] [main] org.hibernate.SQL                        : alter table if exists airports add constraint UK8x5wlokxte7yksdsllxtxbjf0 unique (code)
2025-11-10T17:43:30.566-05:00 DEBUG 75719 --- [reservation] [main] org.hibernate.SQL                        : create index idx_booking_flight on bookings (flight_id)
2025-11-10T17:43:30.585-05:00 DEBUG 75719 --- [reservation] [main] org.hibernate.SQL                        : create index idx_booking_passenger on bookings (passenger_id)
2025-11-10T17:43:30.603-05:00 DEBUG 75719 --- [reservation] [main] org.hibernate.SQL                        : create index idx_booking_status on bookings (status)
2025-11-10T17:43:30.622-05:00 DEBUG 75719 --- [reservation] [main] org.hibernate.SQL                        : alter table if exists bookings drop constraint if exists uk_booking_flight_seat
2025-11-10T17:43:30.639-05:00  WARN 75719 --- [reservation] [main] o.h.engine.jdbc.spi.SqlExceptionHelper   : SQL Warning Code: 0, SQLState: 00000
2025-11-10T17:43:30.640-05:00  WARN 75719 --- [reservation] [main] o.h.engine.jdbc.spi.SqlExceptionHelper   : constraint "uk_booking_flight_seat" of relation "bookings" does not exist, skipping
2025-11-10T17:43:30.640-05:00 DEBUG 75719 --- [reservation] [main] org.hibernate.SQL                        : alter table if exists bookings add constraint uk_booking_flight_seat unique (flight_id, seat_number)
2025-11-10T17:43:30.657-05:00 DEBUG 75719 --- [reservation] [main] org.hibernate.SQL                        : create index idx_flight_origin_dest_dep on flights (origin_id, destination_id, departure_time)
2025-11-10T17:43:30.676-05:00 DEBUG 75719 --- [reservation] [main] org.hibernate.SQL                        : alter table if exists flights drop constraint if exists uk_flight_number
2025-11-10T17:43:30.693-05:00  WARN 75719 --- [reservation] [main] o.h.engine.jdbc.spi.SqlExceptionHelper   : SQL Warning Code: 0, SQLState: 00000
2025-11-10T17:43:30.693-05:00  WARN 75719 --- [reservation] [main] o.h.engine.jdbc.spi.SqlExceptionHelper   : constraint "uk_flight_number" of relation "flights" does not exist, skipping
2025-11-10T17:43:30.693-05:00 DEBUG 75719 --- [reservation] [main] org.hibernate.SQL                        : alter table if exists flights add constraint uk_flight_number unique (flight_number)
2025-11-10T17:43:30.710-05:00 DEBUG 75719 --- [reservation] [main] org.hibernate.SQL                        : create index idx_passenger_lastname on passengers (last_name)
2025-11-10T17:43:30.728-05:00 DEBUG 75719 --- [reservation] [main] org.hibernate.SQL                        : create index idx_passenger_email on passengers (email)
2025-11-10T17:43:30.746-05:00 DEBUG 75719 --- [reservation] [main] org.hibernate.SQL                        : alter table if exists passengers drop constraint if exists uk_passenger_email
2025-11-10T17:43:30.762-05:00  WARN 75719 --- [reservation] [main] o.h.engine.jdbc.spi.SqlExceptionHelper   : SQL Warning Code: 0, SQLState: 00000
2025-11-10T17:43:30.762-05:00  WARN 75719 --- [reservation] [main] o.h.engine.jdbc.spi.SqlExceptionHelper   : constraint "uk_passenger_email" of relation "passengers" does not exist, skipping
2025-11-10T17:43:30.762-05:00 DEBUG 75719 --- [reservation] [main] org.hibernate.SQL                        : alter table if exists passengers add constraint uk_passenger_email unique (email)
2025-11-10T17:43:30.781-05:00 DEBUG 75719 --- [reservation] [main] org.hibernate.SQL                        : alter table if exists passengers drop constraint if exists uk_passenger_passport
2025-11-10T17:43:30.797-05:00  WARN 75719 --- [reservation] [main] o.h.engine.jdbc.spi.SqlExceptionHelper   : SQL Warning Code: 0, SQLState: 00000
2025-11-10T17:43:30.798-05:00  WARN 75719 --- [reservation] [main] o.h.engine.jdbc.spi.SqlExceptionHelper   : constraint "uk_passenger_passport" of relation "passengers" does not exist, skipping
2025-11-10T17:43:30.798-05:00 DEBUG 75719 --- [reservation] [main] org.hibernate.SQL                        : alter table if exists passengers add constraint uk_passenger_passport unique (passport_number)
2025-11-10T17:43:30.816-05:00 DEBUG 75719 --- [reservation] [main] org.hibernate.SQL                        : alter table if exists bookings add constraint fk_booking_flight foreign key (flight_id) references flights
2025-11-10T17:43:30.838-05:00 DEBUG 75719 --- [reservation] [main] org.hibernate.SQL                        : alter table if exists bookings add constraint fk_booking_passenger foreign key (passenger_id) references passengers
2025-11-10T17:43:30.855-05:00 DEBUG 75719 --- [reservation] [main] org.hibernate.SQL                        : alter table if exists flights add constraint fk_flight_destination_airport foreign key (destination_id) references airports
2025-11-10T17:43:30.873-05:00 DEBUG 75719 --- [reservation] [main] org.hibernate.SQL                        : alter table if exists flights add constraint fk_flight_origin_airport foreign key (origin_id) references airports
2025-11-10T17:43:30.892-05:00  INFO 75719 --- [reservation] [main] j.LocalContainerEntityManagerFactoryBean : Initialized JPA EntityManagerFactory for persistence unit 'default'
2025-11-10T17:43:31.228-05:00  WARN 75719 --- [reservation] [main] JpaBaseConfiguration$JpaWebConfiguration : spring.jpa.open-in-view is enabled by default. Therefore, database queries may be performed during view rendering. Explicitly configure spring.jpa.open-in-view to disable this warning
2025-11-10T17:43:31.251-05:00  WARN 75719 --- [reservation] [main] .s.s.UserDetailsServiceAutoConfiguration : 

Using generated security password: b7bcfeb7-50f9-47bb-aac4-889109400415

This generated password is for development use only. Your security configuration must be updated before running your application in production.

2025-11-10T17:43:31.255-05:00  INFO 75719 --- [reservation] [main] r$InitializeUserDetailsManagerConfigurer : Global AuthenticationManager configured with UserDetailsService bean with name inMemoryUserDetailsManager
2025-11-10T17:43:31.479-05:00  INFO 75719 --- [reservation] [main] o.s.b.a.e.web.EndpointLinksResolver      : Exposing 1 endpoint beneath base path '/actuator'
2025-11-10T17:43:31.713-05:00  INFO 75719 --- [reservation] [main] o.s.b.w.embedded.tomcat.TomcatWebServer  : Tomcat started on port 8080 (http) with context path '/'
2025-11-10T17:43:31.725-05:00  INFO 75719 --- [reservation] [main] c.a.reservation.ReservationApplication   : Started ReservationApplication in 4.016 seconds (process running for 4.422)
2025-11-10T17:43:32.152-05:00  INFO 75719 --- [reservation] [RMI TCP Connection(4)-127.0.0.1] o.a.c.c.C.[Tomcat].[localhost].[/]       : Initializing Spring DispatcherServlet 'dispatcherServlet'
2025-11-10T17:43:32.153-05:00  INFO 75719 --- [reservation] [RMI TCP Connection(4)-127.0.0.1] o.s.web.servlet.DispatcherServlet        : Initializing Servlet 'dispatcherServlet'
2025-11-10T17:43:32.154-05:00  INFO 75719 --- [reservation] [RMI TCP Connection(4)-127.0.0.1] o.s.web.servlet.DispatcherServlet        : Completed initialization in 0 ms
2025-11-10T17:43:44.504-05:00  INFO 75719 --- [reservation] [SpringApplicationShutdownHook] o.s.b.w.e.tomcat.GracefulShutdown        : Commencing graceful shutdown. Waiting for active requests to complete
2025-11-10T17:43:46.514-05:00  INFO 75719 --- [reservation] [tomcat-shutdown] o.s.b.w.e.tomcat.GracefulShutdown        : Graceful shutdown complete
2025-11-10T17:43:46.525-05:00  INFO 75719 --- [reservation] [SpringApplicationShutdownHook] j.LocalContainerEntityManagerFactoryBean : Closing JPA EntityManagerFactory for persistence unit 'default'
2025-11-10T17:43:46.527-05:00  INFO 75719 --- [reservation] [SpringApplicationShutdownHook] com.zaxxer.hikari.HikariDataSource       : HikariPool-1 - Shutdown initiated...
2025-11-10T17:43:46.704-05:00  INFO 75719 --- [reservation] [SpringApplicationShutdownHook] com.zaxxer.hikari.HikariDataSource       : HikariPool-1 - Shutdown completed.
2025-11-10T17:44:07.139-05:00  INFO 75885 --- [reservation] [main] c.a.reservation.ReservationApplication   : Starting ReservationApplication using Java 25 with PID 75885 (/Users/sodikjonismoilov/Documents/java_projects/reservation/target/classes started by sodikjonismoilov in /Users/sodikjonismoilov/Documents/java_projects/reservation)
2025-11-10T17:44:07.140-05:00  INFO 75885 --- [reservation] [main] c.a.reservation.ReservationApplication   : No active profile set, falling back to 1 default profile: "default"
2025-11-10T17:44:07.560-05:00  INFO 75885 --- [reservation] [main] .s.d.r.c.RepositoryConfigurationDelegate : Bootstrapping Spring Data JPA repositories in DEFAULT mode.
2025-11-10T17:44:07.591-05:00  INFO 75885 --- [reservation] [main] .s.d.r.c.RepositoryConfigurationDelegate : Finished Spring Data repository scanning in 25 ms. Found 4 JPA repository interfaces.
2025-11-10T17:44:07.873-05:00  INFO 75885 --- [reservation] [main] o.s.b.w.embedded.tomcat.TomcatWebServer  : Tomcat initialized with port 8080 (http)
2025-11-10T17:44:07.881-05:00  INFO 75885 --- [reservation] [main] o.apache.catalina.core.StandardService   : Starting service [Tomcat]
2025-11-10T17:44:07.881-05:00  INFO 75885 --- [reservation] [main] o.apache.catalina.core.StandardEngine    : Starting Servlet engine: [Apache Tomcat/10.1.48]
2025-11-10T17:44:07.909-05:00  INFO 75885 --- [reservation] [main] o.a.c.c.C.[Tomcat].[localhost].[/]       : Initializing Spring embedded WebApplicationContext
2025-11-10T17:44:07.910-05:00  INFO 75885 --- [reservation] [main] w.s.c.ServletWebServerApplicationContext : Root WebApplicationContext: initialization completed in 743 ms
2025-11-10T17:44:08.059-05:00  INFO 75885 --- [reservation] [main] o.hibernate.jpa.internal.util.LogHelper  : HHH000204: Processing PersistenceUnitInfo [name: default]
2025-11-10T17:44:08.091-05:00  INFO 75885 --- [reservation] [main] org.hibernate.Version                    : HHH000412: Hibernate ORM core version 6.6.33.Final
2025-11-10T17:44:08.112-05:00  INFO 75885 --- [reservation] [main] o.h.c.internal.RegionFactoryInitiator    : HHH000026: Second-level cache disabled
2025-11-10T17:44:08.265-05:00  INFO 75885 --- [reservation] [main] o.s.o.j.p.SpringPersistenceUnitInfo      : No LoadTimeWeaver setup: ignoring JPA class transformer
2025-11-10T17:44:08.281-05:00  INFO 75885 --- [reservation] [main] com.zaxxer.hikari.HikariDataSource       : HikariPool-1 - Starting...
2025-11-10T17:44:08.610-05:00  INFO 75885 --- [reservation] [main] com.zaxxer.hikari.pool.HikariPool        : HikariPool-1 - Added connection org.postgresql.jdbc.PgConnection@1bd59b82
2025-11-10T17:44:08.611-05:00  INFO 75885 --- [reservation] [main] com.zaxxer.hikari.HikariDataSource       : HikariPool-1 - Start completed.
2025-11-10T17:44:08.712-05:00  INFO 75885 --- [reservation] [main] org.hibernate.orm.connections.pooling    : HHH10001005: Database info:
	Database JDBC URL [Connecting through datasource 'HikariDataSource (HikariPool-1)']
	Database driver: undefined/unknown
	Database version: 17.5
	Autocommit mode: undefined/unknown
	Isolation level: undefined/unknown
	Minimum pool size: undefined/unknown
	Maximum pool size: undefined/unknown
2025-11-10T17:44:09.168-05:00  INFO 75885 --- [reservation] [main] o.h.e.t.j.p.i.JtaPlatformInitiator       : HHH000489: No JTA platform available (set 'hibernate.transaction.jta.platform' to enable JTA platform integration)
2025-11-10T17:44:09.565-05:00  INFO 75885 --- [reservation] [main] j.LocalContainerEntityManagerFactoryBean : Initialized JPA EntityManagerFactory for persistence unit 'default'
2025-11-10T17:44:09.842-05:00  WARN 75885 --- [reservation] [main] JpaBaseConfiguration$JpaWebConfiguration : spring.jpa.open-in-view is enabled by default. Therefore, database queries may be performed during view rendering. Explicitly configure spring.jpa.open-in-view to disable this warning
2025-11-10T17:44:09.865-05:00  WARN 75885 --- [reservation] [main] .s.s.UserDetailsServiceAutoConfiguration : 

Using generated security password: 9fe8fefd-afd6-4988-903a-b845bb9c64f8

This generated password is for development use only. Your security configuration must be updated before running your application in production.

2025-11-10T17:44:09.869-05:00  INFO 75885 --- [reservation] [main] r$InitializeUserDetailsManagerConfigurer : Global AuthenticationManager configured with UserDetailsService bean with name inMemoryUserDetailsManager
2025-11-10T17:44:10.048-05:00  INFO 75885 --- [reservation] [main] o.s.b.a.e.web.EndpointLinksResolver      : Exposing 1 endpoint beneath base path '/actuator'
2025-11-10T17:44:10.239-05:00  INFO 75885 --- [reservation] [main] o.s.b.w.embedded.tomcat.TomcatWebServer  : Tomcat started on port 8080 (http) with context path '/'
2025-11-10T17:44:10.249-05:00  INFO 75885 --- [reservation] [main] c.a.reservation.ReservationApplication   : Started ReservationApplication in 3.303 seconds (process running for 3.456)
2025-11-10T17:45:23.072-05:00  INFO 75885 --- [reservation] [http-nio-8080-exec-1] o.a.c.c.C.[Tomcat].[localhost].[/]       : Initializing Spring DispatcherServlet 'dispatcherServlet'
2025-11-10T17:45:23.073-05:00  INFO 75885 --- [reservation] [http-nio-8080-exec-1] o.s.web.servlet.DispatcherServlet        : Initializing Servlet 'dispatcherServlet'
2025-11-10T17:45:23.077-05:00  INFO 75885 --- [reservation] [http-nio-8080-exec-1] o.s.web.servlet.DispatcherServlet        : Completed initialization in 4 ms
2025-11-10T17:45:23.217-05:00 DEBUG 75885 --- [reservation] [http-nio-8080-exec-1] org.hibernate.SQL                        : select a1_0.id,a1_0.city,a1_0.code,a1_0.country,a1_0.name from airports a1_0
